============================================================
 Phosphogypsum Bot: Dedicated Paper Parser (MinerU)
 Job ID:       3550247
 Host Node:    n0534
 Partition:    9a14a (32 Cores, 128G RAM)
 Working Dir:  /scratch/tangsiqi/liyi_folder/oneLCA-TEA_Phosphogypsum
 Start Time:   Wed Sep 30 03:04:14 PM CST 2026
============================================================
 Total Raw PDFs:         72
 Already Parsed & Valid: 49
 Pending to Parse:       23
 Output Destination:     datahub/interim/papers/parsed/<paper_stem>/auto/<paper_stem>.md
============================================================
[1;31m2026-09-30 15:11:28.509361939 [E:onnxruntime:Default, env.cc:228 ThreadMain] pthread_setaffinity_np failed for thread: 4097903, index: 62, mask: {63, }, error code: 22 error msg: Invalid argument. Specify the number of threads explicitly so the affinity is not set.[m
[1;31m2026-09-30 15:11:28.508829666 [E:onnxruntime:Default, env.cc:228 ThreadMain] pthread_setaffinity_np failed for thread: 4097892, index: 51, mask: {36, }, error code: 22 error msg: Invalid argument. Specify the number of threads explicitly so the affinity is not set.[m
[1;31m2026-09-30 15:11:28.507979149 [E:onnxruntime:Default, env.cc:228 ThreadMain] pthread_setaffinity_np failed for thread: 4097872, index: 31, mask: {8, }, error code: 22 error msg: Invalid argument. Specify the number of threads explicitly so the affinity is not set.[m
[1;31m2026-09-30 15:11:28.508737138 [E:onnxruntime:Default, env.cc:228 ThreadMain] pthread_setaffinity_np failed for thread: 4097889, index: 48, mask: {33, }, error code: 22 error msg: Invalid argument. Specify the number of threads explicitly so the affinity is not set.[m
[1;31m2026-09-30 15:11:28.508788977 [E:onnxruntime:Default, env.cc:228 ThreadMain] pthread_setaffinity_np failed for thread: 4097891, index: 50, mask: {35, }, error code: 22 error msg: Invalid argument. Specify the number of threads explicitly so the affinity is not set.[m
[1;31m2026-09-30 15:11:28.507701373 [E:onnxruntime:Default, env.cc:228 ThreadMain] pthread_setaffinity_np failed for thread: 4097866, index: 25, mask: {50, }, error code: 22 error msg: Invalid argument. Specify the number of threads explicitly so the affinity is not set.[m
[1;31m2026-09-30 15:11:28.507420717 [E:onnxruntime:Default, env.cc:228 ThreadMain] pthread_setaffinity_np failed for thread: 4097863, index: 22, mask: {31, }, error code: 22 error msg: Invalid argument. Specify the number of threads explicitly so the affinity is not set.[m
[1;31m2026-09-30 15:11:28.507825321 [E:onnxruntime:Default, env.cc:228 ThreadMain] pthread_setaffinity_np failed for thread: 4097869, index: 28, mask: {53, }, error code: 22 error msg: Invalid argument. Specify the number of threads explicitly so the affinity is not set.[m
[1;31m2026-09-30 15:11:28.506787297 [E:onnxruntime:Default, env.cc:228 ThreadMain] pthread_setaffinity_np failed for thread: 4097845, index: 4, mask: {5, }, error code: 22 error msg: Invalid argument. Specify the number of threads explicitly so the affinity is not set.[m
[1;31m2026-09-30 15:11:28.507709573 [E:onnxruntime:Default, env.cc:228 ThreadMain] pthread_setaffinity_np failed for thread: 4097865, index: 24, mask: {49, }, error code: 22 error msg: Invalid argument. Specify the number of threads explicitly so the affinity is not set.[m
[1;31m2026-09-30 15:11:28.506791746 [E:onnxruntime:Default, env.cc:228 ThreadMain] pthread_setaffinity_np failed for thread: 4097847, index: 6, mask: {7, }, error code: 22 error msg: Invalid argument. Specify the number of threads explicitly so the affinity is not set.[m
[1;31m2026-09-30 15:11:28.508016178 [E:onnxruntime:Default, env.cc:228 ThreadMain] pthread_setaffinity_np failed for thread: 4097873, index: 32, mask: {9, }, error code: 22 error msg: Invalid argument. Specify the number of threads explicitly so the affinity is not set.[m
[1;31m2026-09-30 15:11:28.508683889 [E:onnxruntime:Default, env.cc:228 ThreadMain] pthread_setaffinity_np failed for thread: 4097888, index: 47, mask: {32, }, error code: 22 error msg: Invalid argument. Specify the number of threads explicitly so the affinity is not set.[m
[1;31m2026-09-30 15:11:28.508181166 [E:onnxruntime:Default, env.cc:228 ThreadMain] pthread_setaffinity_np failed for thread: 4097877, index: 36, mask: {13, }, error code: 22 error msg: Invalid argument. Specify the number of threads explicitly so the affinity is not set.[m
[1;31m2026-09-30 15:11:28.506895495 [E:onnxruntime:Default, env.cc:228 ThreadMain] pthread_setaffinity_np failed for thread: 4097846, index: 5, mask: {6, }, error code: 22 error msg: Invalid argument. Specify the number of threads explicitly so the affinity is not set.[m
[1;31m2026-09-30 15:11:28.508245385 [E:onnxruntime:Default, env.cc:228 ThreadMain] pthread_setaffinity_np failed for thread: 4097879, index: 38, mask: {15, }, error code: 22 error msg: Invalid argument. Specify the number of threads explicitly so the affinity is not set.[m
[1;31m2026-09-30 15:11:28.508863616 [E:onnxruntime:Default, env.cc:228 ThreadMain] pthread_setaffinity_np failed for thread: 4097893, index: 52, mask: {37, }, error code: 22 error msg: Invalid argument. Specify the number of threads explicitly so the affinity is not set.[m
[1;31m2026-09-30 15:11:28.509937720 [E:onnxruntime:Default, env.cc:228 ThreadMain] pthread_setaffinity_np failed for thread: 4097905, index: 64, mask: {17, }, error code: 22 error msg: Invalid argument. Specify the number of threads explicitly so the affinity is not set.[m
[1;31m2026-09-30 15:11:28.507339828 [E:onnxruntime:Default, env.cc:228 ThreadMain] pthread_setaffinity_np failed for thread: 4097861, index: 20, mask: {29, }, error code: 22 error msg: Invalid argument. Specify the number of threads explicitly so the affinity is not set.[m
[1;31m2026-09-30 15:11:28.511068553 [E:onnxruntime:Default, env.cc:228 ThreadMain] pthread_setaffinity_np failed for thread: 4097921, index: 80, mask: {41, }, error code: 22 error msg: Invalid argument. Specify the number of threads explicitly so the affinity is not set.[m
[1;31m2026-09-30 15:11:28.510336944 [E:onnxruntime:Default, env.cc:228 ThreadMain] pthread_setaffinity_np failed for thread: 4097907, index: 66, mask: {19, }, error code: 22 error msg: Invalid argument. Specify the number of threads explicitly so the affinity is not set.[m
[1;31m2026-09-30 15:11:28.510421363 [E:onnxruntime:Default, env.cc:228 ThreadMain] pthread_setaffinity_np failed for thread: 4097909, index: 68, mask: {21, }, error code: 22 error msg: Invalid argument. Specify the number of threads explicitly so the affinity is not set.[m
[1;31m2026-09-30 15:11:28.507182741 [E:onnxruntime:Default, env.cc:228 ThreadMain] pthread_setaffinity_np failed for thread: 4097858, index: 17, mask: {26, }, error code: 22 error msg: Invalid argument. Specify the number of threads explicitly so the affinity is not set.[m
[1;31m2026-09-30 15:11:28.507246300 [E:onnxruntime:Default, env.cc:228 ThreadMain] pthread_setaffinity_np failed for thread: 4097859, index: 18, mask: {27, }, error code: 22 error msg: Invalid argument. Specify the number of threads explicitly so the affinity is not set.[m
[1;31m2026-09-30 15:11:28.509909720 [E:onnxruntime:Default, env.cc:228 ThreadMain] pthread_setaffinity_np failed for thread: 4097904, index: 63, mask: {16, }, error code: 22 error msg: Invalid argument. Specify the number of threads explicitly so the affinity is not set.[m
[1;31m2026-09-30 15:11:28.510264785 [E:onnxruntime:Default, env.cc:228 ThreadMain] pthread_setaffinity_np failed for thread: 4097902, index: 61, mask: {62, }, error code: 22 error msg: Invalid argument. Specify the number of threads explicitly so the affinity is not set.[m
[1;31m2026-09-30 15:11:28.510221496 [E:onnxruntime:Default, env.cc:228 ThreadMain] pthread_setaffinity_np failed for thread: 4097906, index: 65, mask: {18, }, error code: 22 error msg: Invalid argument. Specify the number of threads explicitly so the affinity is not set.[m
[1;31m2026-09-30 15:11:28.508158796 [E:onnxruntime:Default, env.cc:228 ThreadMain] pthread_setaffinity_np failed for thread: 4097876, index: 35, mask: {12, }, error code: 22 error msg: Invalid argument. Specify the number of threads explicitly so the affinity is not set.[m
[1;31m2026-09-30 15:11:28.507647984 [E:onnxruntime:Default, env.cc:228 ThreadMain] pthread_setaffinity_np failed for thread: 4097864, index: 23, mask: {48, }, error code: 22 error msg: Invalid argument. Specify the number of threads explicitly so the affinity is not set.[m
[1;31m2026-09-30 15:11:28.510166577 [E:onnxruntime:Default, env.cc:228 ThreadMain] pthread_setaffinity_np failed for thread: 4097901, index: 60, mask: {61, }, error code: 22 error msg: Invalid argument. Specify the number of threads explicitly so the affinity is not set.[m
[1;31m2026-09-30 15:11:28.510478622 [E:onnxruntime:Default, env.cc:228 ThreadMain] pthread_setaffinity_np failed for thread: 4097911, index: 70, mask: {23, }, error code: 22 error msg: Invalid argument. Specify the number of threads explicitly so the affinity is not set.[m
[1;31m2026-09-30 15:11:28.541455205 [E:onnxruntime:Default, env.cc:228 ThreadMain] pthread_setaffinity_np failed for thread: 4097910, index: 69, mask: {22, }, error code: 22 error msg: Invalid argument. Specify the number of threads explicitly so the affinity is not set.[m
[1;31m2026-09-30 15:11:28.507502976 [E:onnxruntime:Default, env.cc:228 ThreadMain] pthread_setaffinity_np failed for thread: 4097862, index: 21, mask: {30, }, error code: 22 error msg: Invalid argument. Specify the number of threads explicitly so the affinity is not set.[m
[1;31m2026-09-30 15:11:28.508214415 [E:onnxruntime:Default, env.cc:228 ThreadMain] pthread_setaffinity_np failed for thread: 4097878, index: 37, mask: {14, }, error code: 22 error msg: Invalid argument. Specify the number of threads explicitly so the affinity is not set.[m
[1;31m2026-09-30 15:11:28.512462323 [E:onnxruntime:Default, env.cc:228 ThreadMain] pthread_setaffinity_np failed for thread: 4097928, index: 87, mask: {64, }, error code: 22 error msg: Invalid argument. Specify the number of threads explicitly so the affinity is not set.[m
[1;31m2026-09-30 15:11:28.509067513 [E:onnxruntime:Default, env.cc:228 ThreadMain] pthread_setaffinity_np failed for thread: 4097898, index: 57, mask: {58, }, error code: 22 error msg: Invalid argument. Specify the number of threads explicitly so the affinity is not set.[m
[1;31m2026-09-30 15:11:28.508101497 [E:onnxruntime:Default, env.cc:228 ThreadMain] pthread_setaffinity_np failed for thread: 4097875, index: 34, mask: {11, }, error code: 22 error msg: Invalid argument. Specify the number of threads explicitly so the affinity is not set.[m
[1;31m2026-09-30 15:11:28.507933280 [E:onnxruntime:Default, env.cc:228 ThreadMain] pthread_setaffinity_np failed for thread: 4097871, index: 30, mask: {55, }, error code: 22 error msg: Invalid argument. Specify the number of threads explicitly so the affinity is not set.[m
[1;31m2026-09-30 15:11:28.508054008 [E:onnxruntime:Default, env.cc:228 ThreadMain] pthread_setaffinity_np failed for thread: 4097874, index: 33, mask: {10, }, error code: 22 error msg: Invalid argument. Specify the number of threads explicitly so the affinity is not set.[m
[1;31m2026-09-30 15:11:28.506794006 [E:onnxruntime:Default, env.cc:228 ThreadMain] pthread_setaffinity_np failed for thread: 4097844, index: 3, mask: {4, }, error code: 22 error msg: Invalid argument. Specify the number of threads explicitly so the affinity is not set.[m
[1;31m2026-09-30 15:11:28.510835897 [E:onnxruntime:Default, env.cc:228 ThreadMain] pthread_setaffinity_np failed for thread: 4097908, index: 67, mask: {20, }, error code: 22 error msg: Invalid argument. Specify the number of threads explicitly so the affinity is not set.[m
[1;31m2026-09-30 15:11:28.506858815 [E:onnxruntime:Default, env.cc:228 ThreadMain] pthread_setaffinity_np failed for thread: 4097842, index: 1, mask: {2, }, error code: 22 error msg: Invalid argument. Specify the number of threads explicitly so the affinity is not set.[m
[1;31m2026-09-30 15:11:28.506793366 [E:onnxruntime:Default, env.cc:228 ThreadMain] pthread_setaffinity_np failed for thread: 4097841, index: 0, mask: {1, }, error code: 22 error msg: Invalid argument. Specify the number of threads explicitly so the affinity is not set.[m
[1;31m2026-09-30 15:11:28.563418341 [E:onnxruntime:Default, env.cc:228 ThreadMain] pthread_setaffinity_np failed for thread: 4097922, index: 81, mask: {42, }, error code: 22 error msg: Invalid argument. Specify the number of threads explicitly so the affinity is not set.[m
[1;31m2026-09-30 15:11:28.507295159 [E:onnxruntime:Default, env.cc:228 ThreadMain] pthread_setaffinity_np failed for thread: 4097860, index: 19, mask: {28, }, error code: 22 error msg: Invalid argument. Specify the number of threads explicitly so the affinity is not set.[m
[1;31m2026-09-30 15:11:28.508907305 [E:onnxruntime:Default, env.cc:228 ThreadMain] pthread_setaffinity_np failed for thread: 4097894, index: 53, mask: {38, }, error code: 22 error msg: Invalid argument. Specify the number of threads explicitly so the affinity is not set.[m
[1;31m2026-09-30 15:11:28.508751138 [E:onnxruntime:Default, env.cc:228 ThreadMain] pthread_setaffinity_np failed for thread: 4097890, index: 49, mask: {34, }, error code: 22 error msg: Invalid argument. Specify the number of threads explicitly so the affinity is not set.[m
[1;31m2026-09-30 15:11:28.507751992 [E:onnxruntime:Default, env.cc:228 ThreadMain] pthread_setaffinity_np failed for thread: 4097867, index: 26, mask: {51, }, error code: 22 error msg: Invalid argument. Specify the number of threads explicitly so the affinity is not set.[m
[1;31m2026-09-30 15:11:28.508984464 [E:onnxruntime:Default, env.cc:228 ThreadMain] pthread_setaffinity_np failed for thread: 4097896, index: 55, mask: {56, }, error code: 22 error msg: Invalid argument. Specify the number of threads explicitly so the affinity is not set.[m
[1;31m2026-09-30 15:11:28.507897750 [E:onnxruntime:Default, env.cc:228 ThreadMain] pthread_setaffinity_np failed for thread: 4097870, index: 29, mask: {54, }, error code: 22 error msg: Invalid argument. Specify the number of threads explicitly so the affinity is not set.[m
[1;31m2026-09-30 15:11:28.508942425 [E:onnxruntime:Default, env.cc:228 ThreadMain] pthread_setaffinity_np failed for thread: 4097895, index: 54, mask: {39, }, error code: 22 error msg: Invalid argument. Specify the number of threads explicitly so the affinity is not set.[m
[1;31m2026-09-30 15:11:28.509100122 [E:onnxruntime:Default, env.cc:228 ThreadMain] pthread_setaffinity_np failed for thread: 4097899, index: 58, mask: {59, }, error code: 22 error msg: Invalid argument. Specify the number of threads explicitly so the affinity is not set.[m
[1;31m2026-09-30 15:11:28.507108902 [E:onnxruntime:Default, env.cc:228 ThreadMain] pthread_setaffinity_np failed for thread: 4097856, index: 15, mask: {24, }, error code: 22 error msg: Invalid argument. Specify the number of threads explicitly so the affinity is not set.[m
[1;31m2026-09-30 15:11:28.576472828 [E:onnxruntime:Default, env.cc:228 ThreadMain] pthread_setaffinity_np failed for thread: 4097932, index: 91, mask: {68, }, error code: 22 error msg: Invalid argument. Specify the number of threads explicitly so the affinity is not set.[m
[1;31m2026-09-30 15:11:28.578228952 [E:onnxruntime:Default, env.cc:228 ThreadMain] pthread_setaffinity_np failed for thread: 4097936, index: 95, mask: {96, }, error code: 22 error msg: Invalid argument. Specify the number of threads explicitly so the affinity is not set.[m
[1;31m2026-09-30 15:11:28.578464219 [E:onnxruntime:Default, env.cc:228 ThreadMain] pthread_setaffinity_np failed for thread: 4097939, index: 98, mask: {99, }, error code: 22 error msg: Invalid argument. Specify the number of threads explicitly so the affinity is not set.[m
[1;31m2026-09-30 15:11:28.579416545 [E:onnxruntime:Default, env.cc:228 ThreadMain] pthread_setaffinity_np failed for thread: 4097940, index: 99, mask: {100, }, error code: 22 error msg: Invalid argument. Specify the number of threads explicitly so the affinity is not set.[m
[1;31m2026-09-30 15:11:28.579781539 [E:onnxruntime:Default, env.cc:228 ThreadMain] pthread_setaffinity_np failed for thread: 4097941, index: 100, mask: {101, }, error code: 22 error msg: Invalid argument. Specify the number of threads explicitly so the affinity is not set.[m
[1;31m2026-09-30 15:11:28.509016954 [E:onnxruntime:Default, env.cc:228 ThreadMain] pthread_setaffinity_np failed for thread: 4097897, index: 56, mask: {57, }, error code: 22 error msg: Invalid argument. Specify the number of threads explicitly so the affinity is not set.[m
[1;31m2026-09-30 15:11:28.585664852 [E:onnxruntime:Default, env.cc:228 ThreadMain] pthread_setaffinity_np failed for thread: 4097942, index: 101, mask: {102, }, error code: 22 error msg: Invalid argument. Specify the number of threads explicitly so the affinity is not set.[m
[1;31m2026-09-30 15:11:28.507796132 [E:onnxruntime:Default, env.cc:228 ThreadMain] pthread_setaffinity_np failed for thread: 4097868, index: 27, mask: {52, }, error code: 22 error msg: Invalid argument. Specify the number of threads explicitly so the affinity is not set.[m
[1;31m2026-09-30 15:11:28.506791836 [E:onnxruntime:Default, env.cc:228 ThreadMain] pthread_setaffinity_np failed for thread: 4097843, index: 2, mask: {3, }, error code: 22 error msg: Invalid argument. Specify the number of threads explicitly so the affinity is not set.[m
[1;31m2026-09-30 15:11:28.509141732 [E:onnxruntime:Default, env.cc:228 ThreadMain] pthread_setaffinity_np failed for thread: 4097900, index: 59, mask: {60, }, error code: 22 error msg: Invalid argument. Specify the number of threads explicitly so the affinity is not set.[m
[1;31m2026-09-30 15:11:28.507146951 [E:onnxruntime:Default, env.cc:228 ThreadMain] pthread_setaffinity_np failed for thread: 4097857, index: 16, mask: {25, }, error code: 22 error msg: Invalid argument. Specify the number of threads explicitly so the affinity is not set.[m
[1;31m2026-09-30 15:11:28.563551589 [E:onnxruntime:Default, env.cc:228 ThreadMain] pthread_setaffinity_np failed for thread: 4097926, index: 85, mask: {46, }, error code: 22 error msg: Invalid argument. Specify the number of threads explicitly so the affinity is not set.[m
[1;31m2026-09-30 15:11:28.550418643 [E:onnxruntime:Default, env.cc:228 ThreadMain] pthread_setaffinity_np failed for thread: 4097920, index: 79, mask: {40, }, error code: 22 error msg: Invalid argument. Specify the number of threads explicitly so the affinity is not set.[m
[1;31m2026-09-30 15:11:28.606629973 [E:onnxruntime:Default, env.cc:228 ThreadMain] pthread_setaffinity_np failed for thread: 4097955, index: 114, mask: {123, }, error code: 22 error msg: Invalid argument. Specify the number of threads explicitly so the affinity is not set.[m
[1;31m2026-09-30 15:11:28.607743206 [E:onnxruntime:Default, env.cc:228 ThreadMain] pthread_setaffinity_np failed for thread: 4097956, index: 115, mask: {124, }, error code: 22 error msg: Invalid argument. Specify the number of threads explicitly so the affinity is not set.[m
[1;31m2026-09-30 15:11:28.563519909 [E:onnxruntime:Default, env.cc:228 ThreadMain] pthread_setaffinity_np failed for thread: 4097925, index: 84, mask: {45, }, error code: 22 error msg: Invalid argument. Specify the number of threads explicitly so the affinity is not set.[m
[1;31m2026-09-30 15:11:28.576449608 [E:onnxruntime:Default, env.cc:228 ThreadMain] pthread_setaffinity_np failed for thread: 4097931, index: 90, mask: {67, }, error code: 22 error msg: Invalid argument. Specify the number of threads explicitly so the affinity is not set.[m
[1;31m2026-09-30 15:11:28.563606508 [E:onnxruntime:Default, env.cc:228 ThreadMain] pthread_setaffinity_np failed for thread: 4097927, index: 86, mask: {47, }, error code: 22 error msg: Invalid argument. Specify the number of threads explicitly so the affinity is not set.[m
[1;31m2026-09-30 15:11:28.563515539 [E:onnxruntime:Default, env.cc:228 ThreadMain] pthread_setaffinity_np failed for thread: 4097924, index: 83, mask: {44, }, error code: 22 error msg: Invalid argument. Specify the number of threads explicitly so the affinity is not set.[m
[1;31m2026-09-30 15:11:28.578440509 [E:onnxruntime:Default, env.cc:228 ThreadMain] pthread_setaffinity_np failed for thread: 4097937, index: 96, mask: {97, }, error code: 22 error msg: Invalid argument. Specify the number of threads explicitly so the affinity is not set.[m
[1;31m2026-09-30 15:11:28.619524243 [E:onnxruntime:Default, env.cc:228 ThreadMain] pthread_setaffinity_np failed for thread: 4097962, index: 121, mask: {146, }, error code: 22 error msg: Invalid argument. Specify the number of threads explicitly so the affinity is not set.[m
[1;31m2026-09-30 15:11:28.620119584 [E:onnxruntime:Default, env.cc:228 ThreadMain] pthread_setaffinity_np failed for thread: 4098021, index: 180, mask: {141, }, error code: 22 error msg: Invalid argument. Specify the number of threads explicitly so the affinity is not set.[m
[1;31m2026-09-30 15:11:28.619492023 [E:onnxruntime:Default, env.cc:228 ThreadMain] pthread_setaffinity_np failed for thread: 4097960, index: 119, mask: {144, }, error code: 22 error msg: Invalid argument. Specify the number of threads explicitly so the affinity is not set.[m
[1;31m2026-09-30 15:11:28.576443288 [E:onnxruntime:Default, env.cc:228 ThreadMain] pthread_setaffinity_np failed for thread: 4097930, index: 89, mask: {66, }, error code: 22 error msg: Invalid argument. Specify the number of threads explicitly so the affinity is not set.[m
[1;31m2026-09-30 15:11:28.620428079 [E:onnxruntime:Default, env.cc:228 ThreadMain] pthread_setaffinity_np failed for thread: 4098030, index: 189, mask: {166, }, error code: 22 error msg: Invalid argument. Specify the number of threads explicitly so the affinity is not set.[m
[1;31m2026-09-30 15:11:28.619598632 [E:onnxruntime:Default, env.cc:228 ThreadMain] pthread_setaffinity_np failed for thread: 4097970, index: 129, mask: {106, }, error code: 22 error msg: Invalid argument. Specify the number of threads explicitly so the affinity is not set.[m
[1;31m2026-09-30 15:11:28.620360760 [E:onnxruntime:Default, env.cc:228 ThreadMain] pthread_setaffinity_np failed for thread: 4097969, index: 128, mask: {105, }, error code: 22 error msg: Invalid argument. Specify the number of threads explicitly so the affinity is not set.[m
[1;31m2026-09-30 15:11:28.620446409 [E:onnxruntime:Default, env.cc:228 ThreadMain] pthread_setaffinity_np failed for thread: 4097993, index: 152, mask: {153, }, error code: 22 error msg: Invalid argument. Specify the number of threads explicitly so the affinity is not set.[m
[1;31m2026-09-30 15:11:28.633445697 [E:onnxruntime:Default, env.cc:228 ThreadMain] pthread_setaffinity_np failed for thread: 4097938, index: 97, mask: {98, }, error code: 22 error msg: Invalid argument. Specify the number of threads explicitly so the affinity is not set.[m
[1;31m2026-09-30 15:11:28.620470129 [E:onnxruntime:Default, env.cc:228 ThreadMain] pthread_setaffinity_np failed for thread: 4098007, index: 166, mask: {119, }, error code: 22 error msg: Invalid argument. Specify the number of threads explicitly so the affinity is not set.[m
[1;31m2026-09-30 15:11:28.620331741 [E:onnxruntime:Default, env.cc:228 ThreadMain] pthread_setaffinity_np failed for thread: 4097953, index: 112, mask: {121, }, error code: 22 error msg: Invalid argument. Specify the number of threads explicitly so the affinity is not set.[m
[1;31m2026-09-30 15:11:28.620216592 [E:onnxruntime:Default, env.cc:228 ThreadMain] pthread_setaffinity_np failed for thread: 4098031, index: 190, mask: {167, }, error code: 22 error msg: Invalid argument. Specify the number of threads explicitly so the affinity is not set.[m
[1;31m2026-09-30 15:11:28.619984966 [E:onnxruntime:Default, env.cc:228 ThreadMain] pthread_setaffinity_np failed for thread: 4098006, index: 165, mask: {118, }, error code: 22 error msg: Invalid argument. Specify the number of threads explicitly so the affinity is not set.[m
[1;31m2026-09-30 15:11:28.578137383 [E:onnxruntime:Default, env.cc:228 ThreadMain] pthread_setaffinity_np failed for thread: 4097933, index: 92, mask: {69, }, error code: 22 error msg: Invalid argument. Specify the number of threads explicitly so the affinity is not set.[m
[1;31m2026-09-30 15:11:28.620175233 [E:onnxruntime:Default, env.cc:228 ThreadMain] pthread_setaffinity_np failed for thread: 4098027, index: 186, mask: {163, }, error code: 22 error msg: Invalid argument. Specify the number of threads explicitly so the affinity is not set.[m
[1;31m2026-09-30 15:11:28.619708090 [E:onnxruntime:Default, env.cc:228 ThreadMain] pthread_setaffinity_np failed for thread: 4097982, index: 141, mask: {182, }, error code: 22 error msg: Invalid argument. Specify the number of threads explicitly so the affinity is not set.[m
[1;31m2026-09-30 15:11:28.563658937 [E:onnxruntime:Default, env.cc:228 ThreadMain] pthread_setaffinity_np failed for thread: 4097923, index: 82, mask: {43, }, error code: 22 error msg: Invalid argument. Specify the number of threads explicitly so the affinity is not set.[m
[1;31m2026-09-30 15:11:28.619840848 [E:onnxruntime:Default, env.cc:228 ThreadMain] pthread_setaffinity_np failed for thread: 4097991, index: 150, mask: {135, }, error code: 22 error msg: Invalid argument. Specify the number of threads explicitly so the affinity is not set.[m
[1;31m2026-09-30 15:11:28.620416119 [E:onnxruntime:Default, env.cc:228 ThreadMain] pthread_setaffinity_np failed for thread: 4098004, index: 163, mask: {116, }, error code: 22 error msg: Invalid argument. Specify the number of threads explicitly so the affinity is not set.[m
[1;31m2026-09-30 15:11:28.619654341 [E:onnxruntime:Default, env.cc:228 ThreadMain] pthread_setaffinity_np failed for thread: 4097977, index: 136, mask: {177, }, error code: 22 error msg: Invalid argument. Specify the number of threads explicitly so the affinity is not set.[m
[1;31m2026-09-30 15:11:28.620451149 [E:onnxruntime:Default, env.cc:228 ThreadMain] pthread_setaffinity_np failed for thread: 4098015, index: 174, mask: {191, }, error code: 22 error msg: Invalid argument. Specify the number of threads explicitly so the affinity is not set.[m
[1;31m2026-09-30 15:11:28.620029935 [E:onnxruntime:Default, env.cc:228 ThreadMain] pthread_setaffinity_np failed for thread: 4098011, index: 170, mask: {187, }, error code: 22 error msg: Invalid argument. Specify the number of threads explicitly so the affinity is not set.[m
[1;31m2026-09-30 15:11:28.633659204 [E:onnxruntime:Default, env.cc:228 ThreadMain] pthread_setaffinity_np failed for thread: 4097935, index: 94, mask: {71, }, error code: 22 error msg: Invalid argument. Specify the number of threads explicitly so the affinity is not set.[m
[1;31m2026-09-30 15:11:28.646430876 [E:onnxruntime:Default, env.cc:228 ThreadMain] pthread_setaffinity_np failed for thread: 4098002, index: 161, mask: {114, }, error code: 22 error msg: Invalid argument. Specify the number of threads explicitly so the affinity is not set.[m
[1;31m2026-09-30 15:11:28.619939467 [E:onnxruntime:Default, env.cc:228 ThreadMain] pthread_setaffinity_np failed for thread: 4098001, index: 160, mask: {113, }, error code: 22 error msg: Invalid argument. Specify the number of threads explicitly so the affinity is not set.[m
[1;31m2026-09-30 15:11:28.620135644 [E:onnxruntime:Default, env.cc:228 ThreadMain] pthread_setaffinity_np failed for thread: 4098022, index: 181, mask: {142, }, error code: 22 error msg: Invalid argument. Specify the number of threads explicitly so the affinity is not set.[m
[1;31m2026-09-30 15:11:28.619546302 [E:onnxruntime:Default, env.cc:228 ThreadMain] pthread_setaffinity_np failed for thread: 4097964, index: 123, mask: {148, }, error code: 22 error msg: Invalid argument. Specify the number of threads explicitly so the affinity is not set.[m
[1;31m2026-09-30 15:11:28.619806298 [E:onnxruntime:Default, env.cc:228 ThreadMain] pthread_setaffinity_np failed for thread: 4097987, index: 146, mask: {131, }, error code: 22 error msg: Invalid argument. Specify the number of threads explicitly so the affinity is not set.[m
[1;31m2026-09-30 15:11:28.620352220 [E:onnxruntime:Default, env.cc:228 ThreadMain] pthread_setaffinity_np failed for thread: 4097967, index: 126, mask: {151, }, error code: 22 error msg: Invalid argument. Specify the number of threads explicitly so the affinity is not set.[m
[1;31m2026-09-30 15:11:28.620363360 [E:onnxruntime:Default, env.cc:228 ThreadMain] pthread_setaffinity_np failed for thread: 4097961, index: 120, mask: {145, }, error code: 22 error msg: Invalid argument. Specify the number of threads explicitly so the affinity is not set.[m
[1;31m2026-09-30 15:11:28.620336551 [E:onnxruntime:Default, env.cc:228 ThreadMain] pthread_setaffinity_np failed for thread: 4097954, index: 113, mask: {122, }, error code: 22 error msg: Invalid argument. Specify the number of threads explicitly so the affinity is not set.[m
[1;31m2026-09-30 15:11:28.620359230 [E:onnxruntime:Default, env.cc:228 ThreadMain] pthread_setaffinity_np failed for thread: 4097965, index: 124, mask: {149, }, error code: 22 error msg: Invalid argument. Specify the number of threads explicitly so the affinity is not set.[m
[1;31m2026-09-30 15:11:28.620364910 [E:onnxruntime:Default, env.cc:228 ThreadMain] pthread_setaffinity_np failed for thread: 4097974, index: 133, mask: {110, }, error code: 22 error msg: Invalid argument. Specify the number of threads explicitly so the affinity is not set.[m
[1;31m2026-09-30 15:11:28.620360970 [E:onnxruntime:Default, env.cc:228 ThreadMain] pthread_setaffinity_np failed for thread: 4097963, index: 122, mask: {147, }, error code: 22 error msg: Invalid argument. Specify the number of threads explicitly so the affinity is not set.[m
[1;31m2026-09-30 15:11:28.620336991 [E:onnxruntime:Default, env.cc:228 ThreadMain] pthread_setaffinity_np failed for thread: 4097957, index: 116, mask: {125, }, error code: 22 error msg: Invalid argument. Specify the number of threads explicitly so the affinity is not set.[m
[1;31m2026-09-30 15:11:28.620411830 [E:onnxruntime:Default, env.cc:228 ThreadMain] pthread_setaffinity_np failed for thread: 4097999, index: 158, mask: {159, }, error code: 22 error msg: Invalid argument. Specify the number of threads explicitly so the affinity is not set.[m
[1;31m2026-09-30 15:11:28.620390320 [E:onnxruntime:Default, env.cc:228 ThreadMain] pthread_setaffinity_np failed for thread: 4097986, index: 145, mask: {130, }, error code: 22 error msg: Invalid argument. Specify the number of threads explicitly so the affinity is not set.[m
[1;31m2026-09-30 15:11:28.620396690 [E:onnxruntime:Default, env.cc:228 ThreadMain] pthread_setaffinity_np failed for thread: 4097992, index: 151, mask: {152, }, error code: 22 error msg: Invalid argument. Specify the number of threads explicitly so the affinity is not set.[m
[1;31m2026-09-30 15:11:28.619670970 [E:onnxruntime:Default, env.cc:228 ThreadMain] pthread_setaffinity_np failed for thread: 4097978, index: 137, mask: {178, }, error code: 22 error msg: Invalid argument. Specify the number of threads explicitly so the affinity is not set.[m
[1;31m2026-09-30 15:11:28.620390040 [E:onnxruntime:Default, env.cc:228 ThreadMain] pthread_setaffinity_np failed for thread: 4097980, index: 139, mask: {180, }, error code: 22 error msg: Invalid argument. Specify the number of threads explicitly so the affinity is not set.[m
[1;31m2026-09-30 15:11:28.620395570 [E:onnxruntime:Default, env.cc:228 ThreadMain] pthread_setaffinity_np failed for thread: 4097989, index: 148, mask: {133, }, error code: 22 error msg: Invalid argument. Specify the number of threads explicitly so the affinity is not set.[m
[1;31m2026-09-30 15:11:28.620393010 [E:onnxruntime:Default, env.cc:228 ThreadMain] pthread_setaffinity_np failed for thread: 4097990, index: 149, mask: {134, }, error code: 22 error msg: Invalid argument. Specify the number of threads explicitly so the affinity is not set.[m
[1;31m2026-09-30 15:11:28.620423579 [E:onnxruntime:Default, env.cc:228 ThreadMain] pthread_setaffinity_np failed for thread: 4098017, index: 176, mask: {137, }, error code: 22 error msg: Invalid argument. Specify the number of threads explicitly so the affinity is not set.[m
[1;31m2026-09-30 15:11:28.620397370 [E:onnxruntime:Default, env.cc:228 ThreadMain] pthread_setaffinity_np failed for thread: 4097981, index: 140, mask: {181, }, error code: 22 error msg: Invalid argument. Specify the number of threads explicitly so the affinity is not set.[m
[1;31m2026-09-30 15:11:28.620433769 [E:onnxruntime:Default, env.cc:228 ThreadMain] pthread_setaffinity_np failed for thread: 4098023, index: 182, mask: {143, }, error code: 22 error msg: Invalid argument. Specify the number of threads explicitly so the affinity is not set.[m
[1;31m2026-09-30 15:11:28.620354510 [E:onnxruntime:Default, env.cc:228 ThreadMain] pthread_setaffinity_np failed for thread: 4097966, index: 125, mask: {150, }, error code: 22 error msg: Invalid argument. Specify the number of threads explicitly so the affinity is not set.[m
[1;31m2026-09-30 15:11:28.620437579 [E:onnxruntime:Default, env.cc:228 ThreadMain] pthread_setaffinity_np failed for thread: 4098024, index: 183, mask: {160, }, error code: 22 error msg: Invalid argument. Specify the number of threads explicitly so the affinity is not set.[m
[1;31m2026-09-30 15:11:28.620338311 [E:onnxruntime:Default, env.cc:228 ThreadMain] pthread_setaffinity_np failed for thread: 4097952, index: 111, mask: {120, }, error code: 22 error msg: Invalid argument. Specify the number of threads explicitly so the affinity is not set.[m
[1;31m2026-09-30 15:11:28.620427219 [E:onnxruntime:Default, env.cc:228 ThreadMain] pthread_setaffinity_np failed for thread: 4098008, index: 167, mask: {184, }, error code: 22 error msg: Invalid argument. Specify the number of threads explicitly so the affinity is not set.[m
[1;31m2026-09-30 15:11:28.620428169 [E:onnxruntime:Default, env.cc:228 ThreadMain] pthread_setaffinity_np failed for thread: 4098016, index: 175, mask: {136, }, error code: 22 error msg: Invalid argument. Specify the number of threads explicitly so the affinity is not set.[m
[1;31m2026-09-30 15:11:28.620433469 [E:onnxruntime:Default, env.cc:228 ThreadMain] pthread_setaffinity_np failed for thread: 4098018, index: 177, mask: {138, }, error code: 22 error msg: Invalid argument. Specify the number of threads explicitly so the affinity is not set.[m
[1;31m2026-09-30 15:11:28.620418159 [E:onnxruntime:Default, env.cc:228 ThreadMain] pthread_setaffinity_np failed for thread: 4098010, index: 169, mask: {186, }, error code: 22 error msg: Invalid argument. Specify the number of threads explicitly so the affinity is not set.[m
[1;31m2026-09-30 15:11:28.620411070 [E:onnxruntime:Default, env.cc:228 ThreadMain] pthread_setaffinity_np failed for thread: 4098009, index: 168, mask: {185, }, error code: 22 error msg: Invalid argument. Specify the number of threads explicitly so the affinity is not set.[m
[1;31m2026-09-30 15:11:28.620479899 [E:onnxruntime:Default, env.cc:228 ThreadMain] pthread_setaffinity_np failed for thread: 4097968, index: 127, mask: {104, }, error code: 22 error msg: Invalid argument. Specify the number of threads explicitly so the affinity is not set.[m
[1;31m2026-09-30 15:11:28.620435939 [E:onnxruntime:Default, env.cc:228 ThreadMain] pthread_setaffinity_np failed for thread: 4098020, index: 179, mask: {140, }, error code: 22 error msg: Invalid argument. Specify the number of threads explicitly so the affinity is not set.[m
[1;31m2026-09-30 15:11:28.620449849 [E:onnxruntime:Default, env.cc:228 ThreadMain] pthread_setaffinity_np failed for thread: 4098012, index: 171, mask: {188, }, error code: 22 error msg: Invalid argument. Specify the number of threads explicitly so the affinity is not set.[m
[1;31m2026-09-30 15:11:28.619627651 [E:onnxruntime:Default, env.cc:228 ThreadMain] pthread_setaffinity_np failed for thread: 4097973, index: 132, mask: {109, }, error code: 22 error msg: Invalid argument. Specify the number of threads explicitly so the affinity is not set.[m
[1;31m2026-09-30 15:11:28.620438199 [E:onnxruntime:Default, env.cc:228 ThreadMain] pthread_setaffinity_np failed for thread: 4097985, index: 144, mask: {129, }, error code: 22 error msg: Invalid argument. Specify the number of threads explicitly so the affinity is not set.[m
[1;31m2026-09-30 15:11:28.620455189 [E:onnxruntime:Default, env.cc:228 ThreadMain] pthread_setaffinity_np failed for thread: 4097997, index: 156, mask: {157, }, error code: 22 error msg: Invalid argument. Specify the number of threads explicitly so the affinity is not set.[m
[1;31m2026-09-30 15:11:28.620403150 [E:onnxruntime:Default, env.cc:228 ThreadMain] pthread_setaffinity_np failed for thread: 4098003, index: 162, mask: {115, }, error code: 22 error msg: Invalid argument. Specify the number of threads explicitly so the affinity is not set.[m
[1;31m2026-09-30 15:11:28.620457169 [E:onnxruntime:Default, env.cc:228 ThreadMain] pthread_setaffinity_np failed for thread: 4097972, index: 131, mask: {108, }, error code: 22 error msg: Invalid argument. Specify the number of threads explicitly so the affinity is not set.[m
[1;31m2026-09-30 15:11:28.623244448 [E:onnxruntime:Default, env.cc:228 ThreadMain] pthread_setaffinity_np failed for thread: 4097959, index: 118, mask: {127, }, error code: 22 error msg: Invalid argument. Specify the number of threads explicitly so the affinity is not set.[m
[1;31m2026-09-30 15:11:28.620447629 [E:onnxruntime:Default, env.cc:228 ThreadMain] pthread_setaffinity_np failed for thread: 4097994, index: 153, mask: {154, }, error code: 22 error msg: Invalid argument. Specify the number of threads explicitly so the affinity is not set.[m
[1;31m2026-09-30 15:11:28.620387030 [E:onnxruntime:Default, env.cc:228 ThreadMain] pthread_setaffinity_np failed for thread: 4097975, index: 134, mask: {111, }, error code: 22 error msg: Invalid argument. Specify the number of threads explicitly so the affinity is not set.[m
[1;31m2026-09-30 15:11:28.620470629 [E:onnxruntime:Default, env.cc:228 ThreadMain] pthread_setaffinity_np failed for thread: 4098013, index: 172, mask: {189, }, error code: 22 error msg: Invalid argument. Specify the number of threads explicitly so the affinity is not set.[m
[1;31m2026-09-30 15:11:28.620471769 [E:onnxruntime:Default, env.cc:228 ThreadMain] pthread_setaffinity_np failed for thread: 4097984, index: 143, mask: {128, }, error code: 22 error msg: Invalid argument. Specify the number of threads explicitly so the affinity is not set.[m
[1;31m2026-09-30 15:11:28.620491628 [E:onnxruntime:Default, env.cc:228 ThreadMain] pthread_setaffinity_np failed for thread: 4097983, index: 142, mask: {183, }, error code: 22 error msg: Invalid argument. Specify the number of threads explicitly so the affinity is not set.[m
[1;31m2026-09-30 15:11:28.620424439 [E:onnxruntime:Default, env.cc:228 ThreadMain] pthread_setaffinity_np failed for thread: 4097998, index: 157, mask: {158, }, error code: 22 error msg: Invalid argument. Specify the number of threads explicitly so the affinity is not set.[m
[1;31m2026-09-30 15:11:28.620412510 [E:onnxruntime:Default, env.cc:228 ThreadMain] pthread_setaffinity_np failed for thread: 4097995, index: 154, mask: {155, }, error code: 22 error msg: Invalid argument. Specify the number of threads explicitly so the affinity is not set.[m
[1;31m2026-09-30 15:11:28.623263357 [E:onnxruntime:Default, env.cc:228 ThreadMain] pthread_setaffinity_np failed for thread: 4097971, index: 130, mask: {107, }, error code: 22 error msg: Invalid argument. Specify the number of threads explicitly so the affinity is not set.[m
[1;31m2026-09-30 15:11:28.620448849 [E:onnxruntime:Default, env.cc:228 ThreadMain] pthread_setaffinity_np failed for thread: 4098028, index: 187, mask: {164, }, error code: 22 error msg: Invalid argument. Specify the number of threads explicitly so the affinity is not set.[m
[1;31m2026-09-30 15:11:28.620423079 [E:onnxruntime:Default, env.cc:228 ThreadMain] pthread_setaffinity_np failed for thread: 4098026, index: 185, mask: {162, }, error code: 22 error msg: Invalid argument. Specify the number of threads explicitly so the affinity is not set.[m
[1;31m2026-09-30 15:11:28.620057285 [E:onnxruntime:Default, env.cc:228 ThreadMain] pthread_setaffinity_np failed for thread: 4098014, index: 173, mask: {190, }, error code: 22 error msg: Invalid argument. Specify the number of threads explicitly so the affinity is not set.[m
[1;31m2026-09-30 15:11:28.620411990 [E:onnxruntime:Default, env.cc:228 ThreadMain] pthread_setaffinity_np failed for thread: 4098005, index: 164, mask: {117, }, error code: 22 error msg: Invalid argument. Specify the number of threads explicitly so the affinity is not set.[m
[1;31m2026-09-30 15:11:28.620100594 [E:onnxruntime:Default, env.cc:228 ThreadMain] pthread_setaffinity_np failed for thread: 4098019, index: 178, mask: {139, }, error code: 22 error msg: Invalid argument. Specify the number of threads explicitly so the affinity is not set.[m
[1;31m2026-09-30 15:11:28.620436449 [E:onnxruntime:Default, env.cc:228 ThreadMain] pthread_setaffinity_np failed for thread: 4098000, index: 159, mask: {112, }, error code: 22 error msg: Invalid argument. Specify the number of threads explicitly so the affinity is not set.[m
[1;31m2026-09-30 15:11:28.620459159 [E:onnxruntime:Default, env.cc:228 ThreadMain] pthread_setaffinity_np failed for thread: 4098025, index: 184, mask: {161, }, error code: 22 error msg: Invalid argument. Specify the number of threads explicitly so the affinity is not set.[m
[1;31m2026-09-30 15:11:28.619882877 [E:onnxruntime:Default, env.cc:228 ThreadMain] pthread_setaffinity_np failed for thread: 4097996, index: 155, mask: {156, }, error code: 22 error msg: Invalid argument. Specify the number of threads explicitly so the affinity is not set.[m
[1;31m2026-09-30 15:11:28.620367300 [E:onnxruntime:Default, env.cc:228 ThreadMain] pthread_setaffinity_np failed for thread: 4097979, index: 138, mask: {179, }, error code: 22 error msg: Invalid argument. Specify the number of threads explicitly so the affinity is not set.[m
[1;31m2026-09-30 15:11:28.620195203 [E:onnxruntime:Default, env.cc:228 ThreadMain] pthread_setaffinity_np failed for thread: 4098029, index: 188, mask: {165, }, error code: 22 error msg: Invalid argument. Specify the number of threads explicitly so the affinity is not set.[m
[1;31m2026-09-30 15:11:28.620330431 [E:onnxruntime:Default, env.cc:228 ThreadMain] pthread_setaffinity_np failed for thread: 4097958, index: 117, mask: {126, }, error code: 22 error msg: Invalid argument. Specify the number of threads explicitly so the affinity is not set.[m
[1;31m2026-09-30 15:11:28.633468797 [E:onnxruntime:Default, env.cc:228 ThreadMain] pthread_setaffinity_np failed for thread: 4097943, index: 102, mask: {103, }, error code: 22 error msg: Invalid argument. Specify the number of threads explicitly so the affinity is not set.[m
[1;31m2026-09-30 15:11:28.646436125 [E:onnxruntime:Default, env.cc:228 ThreadMain] pthread_setaffinity_np failed for thread: 4097929, index: 88, mask: {65, }, error code: 22 error msg: Invalid argument. Specify the number of threads explicitly so the affinity is not set.[m
[1;31m2026-09-30 15:11:28.633426407 [E:onnxruntime:Default, env.cc:228 ThreadMain] pthread_setaffinity_np failed for thread: 4097934, index: 93, mask: {70, }, error code: 22 error msg: Invalid argument. Specify the number of threads explicitly so the affinity is not set.[m
[1;31m2026-09-30 15:11:28.620480908 [E:onnxruntime:Default, env.cc:228 ThreadMain] pthread_setaffinity_np failed for thread: 4097988, index: 147, mask: {132, }, error code: 22 error msg: Invalid argument. Specify the number of threads explicitly so the affinity is not set.[m
2026-09-30 15:12:50.661 | INFO     | mineru.backend.pipeline.pipeline_analyze:doc_analyze_streaming:209 - Pipeline processing-window multi-file run. doc_count=1, total_pages=17, window_size=64, total_batches=1
2026-09-30 15:12:50.662 | DEBUG    | mineru.utils.pdf_image_tools:_load_images_from_pdf_bytes_range:289 - PDF image rendering uses 1 processes for pages 1-17: [(0, 16)]
2026-09-30 15:12:50.662 | DEBUG    | mineru.utils.pdf_image_tools:_create_pdf_render_executor:161 - PDF image rendering switches multiprocessing start method from fork to spawn
2026-09-30 15:12:50.663 | DEBUG    | mineru.utils.pdf_image_tools:_get_pdf_render_executor:218 - Created persistent PDF render executor with max_workers=3

============================================================
   PG-LCA-TEA KNOWLEDGE GRAPH PIPELINE
============================================================
Start time: 2026-09-30 15:12:49
Steps to run: ['parse']
RAG Engine: lightrag

============================================================
   STEP 1: PDF PARSING WITH INCREMENTAL TRACKING
============================================================
Parser type: mineru
Input:  /scratch/tangsiqi/liyi_folder/oneLCA-TEA_Phosphogypsum/datahub/raw/papers/unparsed
Output: /scratch/tangsiqi/liyi_folder/oneLCA-TEA_Phosphogypsum/datahub/interim/papers/parsed
Registry: /scratch/tangsiqi/liyi_folder/oneLCA-TEA_Phosphogypsum/datahub/processed/ingestion_registry.json

Found 72 PDF files to check
[1/72] ⏭ Skipped (up-to-date registry): 1. Environmental impact and management of phosphog

[2/72] Parsing: 10. Geochemical and mineralogical characterization...
[1;31m2026-09-30 15:13:20.546766281 [E:onnxruntime:Default, env.cc:228 ThreadMain] pthread_setaffinity_np failed for thread: 4098153, index: 5, mask: {6, }, error code: 22 error msg: Invalid argument. Specify the number of threads explicitly so the affinity is not set.[m
[1;31m2026-09-30 15:13:20.546899659 [E:onnxruntime:Default, env.cc:228 ThreadMain] pthread_setaffinity_np failed for thread: 4098154, index: 6, mask: {7, }, error code: 22 error msg: Invalid argument. Specify the number of threads explicitly so the affinity is not set.[m
[1;31m2026-09-30 15:13:20.546767141 [E:onnxruntime:Default, env.cc:228 ThreadMain] pthread_setaffinity_np failed for thread: 4098150, index: 2, mask: {3, }, error code: 22 error msg: Invalid argument. Specify the number of threads explicitly so the affinity is not set.[m
[1;31m2026-09-30 15:13:20.546781981 [E:onnxruntime:Default, env.cc:228 ThreadMain] pthread_setaffinity_np failed for thread: 4098149, index: 1, mask: {2, }, error code: 22 error msg: Invalid argument. Specify the number of threads explicitly so the affinity is not set.[m
[1;31m2026-09-30 15:13:20.546767121 [E:onnxruntime:Default, env.cc:228 ThreadMain] pthread_setaffinity_np failed for thread: 4098152, index: 4, mask: {5, }, error code: 22 error msg: Invalid argument. Specify the number of threads explicitly so the affinity is not set.[m
[1;31m2026-09-30 15:13:20.546770131 [E:onnxruntime:Default, env.cc:228 ThreadMain] pthread_setaffinity_np failed for thread: 4098148, index: 0, mask: {1, }, error code: 22 error msg: Invalid argument. Specify the number of threads explicitly so the affinity is not set.[m
[1;31m2026-09-30 15:13:20.546765501 [E:onnxruntime:Default, env.cc:228 ThreadMain] pthread_setaffinity_np failed for thread: 4098151, index: 3, mask: {4, }, error code: 22 error msg: Invalid argument. Specify the number of threads explicitly so the affinity is not set.[m
[1;31m2026-09-30 15:13:20.547602769 [E:onnxruntime:Default, env.cc:228 ThreadMain] pthread_setaffinity_np failed for thread: 4098164, index: 16, mask: {25, }, error code: 22 error msg: Invalid argument. Specify the number of threads explicitly so the affinity is not set.[m
[1;31m2026-09-30 15:13:20.547674098 [E:onnxruntime:Default, env.cc:228 ThreadMain] pthread_setaffinity_np failed for thread: 4098165, index: 17, mask: {26, }, error code: 22 error msg: Invalid argument. Specify the number of threads explicitly so the affinity is not set.[m
[1;31m2026-09-30 15:13:20.547674078 [E:onnxruntime:Default, env.cc:228 ThreadMain] pthread_setaffinity_np failed for thread: 4098163, index: 15, mask: {24, }, error code: 22 error msg: Invalid argument. Specify the number of threads explicitly so the affinity is not set.[m
[1;31m2026-09-30 15:13:20.547942464 [E:onnxruntime:Default, env.cc:228 ThreadMain] pthread_setaffinity_np failed for thread: 4098167, index: 19, mask: {28, }, error code: 22 error msg: Invalid argument. Specify the number of threads explicitly so the affinity is not set.[m
[1;31m2026-09-30 15:13:20.547963283 [E:onnxruntime:Default, env.cc:228 ThreadMain] pthread_setaffinity_np failed for thread: 4098166, index: 18, mask: {27, }, error code: 22 error msg: Invalid argument. Specify the number of threads explicitly so the affinity is not set.[m
[1;31m2026-09-30 15:13:20.548014503 [E:onnxruntime:Default, env.cc:228 ThreadMain] pthread_setaffinity_np failed for thread: 4098168, index: 20, mask: {29, }, error code: 22 error msg: Invalid argument. Specify the number of threads explicitly so the affinity is not set.[m
[1;31m2026-09-30 15:13:20.548471096 [E:onnxruntime:Default, env.cc:228 ThreadMain] pthread_setaffinity_np failed for thread: 4098169, index: 21, mask: {30, }, error code: 22 error msg: Invalid argument. Specify the number of threads explicitly so the affinity is not set.[m
[1;31m2026-09-30 15:13:20.557703369 [E:onnxruntime:Default, env.cc:228 ThreadMain] pthread_setaffinity_np failed for thread: 4098195, index: 47, mask: {32, }, error code: 22 error msg: Invalid argument. Specify the number of threads explicitly so the affinity is not set.[m
[1;31m2026-09-30 15:13:20.557924445 [E:onnxruntime:Default, env.cc:228 ThreadMain] pthread_setaffinity_np failed for thread: 4098197, index: 49, mask: {34, }, error code: 22 error msg: Invalid argument. Specify the number of threads explicitly so the affinity is not set.[m
[1;31m2026-09-30 15:13:20.558260540 [E:onnxruntime:Default, env.cc:228 ThreadMain] pthread_setaffinity_np failed for thread: 4098286, index: 138, mask: {179, }, error code: 22 error msg: Invalid argument. Specify the number of threads explicitly so the affinity is not set.[m
[1;31m2026-09-30 15:13:20.563441663 [E:onnxruntime:Default, env.cc:228 ThreadMain] pthread_setaffinity_np failed for thread: 4098271, index: 123, mask: {148, }, error code: 22 error msg: Invalid argument. Specify the number of threads explicitly so the affinity is not set.[m
[1;31m2026-09-30 15:13:20.568489268 [E:onnxruntime:Default, env.cc:228 ThreadMain] pthread_setaffinity_np failed for thread: 4098182, index: 34, mask: {11, }, error code: 22 error msg: Invalid argument. Specify the number of threads explicitly so the affinity is not set.[m
[1;31m2026-09-30 15:13:20.568524928 [E:onnxruntime:Default, env.cc:228 ThreadMain] pthread_setaffinity_np failed for thread: 4098184, index: 36, mask: {13, }, error code: 22 error msg: Invalid argument. Specify the number of threads explicitly so the affinity is not set.[m
[1;31m2026-09-30 15:13:20.569470954 [E:onnxruntime:Default, env.cc:228 ThreadMain] pthread_setaffinity_np failed for thread: 4098185, index: 37, mask: {14, }, error code: 22 error msg: Invalid argument. Specify the number of threads explicitly so the affinity is not set.[m
[1;31m2026-09-30 15:13:20.570449639 [E:onnxruntime:Default, env.cc:228 ThreadMain] pthread_setaffinity_np failed for thread: 4098291, index: 143, mask: {128, }, error code: 22 error msg: Invalid argument. Specify the number of threads explicitly so the affinity is not set.[m
[1;31m2026-09-30 15:13:20.571427625 [E:onnxruntime:Default, env.cc:228 ThreadMain] pthread_setaffinity_np failed for thread: 4098292, index: 144, mask: {129, }, error code: 22 error msg: Invalid argument. Specify the number of threads explicitly so the affinity is not set.[m
[1;31m2026-09-30 15:13:20.557956865 [E:onnxruntime:Default, env.cc:228 ThreadMain] pthread_setaffinity_np failed for thread: 4098198, index: 50, mask: {35, }, error code: 22 error msg: Invalid argument. Specify the number of threads explicitly so the affinity is not set.[m
[1;31m2026-09-30 15:13:20.568446439 [E:onnxruntime:Default, env.cc:228 ThreadMain] pthread_setaffinity_np failed for thread: 4098178, index: 30, mask: {55, }, error code: 22 error msg: Invalid argument. Specify the number of threads explicitly so the affinity is not set.[m
[1;31m2026-09-30 15:13:20.558224951 [E:onnxruntime:Default, env.cc:228 ThreadMain] pthread_setaffinity_np failed for thread: 4098280, index: 132, mask: {109, }, error code: 22 error msg: Invalid argument. Specify the number of threads explicitly so the affinity is not set.[m
[1;31m2026-09-30 15:13:20.585444956 [E:onnxruntime:Default, env.cc:228 ThreadMain] pthread_setaffinity_np failed for thread: 4098211, index: 63, mask: {16, }, error code: 22 error msg: Invalid argument. Specify the number of threads explicitly so the affinity is not set.[m
[1;31m2026-09-30 15:13:20.590841096 [E:onnxruntime:Default, env.cc:228 ThreadMain] pthread_setaffinity_np failed for thread: 4098212, index: 64, mask: {17, }, error code: 22 error msg: Invalid argument. Specify the number of threads explicitly so the affinity is not set.[m
[1;31m2026-09-30 15:13:20.585451876 [E:onnxruntime:Default, env.cc:228 ThreadMain] pthread_setaffinity_np failed for thread: 4098263, index: 115, mask: {124, }, error code: 22 error msg: Invalid argument. Specify the number of threads explicitly so the affinity is not set.[m
[1;31m2026-09-30 15:13:20.557795267 [E:onnxruntime:Default, env.cc:228 ThreadMain] pthread_setaffinity_np failed for thread: 4098196, index: 48, mask: {33, }, error code: 22 error msg: Invalid argument. Specify the number of threads explicitly so the affinity is not set.[m
[1;31m2026-09-30 15:13:20.558110453 [E:onnxruntime:Default, env.cc:228 ThreadMain] pthread_setaffinity_np failed for thread: 4098200, index: 52, mask: {37, }, error code: 22 error msg: Invalid argument. Specify the number of threads explicitly so the affinity is not set.[m
[1;31m2026-09-30 15:13:20.558102823 [E:onnxruntime:Default, env.cc:228 ThreadMain] pthread_setaffinity_np failed for thread: 4098214, index: 66, mask: {19, }, error code: 22 error msg: Invalid argument. Specify the number of threads explicitly so the affinity is not set.[m
[1;31m2026-09-30 15:13:20.558089573 [E:onnxruntime:Default, env.cc:228 ThreadMain] pthread_setaffinity_np failed for thread: 4098203, index: 55, mask: {56, }, error code: 22 error msg: Invalid argument. Specify the number of threads explicitly so the affinity is not set.[m
[1;31m2026-09-30 15:13:20.603582797 [E:onnxruntime:Default, env.cc:228 ThreadMain] pthread_setaffinity_np failed for thread: 4098227, index: 79, mask: {40, }, error code: 22 error msg: Invalid argument. Specify the number of threads explicitly so the affinity is not set.[m
[1;31m2026-09-30 15:13:20.603601596 [E:onnxruntime:Default, env.cc:228 ThreadMain] pthread_setaffinity_np failed for thread: 4098243, index: 95, mask: {96, }, error code: 22 error msg: Invalid argument. Specify the number of threads explicitly so the affinity is not set.[m
[1;31m2026-09-30 15:13:20.568472519 [E:onnxruntime:Default, env.cc:228 ThreadMain] pthread_setaffinity_np failed for thread: 4098181, index: 33, mask: {10, }, error code: 22 error msg: Invalid argument. Specify the number of threads explicitly so the affinity is not set.[m
[1;31m2026-09-30 15:13:20.608546673 [E:onnxruntime:Default, env.cc:228 ThreadMain] pthread_setaffinity_np failed for thread: 4098248, index: 100, mask: {101, }, error code: 22 error msg: Invalid argument. Specify the number of threads explicitly so the affinity is not set.[m
[1;31m2026-09-30 15:13:20.613045086 [E:onnxruntime:Default, env.cc:228 ThreadMain] pthread_setaffinity_np failed for thread: 4098260, index: 112, mask: {121, }, error code: 22 error msg: Invalid argument. Specify the number of threads explicitly so the affinity is not set.[m
[1;31m2026-09-30 15:13:20.620175680 [E:onnxruntime:Default, env.cc:228 ThreadMain] pthread_setaffinity_np failed for thread: 4098264, index: 116, mask: {125, }, error code: 22 error msg: Invalid argument. Specify the number of threads explicitly so the affinity is not set.[m
[1;31m2026-09-30 15:13:20.558161972 [E:onnxruntime:Default, env.cc:228 ThreadMain] pthread_setaffinity_np failed for thread: 4098235, index: 87, mask: {64, }, error code: 22 error msg: Invalid argument. Specify the number of threads explicitly so the affinity is not set.[m
[1;31m2026-09-30 15:13:20.633403874 [E:onnxruntime:Default, env.cc:228 ThreadMain] pthread_setaffinity_np failed for thread: 4098272, index: 124, mask: {149, }, error code: 22 error msg: Invalid argument. Specify the number of threads explicitly so the affinity is not set.[m
[1;31m2026-09-30 15:13:20.646508589 [E:onnxruntime:Default, env.cc:228 ThreadMain] pthread_setaffinity_np failed for thread: 4098262, index: 114, mask: {123, }, error code: 22 error msg: Invalid argument. Specify the number of threads explicitly so the affinity is not set.[m
[1;31m2026-09-30 15:13:20.572595397 [E:onnxruntime:Default, env.cc:228 ThreadMain] pthread_setaffinity_np failed for thread: 4098284, index: 136, mask: {177, }, error code: 22 error msg: Invalid argument. Specify the number of threads explicitly so the affinity is not set.[m
[1;31m2026-09-30 15:13:20.603620846 [E:onnxruntime:Default, env.cc:228 ThreadMain] pthread_setaffinity_np failed for thread: 4098228, index: 80, mask: {41, }, error code: 22 error msg: Invalid argument. Specify the number of threads explicitly so the affinity is not set.[m
[1;31m2026-09-30 15:13:20.603915832 [E:onnxruntime:Default, env.cc:228 ThreadMain] pthread_setaffinity_np failed for thread: 4098231, index: 83, mask: {44, }, error code: 22 error msg: Invalid argument. Specify the number of threads explicitly so the affinity is not set.[m
[1;31m2026-09-30 15:13:20.603412129 [E:onnxruntime:Default, env.cc:228 ThreadMain] pthread_setaffinity_np failed for thread: 4098216, index: 68, mask: {21, }, error code: 22 error msg: Invalid argument. Specify the number of threads explicitly so the affinity is not set.[m
[1;31m2026-09-30 15:13:20.649072751 [E:onnxruntime:Default, env.cc:228 ThreadMain] pthread_setaffinity_np failed for thread: 4098274, index: 126, mask: {151, }, error code: 22 error msg: Invalid argument. Specify the number of threads explicitly so the affinity is not set.[m
[1;31m2026-09-30 15:13:20.603663436 [E:onnxruntime:Default, env.cc:228 ThreadMain] pthread_setaffinity_np failed for thread: 4098236, index: 88, mask: {65, }, error code: 22 error msg: Invalid argument. Specify the number of threads explicitly so the affinity is not set.[m
[1;31m2026-09-30 15:13:20.603446709 [E:onnxruntime:Default, env.cc:228 ThreadMain] pthread_setaffinity_np failed for thread: 4098215, index: 67, mask: {20, }, error code: 22 error msg: Invalid argument. Specify the number of threads explicitly so the affinity is not set.[m
[1;31m2026-09-30 15:13:20.603494158 [E:onnxruntime:Default, env.cc:228 ThreadMain] pthread_setaffinity_np failed for thread: 4098201, index: 53, mask: {38, }, error code: 22 error msg: Invalid argument. Specify the number of threads explicitly so the affinity is not set.[m
[1;31m2026-09-30 15:13:20.603752524 [E:onnxruntime:Default, env.cc:228 ThreadMain] pthread_setaffinity_np failed for thread: 4098241, index: 93, mask: {70, }, error code: 22 error msg: Invalid argument. Specify the number of threads explicitly so the affinity is not set.[m
[1;31m2026-09-30 15:13:20.603796834 [E:onnxruntime:Default, env.cc:228 ThreadMain] pthread_setaffinity_np failed for thread: 4098245, index: 97, mask: {98, }, error code: 22 error msg: Invalid argument. Specify the number of threads explicitly so the affinity is not set.[m
[1;31m2026-09-30 15:13:20.603713945 [E:onnxruntime:Default, env.cc:228 ThreadMain] pthread_setaffinity_np failed for thread: 4098246, index: 98, mask: {99, }, error code: 22 error msg: Invalid argument. Specify the number of threads explicitly so the affinity is not set.[m
[1;31m2026-09-30 15:13:20.603648116 [E:onnxruntime:Default, env.cc:228 ThreadMain] pthread_setaffinity_np failed for thread: 4098239, index: 91, mask: {68, }, error code: 22 error msg: Invalid argument. Specify the number of threads explicitly so the affinity is not set.[m
[1;31m2026-09-30 15:13:20.603692445 [E:onnxruntime:Default, env.cc:228 ThreadMain] pthread_setaffinity_np failed for thread: 4098237, index: 89, mask: {66, }, error code: 22 error msg: Invalid argument. Specify the number of threads explicitly so the affinity is not set.[m
[1;31m2026-09-30 15:13:20.604356255 [E:onnxruntime:Default, env.cc:228 ThreadMain] pthread_setaffinity_np failed for thread: 4098244, index: 96, mask: {97, }, error code: 22 error msg: Invalid argument. Specify the number of threads explicitly so the affinity is not set.[m
[1;31m2026-09-30 15:13:20.658444871 [E:onnxruntime:Default, env.cc:228 ThreadMain] pthread_setaffinity_np failed for thread: 4098304, index: 156, mask: {157, }, error code: 22 error msg: Invalid argument. Specify the number of threads explicitly so the affinity is not set.[m
[1;31m2026-09-30 15:13:20.603860793 [E:onnxruntime:Default, env.cc:228 ThreadMain] pthread_setaffinity_np failed for thread: 4098247, index: 99, mask: {100, }, error code: 22 error msg: Invalid argument. Specify the number of threads explicitly so the affinity is not set.[m
[1;31m2026-09-30 15:13:20.604369275 [E:onnxruntime:Default, env.cc:228 ThreadMain] pthread_setaffinity_np failed for thread: 4098208, index: 60, mask: {61, }, error code: 22 error msg: Invalid argument. Specify the number of threads explicitly so the affinity is not set.[m
[1;31m2026-09-30 15:13:20.603520788 [E:onnxruntime:Default, env.cc:228 ThreadMain] pthread_setaffinity_np failed for thread: 4098232, index: 84, mask: {45, }, error code: 22 error msg: Invalid argument. Specify the number of threads explicitly so the affinity is not set.[m
[1;31m2026-09-30 15:13:20.604339256 [E:onnxruntime:Default, env.cc:228 ThreadMain] pthread_setaffinity_np failed for thread: 4098238, index: 90, mask: {67, }, error code: 22 error msg: Invalid argument. Specify the number of threads explicitly so the affinity is not set.[m
[1;31m2026-09-30 15:13:20.603814643 [E:onnxruntime:Default, env.cc:228 ThreadMain] pthread_setaffinity_np failed for thread: 4098229, index: 81, mask: {42, }, error code: 22 error msg: Invalid argument. Specify the number of threads explicitly so the affinity is not set.[m
[1;31m2026-09-30 15:13:20.662939274 [E:onnxruntime:Default, env.cc:228 ThreadMain] pthread_setaffinity_np failed for thread: 4098305, index: 157, mask: {158, }, error code: 22 error msg: Invalid argument. Specify the number of threads explicitly so the affinity is not set.[m
[1;31m2026-09-30 15:13:20.663445707 [E:onnxruntime:Default, env.cc:228 ThreadMain] pthread_setaffinity_np failed for thread: 4098329, index: 181, mask: {142, }, error code: 22 error msg: Invalid argument. Specify the number of threads explicitly so the affinity is not set.[m
[1;31m2026-09-30 15:13:20.671453998 [E:onnxruntime:Default, env.cc:228 ThreadMain] pthread_setaffinity_np failed for thread: 4098331, index: 183, mask: {160, }, error code: 22 error msg: Invalid argument. Specify the number of threads explicitly so the affinity is not set.[m
[1;31m2026-09-30 15:13:20.590831186 [E:onnxruntime:Default, env.cc:228 ThreadMain] pthread_setaffinity_np failed for thread: 4098213, index: 65, mask: {18, }, error code: 22 error msg: Invalid argument. Specify the number of threads explicitly so the affinity is not set.[m
[1;31m2026-09-30 15:13:20.603774464 [E:onnxruntime:Default, env.cc:228 ThreadMain] pthread_setaffinity_np failed for thread: 4098205, index: 57, mask: {58, }, error code: 22 error msg: Invalid argument. Specify the number of threads explicitly so the affinity is not set.[m
[1;31m2026-09-30 15:13:20.675497298 [E:onnxruntime:Default, env.cc:228 ThreadMain] pthread_setaffinity_np failed for thread: 4098311, index: 163, mask: {116, }, error code: 22 error msg: Invalid argument. Specify the number of threads explicitly so the affinity is not set.[m
[1;31m2026-09-30 15:13:20.675761884 [E:onnxruntime:Default, env.cc:228 ThreadMain] pthread_setaffinity_np failed for thread: 4098322, index: 174, mask: {191, }, error code: 22 error msg: Invalid argument. Specify the number of threads explicitly so the affinity is not set.[m
[1;31m2026-09-30 15:13:20.675794093 [E:onnxruntime:Default, env.cc:228 ThreadMain] pthread_setaffinity_np failed for thread: 4098321, index: 173, mask: {190, }, error code: 22 error msg: Invalid argument. Specify the number of threads explicitly so the affinity is not set.[m
[1;31m2026-09-30 15:13:20.677453339 [E:onnxruntime:Default, env.cc:228 ThreadMain] pthread_setaffinity_np failed for thread: 4098337, index: 189, mask: {166, }, error code: 22 error msg: Invalid argument. Specify the number of threads explicitly so the affinity is not set.[m
[1;31m2026-09-30 15:13:20.678443704 [E:onnxruntime:Default, env.cc:228 ThreadMain] pthread_setaffinity_np failed for thread: 4098333, index: 185, mask: {162, }, error code: 22 error msg: Invalid argument. Specify the number of threads explicitly so the affinity is not set.[m
[1;31m2026-09-30 15:13:20.678513693 [E:onnxruntime:Default, env.cc:228 ThreadMain] pthread_setaffinity_np failed for thread: 4098314, index: 166, mask: {119, }, error code: 22 error msg: Invalid argument. Specify the number of threads explicitly so the affinity is not set.[m
[1;31m2026-09-30 15:13:20.678558412 [E:onnxruntime:Default, env.cc:228 ThreadMain] pthread_setaffinity_np failed for thread: 4098325, index: 177, mask: {138, }, error code: 22 error msg: Invalid argument. Specify the number of threads explicitly so the affinity is not set.[m
[1;31m2026-09-30 15:13:20.678758009 [E:onnxruntime:Default, env.cc:228 ThreadMain] pthread_setaffinity_np failed for thread: 4098334, index: 186, mask: {163, }, error code: 22 error msg: Invalid argument. Specify the number of threads explicitly so the affinity is not set.[m
[1;31m2026-09-30 15:13:20.679440289 [E:onnxruntime:Default, env.cc:228 ThreadMain] pthread_setaffinity_np failed for thread: 4098320, index: 172, mask: {189, }, error code: 22 error msg: Invalid argument. Specify the number of threads explicitly so the affinity is not set.[m
[1;31m2026-09-30 15:13:20.679648126 [E:onnxruntime:Default, env.cc:228 ThreadMain] pthread_setaffinity_np failed for thread: 4098336, index: 188, mask: {165, }, error code: 22 error msg: Invalid argument. Specify the number of threads explicitly so the affinity is not set.[m
[1;31m2026-09-30 15:13:20.679681376 [E:onnxruntime:Default, env.cc:228 ThreadMain] pthread_setaffinity_np failed for thread: 4098317, index: 169, mask: {186, }, error code: 22 error msg: Invalid argument. Specify the number of threads explicitly so the affinity is not set.[m
[1;31m2026-09-30 15:13:20.679772854 [E:onnxruntime:Default, env.cc:228 ThreadMain] pthread_setaffinity_np failed for thread: 4098318, index: 170, mask: {187, }, error code: 22 error msg: Invalid argument. Specify the number of threads explicitly so the affinity is not set.[m
[1;31m2026-09-30 15:13:20.681435610 [E:onnxruntime:Default, env.cc:228 ThreadMain] pthread_setaffinity_np failed for thread: 4098324, index: 176, mask: {137, }, error code: 22 error msg: Invalid argument. Specify the number of threads explicitly so the affinity is not set.[m
[1;31m2026-09-30 15:13:20.682442035 [E:onnxruntime:Default, env.cc:228 ThreadMain] pthread_setaffinity_np failed for thread: 4098312, index: 164, mask: {117, }, error code: 22 error msg: Invalid argument. Specify the number of threads explicitly so the affinity is not set.[m
[1;31m2026-09-30 15:13:20.683466269 [E:onnxruntime:Default, env.cc:228 ThreadMain] pthread_setaffinity_np failed for thread: 4098326, index: 178, mask: {139, }, error code: 22 error msg: Invalid argument. Specify the number of threads explicitly so the affinity is not set.[m
[1;31m2026-09-30 15:13:20.684481644 [E:onnxruntime:Default, env.cc:228 ThreadMain] pthread_setaffinity_np failed for thread: 4098330, index: 182, mask: {143, }, error code: 22 error msg: Invalid argument. Specify the number of threads explicitly so the affinity is not set.[m
[1;31m2026-09-30 15:13:20.684524514 [E:onnxruntime:Default, env.cc:228 ThreadMain] pthread_setaffinity_np failed for thread: 4098323, index: 175, mask: {136, }, error code: 22 error msg: Invalid argument. Specify the number of threads explicitly so the affinity is not set.[m
[1;31m2026-09-30 15:13:20.604501623 [E:onnxruntime:Default, env.cc:228 ThreadMain] pthread_setaffinity_np failed for thread: 4098202, index: 54, mask: {39, }, error code: 22 error msg: Invalid argument. Specify the number of threads explicitly so the affinity is not set.[m
[1;31m2026-09-30 15:13:20.604597082 [E:onnxruntime:Default, env.cc:228 ThreadMain] pthread_setaffinity_np failed for thread: 4098217, index: 69, mask: {22, }, error code: 22 error msg: Invalid argument. Specify the number of threads explicitly so the affinity is not set.[m
[1;31m2026-09-30 15:13:20.649188439 [E:onnxruntime:Default, env.cc:228 ThreadMain] pthread_setaffinity_np failed for thread: 4098288, index: 140, mask: {181, }, error code: 22 error msg: Invalid argument. Specify the number of threads explicitly so the affinity is not set.[m
[1;31m2026-09-30 15:13:20.604552032 [E:onnxruntime:Default, env.cc:228 ThreadMain] pthread_setaffinity_np failed for thread: 4098206, index: 58, mask: {59, }, error code: 22 error msg: Invalid argument. Specify the number of threads explicitly so the affinity is not set.[m
[1;31m2026-09-30 15:13:20.691827595 [E:onnxruntime:Default, env.cc:228 ThreadMain] pthread_setaffinity_np failed for thread: 4098175, index: 27, mask: {52, }, error code: 22 error msg: Invalid argument. Specify the number of threads explicitly so the affinity is not set.[m
[1;31m2026-09-30 15:13:20.604520263 [E:onnxruntime:Default, env.cc:228 ThreadMain] pthread_setaffinity_np failed for thread: 4098233, index: 85, mask: {46, }, error code: 22 error msg: Invalid argument. Specify the number of threads explicitly so the affinity is not set.[m
[1;31m2026-09-30 15:13:20.604585102 [E:onnxruntime:Default, env.cc:228 ThreadMain] pthread_setaffinity_np failed for thread: 4098242, index: 94, mask: {71, }, error code: 22 error msg: Invalid argument. Specify the number of threads explicitly so the affinity is not set.[m
[1;31m2026-09-30 15:13:20.691518390 [E:onnxruntime:Default, env.cc:228 ThreadMain] pthread_setaffinity_np failed for thread: 4098327, index: 179, mask: {140, }, error code: 22 error msg: Invalid argument. Specify the number of threads explicitly so the affinity is not set.[m
[1;31m2026-09-30 15:13:20.691592919 [E:onnxruntime:Default, env.cc:228 ThreadMain] pthread_setaffinity_np failed for thread: 4098295, index: 147, mask: {132, }, error code: 22 error msg: Invalid argument. Specify the number of threads explicitly so the affinity is not set.[m
[1;31m2026-09-30 15:13:20.691632778 [E:onnxruntime:Default, env.cc:228 ThreadMain] pthread_setaffinity_np failed for thread: 4098298, index: 150, mask: {135, }, error code: 22 error msg: Invalid argument. Specify the number of threads explicitly so the affinity is not set.[m
[1;31m2026-09-30 15:13:20.691705587 [E:onnxruntime:Default, env.cc:228 ThreadMain] pthread_setaffinity_np failed for thread: 4098308, index: 160, mask: {113, }, error code: 22 error msg: Invalid argument. Specify the number of threads explicitly so the affinity is not set.[m
[1;31m2026-09-30 15:13:20.691743586 [E:onnxruntime:Default, env.cc:228 ThreadMain] pthread_setaffinity_np failed for thread: 4098176, index: 28, mask: {53, }, error code: 22 error msg: Invalid argument. Specify the number of threads explicitly so the affinity is not set.[m
[1;31m2026-09-30 15:13:20.604625531 [E:onnxruntime:Default, env.cc:228 ThreadMain] pthread_setaffinity_np failed for thread: 4098240, index: 92, mask: {69, }, error code: 22 error msg: Invalid argument. Specify the number of threads explicitly so the affinity is not set.[m
[1;31m2026-09-30 15:13:20.604595432 [E:onnxruntime:Default, env.cc:228 ThreadMain] pthread_setaffinity_np failed for thread: 4098207, index: 59, mask: {60, }, error code: 22 error msg: Invalid argument. Specify the number of threads explicitly so the affinity is not set.[m
[1;31m2026-09-30 15:13:20.633365914 [E:onnxruntime:Default, env.cc:228 ThreadMain] pthread_setaffinity_np failed for thread: 4098267, index: 119, mask: {144, }, error code: 22 error msg: Invalid argument. Specify the number of threads explicitly so the affinity is not set.[m
[1;31m2026-09-30 15:13:20.646431230 [E:onnxruntime:Default, env.cc:228 ThreadMain] pthread_setaffinity_np failed for thread: 4098261, index: 113, mask: {122, }, error code: 22 error msg: Invalid argument. Specify the number of threads explicitly so the affinity is not set.[m
[1;31m2026-09-30 15:13:20.679514038 [E:onnxruntime:Default, env.cc:228 ThreadMain] pthread_setaffinity_np failed for thread: 4098338, index: 190, mask: {167, }, error code: 22 error msg: Invalid argument. Specify the number of threads explicitly so the affinity is not set.[m
[1;31m2026-09-30 15:13:20.691781306 [E:onnxruntime:Default, env.cc:228 ThreadMain] pthread_setaffinity_np failed for thread: 4098306, index: 158, mask: {159, }, error code: 22 error msg: Invalid argument. Specify the number of threads explicitly so the affinity is not set.[m
[1;31m2026-09-30 15:13:20.604562232 [E:onnxruntime:Default, env.cc:228 ThreadMain] pthread_setaffinity_np failed for thread: 4098234, index: 86, mask: {47, }, error code: 22 error msg: Invalid argument. Specify the number of threads explicitly so the affinity is not set.[m
[1;31m2026-09-30 15:13:20.649135910 [E:onnxruntime:Default, env.cc:228 ThreadMain] pthread_setaffinity_np failed for thread: 4098285, index: 137, mask: {178, }, error code: 22 error msg: Invalid argument. Specify the number of threads explicitly so the affinity is not set.[m
[1;31m2026-09-30 15:13:20.604624231 [E:onnxruntime:Default, env.cc:228 ThreadMain] pthread_setaffinity_np failed for thread: 4098230, index: 82, mask: {43, }, error code: 22 error msg: Invalid argument. Specify the number of threads explicitly so the affinity is not set.[m
[1;31m2026-09-30 15:13:20.646502709 [E:onnxruntime:Default, env.cc:228 ThreadMain] pthread_setaffinity_np failed for thread: 4098269, index: 121, mask: {146, }, error code: 22 error msg: Invalid argument. Specify the number of threads explicitly so the affinity is not set.[m
[1;31m2026-09-30 15:13:20.649244468 [E:onnxruntime:Default, env.cc:228 ThreadMain] pthread_setaffinity_np failed for thread: 4098183, index: 35, mask: {12, }, error code: 22 error msg: Invalid argument. Specify the number of threads explicitly so the affinity is not set.[m
[1;31m2026-09-30 15:13:20.649024041 [E:onnxruntime:Default, env.cc:228 ThreadMain] pthread_setaffinity_np failed for thread: 4098270, index: 122, mask: {147, }, error code: 22 error msg: Invalid argument. Specify the number of threads explicitly so the affinity is not set.[m
[1;31m2026-09-30 15:13:20.649349836 [E:onnxruntime:Default, env.cc:228 ThreadMain] pthread_setaffinity_np failed for thread: 4098259, index: 111, mask: {120, }, error code: 22 error msg: Invalid argument. Specify the number of threads explicitly so the affinity is not set.[m
[1;31m2026-09-30 15:13:20.649227998 [E:onnxruntime:Default, env.cc:228 ThreadMain] pthread_setaffinity_np failed for thread: 4098290, index: 142, mask: {183, }, error code: 22 error msg: Invalid argument. Specify the number of threads explicitly so the affinity is not set.[m
[1;31m2026-09-30 15:13:20.649279907 [E:onnxruntime:Default, env.cc:228 ThreadMain] pthread_setaffinity_np failed for thread: 4098186, index: 38, mask: {15, }, error code: 22 error msg: Invalid argument. Specify the number of threads explicitly so the affinity is not set.[m
[1;31m2026-09-30 15:13:20.604519743 [E:onnxruntime:Default, env.cc:228 ThreadMain] pthread_setaffinity_np failed for thread: 4098204, index: 56, mask: {57, }, error code: 22 error msg: Invalid argument. Specify the number of threads explicitly so the affinity is not set.[m
[1;31m2026-09-30 15:13:20.649562183 [E:onnxruntime:Default, env.cc:228 ThreadMain] pthread_setaffinity_np failed for thread: 4098278, index: 130, mask: {107, }, error code: 22 error msg: Invalid argument. Specify the number of threads explicitly so the affinity is not set.[m
[1;31m2026-09-30 15:13:20.691957363 [E:onnxruntime:Default, env.cc:228 ThreadMain] pthread_setaffinity_np failed for thread: 4098303, index: 155, mask: {156, }, error code: 22 error msg: Invalid argument. Specify the number of threads explicitly so the affinity is not set.[m
[1;31m2026-09-30 15:13:20.692022052 [E:onnxruntime:Default, env.cc:228 ThreadMain] pthread_setaffinity_np failed for thread: 4098177, index: 29, mask: {54, }, error code: 22 error msg: Invalid argument. Specify the number of threads explicitly so the affinity is not set.[m
[1;31m2026-09-30 15:13:20.692064322 [E:onnxruntime:Default, env.cc:228 ThreadMain] pthread_setaffinity_np failed for thread: 4098310, index: 162, mask: {115, }, error code: 22 error msg: Invalid argument. Specify the number of threads explicitly so the affinity is not set.[m
[1;31m2026-09-30 15:13:20.692073091 [E:onnxruntime:Default, env.cc:228 ThreadMain] pthread_setaffinity_np failed for thread: 4098174, index: 26, mask: {51, }, error code: 22 error msg: Invalid argument. Specify the number of threads explicitly so the affinity is not set.[m
[1;31m2026-09-30 15:13:20.692082871 [E:onnxruntime:Default, env.cc:228 ThreadMain] pthread_setaffinity_np failed for thread: 4098173, index: 25, mask: {50, }, error code: 22 error msg: Invalid argument. Specify the number of threads explicitly so the affinity is not set.[m
[1;31m2026-09-30 15:13:20.718550168 [E:onnxruntime:Default, env.cc:228 ThreadMain] pthread_setaffinity_np failed for thread: 4098307, index: 159, mask: {112, }, error code: 22 error msg: Invalid argument. Specify the number of threads explicitly so the affinity is not set.[m
[1;31m2026-09-30 15:13:20.604484353 [E:onnxruntime:Default, env.cc:228 ThreadMain] pthread_setaffinity_np failed for thread: 4098218, index: 70, mask: {23, }, error code: 22 error msg: Invalid argument. Specify the number of threads explicitly so the affinity is not set.[m
[1;31m2026-09-30 15:13:20.649533534 [E:onnxruntime:Default, env.cc:228 ThreadMain] pthread_setaffinity_np failed for thread: 4098266, index: 118, mask: {127, }, error code: 22 error msg: Invalid argument. Specify the number of threads explicitly so the affinity is not set.[m
[1;31m2026-09-30 15:13:20.649525814 [E:onnxruntime:Default, env.cc:228 ThreadMain] pthread_setaffinity_np failed for thread: 4098273, index: 125, mask: {150, }, error code: 22 error msg: Invalid argument. Specify the number of threads explicitly so the affinity is not set.[m
[1;31m2026-09-30 15:13:20.649551693 [E:onnxruntime:Default, env.cc:228 ThreadMain] pthread_setaffinity_np failed for thread: 4098276, index: 128, mask: {105, }, error code: 22 error msg: Invalid argument. Specify the number of threads explicitly so the affinity is not set.[m
[1;31m2026-09-30 15:13:20.649090740 [E:onnxruntime:Default, env.cc:228 ThreadMain] pthread_setaffinity_np failed for thread: 4098281, index: 133, mask: {110, }, error code: 22 error msg: Invalid argument. Specify the number of threads explicitly so the affinity is not set.[m
[1;31m2026-09-30 15:13:20.649570853 [E:onnxruntime:Default, env.cc:228 ThreadMain] pthread_setaffinity_np failed for thread: 4098279, index: 131, mask: {108, }, error code: 22 error msg: Invalid argument. Specify the number of threads explicitly so the affinity is not set.[m
[1;31m2026-09-30 15:13:20.649534764 [E:onnxruntime:Default, env.cc:228 ThreadMain] pthread_setaffinity_np failed for thread: 4098268, index: 120, mask: {145, }, error code: 22 error msg: Invalid argument. Specify the number of threads explicitly so the affinity is not set.[m
[1;31m2026-09-30 15:13:20.649592623 [E:onnxruntime:Default, env.cc:228 ThreadMain] pthread_setaffinity_np failed for thread: 4098289, index: 141, mask: {182, }, error code: 22 error msg: Invalid argument. Specify the number of threads explicitly so the affinity is not set.[m
[1;31m2026-09-30 15:13:20.675755064 [E:onnxruntime:Default, env.cc:228 ThreadMain] pthread_setaffinity_np failed for thread: 4098316, index: 168, mask: {185, }, error code: 22 error msg: Invalid argument. Specify the number of threads explicitly so the affinity is not set.[m
[1;31m2026-09-30 15:13:20.649569923 [E:onnxruntime:Default, env.cc:228 ThreadMain] pthread_setaffinity_np failed for thread: 4098282, index: 134, mask: {111, }, error code: 22 error msg: Invalid argument. Specify the number of threads explicitly so the affinity is not set.[m
[1;31m2026-09-30 15:13:20.649115000 [E:onnxruntime:Default, env.cc:228 ThreadMain] pthread_setaffinity_np failed for thread: 4098179, index: 31, mask: {8, }, error code: 22 error msg: Invalid argument. Specify the number of threads explicitly so the affinity is not set.[m
[1;31m2026-09-30 15:13:20.649519074 [E:onnxruntime:Default, env.cc:228 ThreadMain] pthread_setaffinity_np failed for thread: 4098249, index: 101, mask: {102, }, error code: 22 error msg: Invalid argument. Specify the number of threads explicitly so the affinity is not set.[m
[1;31m2026-09-30 15:13:20.649548224 [E:onnxruntime:Default, env.cc:228 ThreadMain] pthread_setaffinity_np failed for thread: 4098199, index: 51, mask: {36, }, error code: 22 error msg: Invalid argument. Specify the number of threads explicitly so the affinity is not set.[m
[1;31m2026-09-30 15:13:20.649851339 [E:onnxruntime:Default, env.cc:228 ThreadMain] pthread_setaffinity_np failed for thread: 4098287, index: 139, mask: {180, }, error code: 22 error msg: Invalid argument. Specify the number of threads explicitly so the affinity is not set.[m
[1;31m2026-09-30 15:13:20.649559513 [E:onnxruntime:Default, env.cc:228 ThreadMain] pthread_setaffinity_np failed for thread: 4098277, index: 129, mask: {106, }, error code: 22 error msg: Invalid argument. Specify the number of threads explicitly so the affinity is not set.[m
[1;31m2026-09-30 15:13:20.649556493 [E:onnxruntime:Default, env.cc:228 ThreadMain] pthread_setaffinity_np failed for thread: 4098275, index: 127, mask: {104, }, error code: 22 error msg: Invalid argument. Specify the number of threads explicitly so the affinity is not set.[m
[1;31m2026-09-30 15:13:20.691558909 [E:onnxruntime:Default, env.cc:228 ThreadMain] pthread_setaffinity_np failed for thread: 4098313, index: 165, mask: {118, }, error code: 22 error msg: Invalid argument. Specify the number of threads explicitly so the affinity is not set.[m
[1;31m2026-09-30 15:13:20.691481410 [E:onnxruntime:Default, env.cc:228 ThreadMain] pthread_setaffinity_np failed for thread: 4098319, index: 171, mask: {188, }, error code: 22 error msg: Invalid argument. Specify the number of threads explicitly so the affinity is not set.[m
[1;31m2026-09-30 15:13:20.649579363 [E:onnxruntime:Default, env.cc:228 ThreadMain] pthread_setaffinity_np failed for thread: 4098250, index: 102, mask: {103, }, error code: 22 error msg: Invalid argument. Specify the number of threads explicitly so the affinity is not set.[m
[1;31m2026-09-30 15:13:20.691988723 [E:onnxruntime:Default, env.cc:228 ThreadMain] pthread_setaffinity_np failed for thread: 4098301, index: 153, mask: {154, }, error code: 22 error msg: Invalid argument. Specify the number of threads explicitly so the affinity is not set.[m
[1;31m2026-09-30 15:13:20.649154229 [E:onnxruntime:Default, env.cc:228 ThreadMain] pthread_setaffinity_np failed for thread: 4098180, index: 32, mask: {9, }, error code: 22 error msg: Invalid argument. Specify the number of threads explicitly so the affinity is not set.[m
[1;31m2026-09-30 15:13:20.691962393 [E:onnxruntime:Default, env.cc:228 ThreadMain] pthread_setaffinity_np failed for thread: 4098210, index: 62, mask: {63, }, error code: 22 error msg: Invalid argument. Specify the number of threads explicitly so the affinity is not set.[m
[1;31m2026-09-30 15:13:20.691977523 [E:onnxruntime:Default, env.cc:228 ThreadMain] pthread_setaffinity_np failed for thread: 4098171, index: 23, mask: {48, }, error code: 22 error msg: Invalid argument. Specify the number of threads explicitly so the affinity is not set.[m
[1;31m2026-09-30 15:13:20.649534374 [E:onnxruntime:Default, env.cc:228 ThreadMain] pthread_setaffinity_np failed for thread: 4098265, index: 117, mask: {126, }, error code: 22 error msg: Invalid argument. Specify the number of threads explicitly so the affinity is not set.[m
[1;31m2026-09-30 15:13:20.679542008 [E:onnxruntime:Default, env.cc:228 ThreadMain] pthread_setaffinity_np failed for thread: 4098335, index: 187, mask: {164, }, error code: 22 error msg: Invalid argument. Specify the number of threads explicitly so the affinity is not set.[m
[1;31m2026-09-30 15:13:20.692008772 [E:onnxruntime:Default, env.cc:228 ThreadMain] pthread_setaffinity_np failed for thread: 4098328, index: 180, mask: {141, }, error code: 22 error msg: Invalid argument. Specify the number of threads explicitly so the affinity is not set.[m
[1;31m2026-09-30 15:13:20.691996153 [E:onnxruntime:Default, env.cc:228 ThreadMain] pthread_setaffinity_np failed for thread: 4098302, index: 154, mask: {155, }, error code: 22 error msg: Invalid argument. Specify the number of threads explicitly so the affinity is not set.[m
[1;31m2026-09-30 15:13:20.718460629 [E:onnxruntime:Default, env.cc:228 ThreadMain] pthread_setaffinity_np failed for thread: 4098170, index: 22, mask: {31, }, error code: 22 error msg: Invalid argument. Specify the number of threads explicitly so the affinity is not set.[m
[1;31m2026-09-30 15:13:20.692000833 [E:onnxruntime:Default, env.cc:228 ThreadMain] pthread_setaffinity_np failed for thread: 4098299, index: 151, mask: {152, }, error code: 22 error msg: Invalid argument. Specify the number of threads explicitly so the affinity is not set.[m
[1;31m2026-09-30 15:13:20.692048132 [E:onnxruntime:Default, env.cc:228 ThreadMain] pthread_setaffinity_np failed for thread: 4098300, index: 152, mask: {153, }, error code: 22 error msg: Invalid argument. Specify the number of threads explicitly so the affinity is not set.[m
[1;31m2026-09-30 15:13:20.692090761 [E:onnxruntime:Default, env.cc:228 ThreadMain] pthread_setaffinity_np failed for thread: 4098309, index: 161, mask: {114, }, error code: 22 error msg: Invalid argument. Specify the number of threads explicitly so the affinity is not set.[m
[1;31m2026-09-30 15:13:20.691983643 [E:onnxruntime:Default, env.cc:228 ThreadMain] pthread_setaffinity_np failed for thread: 4098332, index: 184, mask: {161, }, error code: 22 error msg: Invalid argument. Specify the number of threads explicitly so the affinity is not set.[m
[1;31m2026-09-30 15:13:20.691978063 [E:onnxruntime:Default, env.cc:228 ThreadMain] pthread_setaffinity_np failed for thread: 4098315, index: 167, mask: {184, }, error code: 22 error msg: Invalid argument. Specify the number of threads explicitly so the affinity is not set.[m
[1;31m2026-09-30 15:13:20.692031202 [E:onnxruntime:Default, env.cc:228 ThreadMain] pthread_setaffinity_np failed for thread: 4098297, index: 149, mask: {134, }, error code: 22 error msg: Invalid argument. Specify the number of threads explicitly so the affinity is not set.[m
[1;31m2026-09-30 15:13:20.692056172 [E:onnxruntime:Default, env.cc:228 ThreadMain] pthread_setaffinity_np failed for thread: 4098294, index: 146, mask: {131, }, error code: 22 error msg: Invalid argument. Specify the number of threads explicitly so the affinity is not set.[m
[1;31m2026-09-30 15:13:20.604537363 [E:onnxruntime:Default, env.cc:228 ThreadMain] pthread_setaffinity_np failed for thread: 4098209, index: 61, mask: {62, }, error code: 22 error msg: Invalid argument. Specify the number of threads explicitly so the affinity is not set.[m
[1;31m2026-09-30 15:13:20.691667197 [E:onnxruntime:Default, env.cc:228 ThreadMain] pthread_setaffinity_np failed for thread: 4098293, index: 145, mask: {130, }, error code: 22 error msg: Invalid argument. Specify the number of threads explicitly so the affinity is not set.[m
[1;31m2026-09-30 15:13:20.692040502 [E:onnxruntime:Default, env.cc:228 ThreadMain] pthread_setaffinity_np failed for thread: 4098296, index: 148, mask: {133, }, error code: 22 error msg: Invalid argument. Specify the number of threads explicitly so the affinity is not set.[m
[1;31m2026-09-30 15:13:20.691994423 [E:onnxruntime:Default, env.cc:228 ThreadMain] pthread_setaffinity_np failed for thread: 4098172, index: 24, mask: {49, }, error code: 22 error msg: Invalid argument. Specify the number of threads explicitly so the affinity is not set.[m
2026-09-30 15:13:28.886 | INFO     | mineru.backend.pipeline.pipeline_analyze:doc_analyze_streaming:264 - Pipeline processing window batch 1/1: 17/17 pages, batch_pages=17, doc_slices=doc0:1-17
2026-09-30 15:13:29.357 | INFO     | mineru.backend.pipeline.pipeline_analyze:batch_image_analyze:364 - GPU Memory: 1 GB, Batch Ratio: 1. 
2026-09-30 15:13:29.358 | INFO     | mineru.backend.pipeline.model_init:__init__:252 - DocAnalysis init, this may take some times......
[1;31m2026-09-30 15:13:38.652353071 [E:onnxruntime:Default, env.cc:228 ThreadMain] pthread_setaffinity_np failed for thread: 4098383, index: 3, mask: {4, }, error code: 22 error msg: Invalid argument. Specify the number of threads explicitly so the affinity is not set.[m
[1;31m2026-09-30 15:13:38.652196122 [E:onnxruntime:Default, env.cc:228 ThreadMain] pthread_setaffinity_np failed for thread: 4098381, index: 1, mask: {2, }, error code: 22 error msg: Invalid argument. Specify the number of threads explicitly so the affinity is not set.[m
[1;31m2026-09-30 15:13:38.652305332 [E:onnxruntime:Default, env.cc:228 ThreadMain] pthread_setaffinity_np failed for thread: 4098382, index: 2, mask: {3, }, error code: 22 error msg: Invalid argument. Specify the number of threads explicitly so the affinity is not set.[m
[1;31m2026-09-30 15:13:38.652198812 [E:onnxruntime:Default, env.cc:228 ThreadMain] pthread_setaffinity_np failed for thread: 4098380, index: 0, mask: {1, }, error code: 22 error msg: Invalid argument. Specify the number of threads explicitly so the affinity is not set.[m
[1;31m2026-09-30 15:13:38.652767368 [E:onnxruntime:Default, env.cc:228 ThreadMain] pthread_setaffinity_np failed for thread: 4098385, index: 5, mask: {6, }, error code: 22 error msg: Invalid argument. Specify the number of threads explicitly so the affinity is not set.[m
[1;31m2026-09-30 15:13:38.652783958 [E:onnxruntime:Default, env.cc:228 ThreadMain] pthread_setaffinity_np failed for thread: 4098384, index: 4, mask: {5, }, error code: 22 error msg: Invalid argument. Specify the number of threads explicitly so the affinity is not set.[m
[1;31m2026-09-30 15:13:38.652850918 [E:onnxruntime:Default, env.cc:228 ThreadMain] pthread_setaffinity_np failed for thread: 4098386, index: 6, mask: {7, }, error code: 22 error msg: Invalid argument. Specify the number of threads explicitly so the affinity is not set.[m
[1;31m2026-09-30 15:13:38.653156915 [E:onnxruntime:Default, env.cc:228 ThreadMain] pthread_setaffinity_np failed for thread: 4098395, index: 15, mask: {24, }, error code: 22 error msg: Invalid argument. Specify the number of threads explicitly so the affinity is not set.[m
[1;31m2026-09-30 15:13:38.653216245 [E:onnxruntime:Default, env.cc:228 ThreadMain] pthread_setaffinity_np failed for thread: 4098396, index: 16, mask: {25, }, error code: 22 error msg: Invalid argument. Specify the number of threads explicitly so the affinity is not set.[m
[1;31m2026-09-30 15:13:38.653325724 [E:onnxruntime:Default, env.cc:228 ThreadMain] pthread_setaffinity_np failed for thread: 4098398, index: 18, mask: {27, }, error code: 22 error msg: Invalid argument. Specify the number of threads explicitly so the affinity is not set.[m
[1;31m2026-09-30 15:13:38.653435943 [E:onnxruntime:Default, env.cc:228 ThreadMain] pthread_setaffinity_np failed for thread: 4098399, index: 19, mask: {28, }, error code: 22 error msg: Invalid argument. Specify the number of threads explicitly so the affinity is not set.[m
[1;31m2026-09-30 15:13:38.659132311 [E:onnxruntime:Default, env.cc:228 ThreadMain] pthread_setaffinity_np failed for thread: 4098400, index: 20, mask: {29, }, error code: 22 error msg: Invalid argument. Specify the number of threads explicitly so the affinity is not set.[m
[1;31m2026-09-30 15:13:38.659737667 [E:onnxruntime:Default, env.cc:228 ThreadMain] pthread_setaffinity_np failed for thread: 4098401, index: 21, mask: {30, }, error code: 22 error msg: Invalid argument. Specify the number of threads explicitly so the affinity is not set.[m
[1;31m2026-09-30 15:13:38.659932435 [E:onnxruntime:Default, env.cc:228 ThreadMain] pthread_setaffinity_np failed for thread: 4098403, index: 23, mask: {48, }, error code: 22 error msg: Invalid argument. Specify the number of threads explicitly so the affinity is not set.[m
[1;31m2026-09-30 15:13:38.659909015 [E:onnxruntime:Default, env.cc:228 ThreadMain] pthread_setaffinity_np failed for thread: 4098402, index: 22, mask: {31, }, error code: 22 error msg: Invalid argument. Specify the number of threads explicitly so the affinity is not set.[m
[1;31m2026-09-30 15:13:38.661131586 [E:onnxruntime:Default, env.cc:228 ThreadMain] pthread_setaffinity_np failed for thread: 4098564, index: 184, mask: {161, }, error code: 22 error msg: Invalid argument. Specify the number of threads explicitly so the affinity is not set.[m
[1;31m2026-09-30 15:13:38.661692942 [E:onnxruntime:Default, env.cc:228 ThreadMain] pthread_setaffinity_np failed for thread: 4098427, index: 47, mask: {32, }, error code: 22 error msg: Invalid argument. Specify the number of threads explicitly so the affinity is not set.[m
[1;31m2026-09-30 15:13:38.661763501 [E:onnxruntime:Default, env.cc:228 ThreadMain] pthread_setaffinity_np failed for thread: 4098428, index: 48, mask: {33, }, error code: 22 error msg: Invalid argument. Specify the number of threads explicitly so the affinity is not set.[m
[1;31m2026-09-30 15:13:38.663566738 [E:onnxruntime:Default, env.cc:228 ThreadMain] pthread_setaffinity_np failed for thread: 4098434, index: 54, mask: {39, }, error code: 22 error msg: Invalid argument. Specify the number of threads explicitly so the affinity is not set.[m
[1;31m2026-09-30 15:13:38.663639648 [E:onnxruntime:Default, env.cc:228 ThreadMain] pthread_setaffinity_np failed for thread: 4098437, index: 57, mask: {58, }, error code: 22 error msg: Invalid argument. Specify the number of threads explicitly so the affinity is not set.[m
[1;31m2026-09-30 15:13:38.663675887 [E:onnxruntime:Default, env.cc:228 ThreadMain] pthread_setaffinity_np failed for thread: 4098439, index: 59, mask: {60, }, error code: 22 error msg: Invalid argument. Specify the number of threads explicitly so the affinity is not set.[m
[1;31m2026-09-30 15:13:38.663657007 [E:onnxruntime:Default, env.cc:228 ThreadMain] pthread_setaffinity_np failed for thread: 4098438, index: 58, mask: {59, }, error code: 22 error msg: Invalid argument. Specify the number of threads explicitly so the affinity is not set.[m
[1;31m2026-09-30 15:13:38.663759777 [E:onnxruntime:Default, env.cc:228 ThreadMain] pthread_setaffinity_np failed for thread: 4098443, index: 63, mask: {16, }, error code: 22 error msg: Invalid argument. Specify the number of threads explicitly so the affinity is not set.[m
[1;31m2026-09-30 15:13:38.664475681 [E:onnxruntime:Default, env.cc:228 ThreadMain] pthread_setaffinity_np failed for thread: 4098444, index: 64, mask: {17, }, error code: 22 error msg: Invalid argument. Specify the number of threads explicitly so the affinity is not set.[m
[1;31m2026-09-30 15:13:38.673404055 [E:onnxruntime:Default, env.cc:228 ThreadMain] pthread_setaffinity_np failed for thread: 4098445, index: 65, mask: {18, }, error code: 22 error msg: Invalid argument. Specify the number of threads explicitly so the affinity is not set.[m
[1;31m2026-09-30 15:13:38.663731497 [E:onnxruntime:Default, env.cc:228 ThreadMain] pthread_setaffinity_np failed for thread: 4098442, index: 62, mask: {63, }, error code: 22 error msg: Invalid argument. Specify the number of threads explicitly so the affinity is not set.[m
[1;31m2026-09-30 15:13:38.680401543 [E:onnxruntime:Default, env.cc:228 ThreadMain] pthread_setaffinity_np failed for thread: 4098446, index: 66, mask: {19, }, error code: 22 error msg: Invalid argument. Specify the number of threads explicitly so the affinity is not set.[m
[1;31m2026-09-30 15:13:38.689445106 [E:onnxruntime:Default, env.cc:228 ThreadMain] pthread_setaffinity_np failed for thread: 4098449, index: 69, mask: {22, }, error code: 22 error msg: Invalid argument. Specify the number of threads explicitly so the affinity is not set.[m
[1;31m2026-09-30 15:13:38.692020397 [E:onnxruntime:Default, env.cc:228 ThreadMain] pthread_setaffinity_np failed for thread: 4098463, index: 83, mask: {44, }, error code: 22 error msg: Invalid argument. Specify the number of threads explicitly so the affinity is not set.[m
[1;31m2026-09-30 15:13:38.693124849 [E:onnxruntime:Default, env.cc:228 ThreadMain] pthread_setaffinity_np failed for thread: 4098465, index: 85, mask: {46, }, error code: 22 error msg: Invalid argument. Specify the number of threads explicitly so the affinity is not set.[m
[1;31m2026-09-30 15:13:38.661194096 [E:onnxruntime:Default, env.cc:228 ThreadMain] pthread_setaffinity_np failed for thread: 4098408, index: 28, mask: {53, }, error code: 22 error msg: Invalid argument. Specify the number of threads explicitly so the affinity is not set.[m
[1;31m2026-09-30 15:13:38.663611218 [E:onnxruntime:Default, env.cc:228 ThreadMain] pthread_setaffinity_np failed for thread: 4098436, index: 56, mask: {57, }, error code: 22 error msg: Invalid argument. Specify the number of threads explicitly so the affinity is not set.[m
[1;31m2026-09-30 15:13:38.663476669 [E:onnxruntime:Default, env.cc:228 ThreadMain] pthread_setaffinity_np failed for thread: 4098430, index: 50, mask: {35, }, error code: 22 error msg: Invalid argument. Specify the number of threads explicitly so the affinity is not set.[m
[1;31m2026-09-30 15:13:38.663584538 [E:onnxruntime:Default, env.cc:228 ThreadMain] pthread_setaffinity_np failed for thread: 4098435, index: 55, mask: {56, }, error code: 22 error msg: Invalid argument. Specify the number of threads explicitly so the affinity is not set.[m
[1;31m2026-09-30 15:13:38.663519528 [E:onnxruntime:Default, env.cc:228 ThreadMain] pthread_setaffinity_np failed for thread: 4098432, index: 52, mask: {37, }, error code: 22 error msg: Invalid argument. Specify the number of threads explicitly so the affinity is not set.[m
[1;31m2026-09-30 15:13:38.705723466 [E:onnxruntime:Default, env.cc:228 ThreadMain] pthread_setaffinity_np failed for thread: 4098534, index: 154, mask: {155, }, error code: 22 error msg: Invalid argument. Specify the number of threads explicitly so the affinity is not set.[m
[1;31m2026-09-30 15:13:38.719413134 [E:onnxruntime:Default, env.cc:228 ThreadMain] pthread_setaffinity_np failed for thread: 4098547, index: 167, mask: {184, }, error code: 22 error msg: Invalid argument. Specify the number of threads explicitly so the affinity is not set.[m
[1;31m2026-09-30 15:13:38.729353681 [E:onnxruntime:Default, env.cc:228 ThreadMain] pthread_setaffinity_np failed for thread: 4098407, index: 27, mask: {52, }, error code: 22 error msg: Invalid argument. Specify the number of threads explicitly so the affinity is not set.[m
[1;31m2026-09-30 15:13:38.730830020 [E:onnxruntime:Default, env.cc:228 ThreadMain] pthread_setaffinity_np failed for thread: 4098563, index: 183, mask: {160, }, error code: 22 error msg: Invalid argument. Specify the number of threads explicitly so the affinity is not set.[m
[1;31m2026-09-30 15:13:38.661532993 [E:onnxruntime:Default, env.cc:228 ThreadMain] pthread_setaffinity_np failed for thread: 4098467, index: 87, mask: {64, }, error code: 22 error msg: Invalid argument. Specify the number of threads explicitly so the affinity is not set.[m
[1;31m2026-09-30 15:13:38.689421467 [E:onnxruntime:Default, env.cc:228 ThreadMain] pthread_setaffinity_np failed for thread: 4098447, index: 67, mask: {20, }, error code: 22 error msg: Invalid argument. Specify the number of threads explicitly so the affinity is not set.[m
[1;31m2026-09-30 15:13:38.692013007 [E:onnxruntime:Default, env.cc:228 ThreadMain] pthread_setaffinity_np failed for thread: 4098461, index: 81, mask: {42, }, error code: 22 error msg: Invalid argument. Specify the number of threads explicitly so the affinity is not set.[m
[1;31m2026-09-30 15:13:38.661596463 [E:onnxruntime:Default, env.cc:228 ThreadMain] pthread_setaffinity_np failed for thread: 4098468, index: 88, mask: {65, }, error code: 22 error msg: Invalid argument. Specify the number of threads explicitly so the affinity is not set.[m
[1;31m2026-09-30 15:13:38.661576573 [E:onnxruntime:Default, env.cc:228 ThreadMain] pthread_setaffinity_np failed for thread: 4098406, index: 26, mask: {51, }, error code: 22 error msg: Invalid argument. Specify the number of threads explicitly so the affinity is not set.[m
[1;31m2026-09-30 15:13:38.663706047 [E:onnxruntime:Default, env.cc:228 ThreadMain] pthread_setaffinity_np failed for thread: 4098440, index: 60, mask: {61, }, error code: 22 error msg: Invalid argument. Specify the number of threads explicitly so the affinity is not set.[m
[1;31m2026-09-30 15:13:38.663542738 [E:onnxruntime:Default, env.cc:228 ThreadMain] pthread_setaffinity_np failed for thread: 4098433, index: 53, mask: {38, }, error code: 22 error msg: Invalid argument. Specify the number of threads explicitly so the affinity is not set.[m
[1;31m2026-09-30 15:13:38.663502739 [E:onnxruntime:Default, env.cc:228 ThreadMain] pthread_setaffinity_np failed for thread: 4098431, index: 51, mask: {36, }, error code: 22 error msg: Invalid argument. Specify the number of threads explicitly so the affinity is not set.[m
[1;31m2026-09-30 15:13:38.705399918 [E:onnxruntime:Default, env.cc:228 ThreadMain] pthread_setaffinity_np failed for thread: 4098448, index: 68, mask: {21, }, error code: 22 error msg: Invalid argument. Specify the number of threads explicitly so the affinity is not set.[m
[1;31m2026-09-30 15:13:38.691780429 [E:onnxruntime:Default, env.cc:228 ThreadMain] pthread_setaffinity_np failed for thread: 4098450, index: 70, mask: {23, }, error code: 22 error msg: Invalid argument. Specify the number of threads explicitly so the affinity is not set.[m
[1;31m2026-09-30 15:13:38.663443419 [E:onnxruntime:Default, env.cc:228 ThreadMain] pthread_setaffinity_np failed for thread: 4098429, index: 49, mask: {34, }, error code: 22 error msg: Invalid argument. Specify the number of threads explicitly so the affinity is not set.[m
[1;31m2026-09-30 15:13:38.663714907 [E:onnxruntime:Default, env.cc:228 ThreadMain] pthread_setaffinity_np failed for thread: 4098441, index: 61, mask: {62, }, error code: 22 error msg: Invalid argument. Specify the number of threads explicitly so the affinity is not set.[m
[1;31m2026-09-30 15:13:38.764603489 [E:onnxruntime:Default, env.cc:228 ThreadMain] pthread_setaffinity_np failed for thread: 4098566, index: 186, mask: {163, }, error code: 22 error msg: Invalid argument. Specify the number of threads explicitly so the affinity is not set.[m
[1;31m2026-09-30 15:13:38.693935883 [E:onnxruntime:Default, env.cc:228 ThreadMain] pthread_setaffinity_np failed for thread: 4098459, index: 79, mask: {40, }, error code: 22 error msg: Invalid argument. Specify the number of threads explicitly so the affinity is not set.[m
[1;31m2026-09-30 15:13:38.693886643 [E:onnxruntime:Default, env.cc:228 ThreadMain] pthread_setaffinity_np failed for thread: 4098405, index: 25, mask: {50, }, error code: 22 error msg: Invalid argument. Specify the number of threads explicitly so the affinity is not set.[m
[1;31m2026-09-30 15:13:38.705473707 [E:onnxruntime:Default, env.cc:228 ThreadMain] pthread_setaffinity_np failed for thread: 4098469, index: 89, mask: {66, }, error code: 22 error msg: Invalid argument. Specify the number of threads explicitly so the affinity is not set.[m
[1;31m2026-09-30 15:13:38.729018803 [E:onnxruntime:Default, env.cc:228 ThreadMain] pthread_setaffinity_np failed for thread: 4098397, index: 17, mask: {26, }, error code: 22 error msg: Invalid argument. Specify the number of threads explicitly so the affinity is not set.[m
[1;31m2026-09-30 15:13:38.730599181 [E:onnxruntime:Default, env.cc:228 ThreadMain] pthread_setaffinity_np failed for thread: 4098524, index: 144, mask: {129, }, error code: 22 error msg: Invalid argument. Specify the number of threads explicitly so the affinity is not set.[m
[1;31m2026-09-30 15:13:38.730613181 [E:onnxruntime:Default, env.cc:228 ThreadMain] pthread_setaffinity_np failed for thread: 4098538, index: 158, mask: {159, }, error code: 22 error msg: Invalid argument. Specify the number of threads explicitly so the affinity is not set.[m
[1;31m2026-09-30 15:13:38.730495282 [E:onnxruntime:Default, env.cc:228 ThreadMain] pthread_setaffinity_np failed for thread: 4098525, index: 145, mask: {130, }, error code: 22 error msg: Invalid argument. Specify the number of threads explicitly so the affinity is not set.[m
[1;31m2026-09-30 15:13:38.706680199 [E:onnxruntime:Default, env.cc:228 ThreadMain] pthread_setaffinity_np failed for thread: 4098541, index: 161, mask: {114, }, error code: 22 error msg: Invalid argument. Specify the number of threads explicitly so the affinity is not set.[m
[1;31m2026-09-30 15:13:38.729146002 [E:onnxruntime:Default, env.cc:228 ThreadMain] pthread_setaffinity_np failed for thread: 4098500, index: 120, mask: {145, }, error code: 22 error msg: Invalid argument. Specify the number of threads explicitly so the affinity is not set.[m
[1;31m2026-09-30 15:13:38.705587577 [E:onnxruntime:Default, env.cc:228 ThreadMain] pthread_setaffinity_np failed for thread: 4098481, index: 101, mask: {102, }, error code: 22 error msg: Invalid argument. Specify the number of threads explicitly so the affinity is not set.[m
[1;31m2026-09-30 15:13:38.730535862 [E:onnxruntime:Default, env.cc:228 ThreadMain] pthread_setaffinity_np failed for thread: 4098520, index: 140, mask: {181, }, error code: 22 error msg: Invalid argument. Specify the number of threads explicitly so the affinity is not set.[m
[1;31m2026-09-30 15:13:38.728646366 [E:onnxruntime:Default, env.cc:228 ThreadMain] pthread_setaffinity_np failed for thread: 4098550, index: 170, mask: {187, }, error code: 22 error msg: Invalid argument. Specify the number of threads explicitly so the affinity is not set.[m
[1;31m2026-09-30 15:13:38.730470572 [E:onnxruntime:Default, env.cc:228 ThreadMain] pthread_setaffinity_np failed for thread: 4098521, index: 141, mask: {182, }, error code: 22 error msg: Invalid argument. Specify the number of threads explicitly so the affinity is not set.[m
[1;31m2026-09-30 15:13:38.705716026 [E:onnxruntime:Default, env.cc:228 ThreadMain] pthread_setaffinity_np failed for thread: 4098533, index: 153, mask: {154, }, error code: 22 error msg: Invalid argument. Specify the number of threads explicitly so the affinity is not set.[m
[1;31m2026-09-30 15:13:38.693942033 [E:onnxruntime:Default, env.cc:228 ThreadMain] pthread_setaffinity_np failed for thread: 4098464, index: 84, mask: {45, }, error code: 22 error msg: Invalid argument. Specify the number of threads explicitly so the affinity is not set.[m
[1;31m2026-09-30 15:13:38.729080903 [E:onnxruntime:Default, env.cc:228 ThreadMain] pthread_setaffinity_np failed for thread: 4098503, index: 123, mask: {148, }, error code: 22 error msg: Invalid argument. Specify the number of threads explicitly so the affinity is not set.[m
[1;31m2026-09-30 15:13:38.729264431 [E:onnxruntime:Default, env.cc:228 ThreadMain] pthread_setaffinity_np failed for thread: 4098522, index: 142, mask: {183, }, error code: 22 error msg: Invalid argument. Specify the number of threads explicitly so the affinity is not set.[m
[1;31m2026-09-30 15:13:38.729216572 [E:onnxruntime:Default, env.cc:228 ThreadMain] pthread_setaffinity_np failed for thread: 4098412, index: 32, mask: {9, }, error code: 22 error msg: Invalid argument. Specify the number of threads explicitly so the affinity is not set.[m
[1;31m2026-09-30 15:13:38.742464583 [E:onnxruntime:Default, env.cc:228 ThreadMain] pthread_setaffinity_np failed for thread: 4098460, index: 80, mask: {41, }, error code: 22 error msg: Invalid argument. Specify the number of threads explicitly so the affinity is not set.[m
[1;31m2026-09-30 15:13:38.742593672 [E:onnxruntime:Default, env.cc:228 ThreadMain] pthread_setaffinity_np failed for thread: 4098510, index: 130, mask: {107, }, error code: 22 error msg: Invalid argument. Specify the number of threads explicitly so the affinity is not set.[m
[1;31m2026-09-30 15:13:38.742608232 [E:onnxruntime:Default, env.cc:228 ThreadMain] pthread_setaffinity_np failed for thread: 4098480, index: 100, mask: {101, }, error code: 22 error msg: Invalid argument. Specify the number of threads explicitly so the affinity is not set.[m
[1;31m2026-09-30 15:13:38.755432257 [E:onnxruntime:Default, env.cc:228 ThreadMain] pthread_setaffinity_np failed for thread: 4098413, index: 33, mask: {10, }, error code: 22 error msg: Invalid argument. Specify the number of threads explicitly so the affinity is not set.[m
[1;31m2026-09-30 15:13:38.764450100 [E:onnxruntime:Default, env.cc:228 ThreadMain] pthread_setaffinity_np failed for thread: 4098491, index: 111, mask: {120, }, error code: 22 error msg: Invalid argument. Specify the number of threads explicitly so the affinity is not set.[m
[1;31m2026-09-30 15:13:38.742624162 [E:onnxruntime:Default, env.cc:228 ThreadMain] pthread_setaffinity_np failed for thread: 4098560, index: 180, mask: {141, }, error code: 22 error msg: Invalid argument. Specify the number of threads explicitly so the affinity is not set.[m
[1;31m2026-09-30 15:13:38.742693302 [E:onnxruntime:Default, env.cc:228 ThreadMain] pthread_setaffinity_np failed for thread: 4098539, index: 159, mask: {112, }, error code: 22 error msg: Invalid argument. Specify the number of threads explicitly so the affinity is not set.[m
[1;31m2026-09-30 15:13:38.730568861 [E:onnxruntime:Default, env.cc:228 ThreadMain] pthread_setaffinity_np failed for thread: 4098519, index: 139, mask: {180, }, error code: 22 error msg: Invalid argument. Specify the number of threads explicitly so the affinity is not set.[m
[1;31m2026-09-30 15:13:38.755498637 [E:onnxruntime:Default, env.cc:228 ThreadMain] pthread_setaffinity_np failed for thread: 4098414, index: 34, mask: {11, }, error code: 22 error msg: Invalid argument. Specify the number of threads explicitly so the affinity is not set.[m
[1;31m2026-09-30 15:13:38.705665556 [E:onnxruntime:Default, env.cc:228 ThreadMain] pthread_setaffinity_np failed for thread: 4098482, index: 102, mask: {103, }, error code: 22 error msg: Invalid argument. Specify the number of threads explicitly so the affinity is not set.[m
[1;31m2026-09-30 15:13:38.728792265 [E:onnxruntime:Default, env.cc:228 ThreadMain] pthread_setaffinity_np failed for thread: 4098492, index: 112, mask: {121, }, error code: 22 error msg: Invalid argument. Specify the number of threads explicitly so the affinity is not set.[m
[1;31m2026-09-30 15:13:38.772211803 [E:onnxruntime:Default, env.cc:228 ThreadMain] pthread_setaffinity_np failed for thread: 4098417, index: 37, mask: {14, }, error code: 22 error msg: Invalid argument. Specify the number of threads explicitly so the affinity is not set.[m
[1;31m2026-09-30 15:13:38.728762915 [E:onnxruntime:Default, env.cc:228 ThreadMain] pthread_setaffinity_np failed for thread: 4098497, index: 117, mask: {126, }, error code: 22 error msg: Invalid argument. Specify the number of threads explicitly so the affinity is not set.[m
[1;31m2026-09-30 15:13:38.693864944 [E:onnxruntime:Default, env.cc:228 ThreadMain] pthread_setaffinity_np failed for thread: 4098559, index: 179, mask: {140, }, error code: 22 error msg: Invalid argument. Specify the number of threads explicitly so the affinity is not set.[m
[1;31m2026-09-30 15:13:38.730311703 [E:onnxruntime:Default, env.cc:228 ThreadMain] pthread_setaffinity_np failed for thread: 4098508, index: 128, mask: {105, }, error code: 22 error msg: Invalid argument. Specify the number of threads explicitly so the affinity is not set.[m
[1;31m2026-09-30 15:13:38.705533517 [E:onnxruntime:Default, env.cc:228 ThreadMain] pthread_setaffinity_np failed for thread: 4098477, index: 97, mask: {98, }, error code: 22 error msg: Invalid argument. Specify the number of threads explicitly so the affinity is not set.[m
[1;31m2026-09-30 15:13:38.730678941 [E:onnxruntime:Default, env.cc:228 ThreadMain] pthread_setaffinity_np failed for thread: 4098536, index: 156, mask: {157, }, error code: 22 error msg: Invalid argument. Specify the number of threads explicitly so the affinity is not set.[m
[1;31m2026-09-30 15:13:38.729289501 [E:onnxruntime:Default, env.cc:228 ThreadMain] pthread_setaffinity_np failed for thread: 4098504, index: 124, mask: {149, }, error code: 22 error msg: Invalid argument. Specify the number of threads explicitly so the affinity is not set.[m
[1;31m2026-09-30 15:13:38.742559803 [E:onnxruntime:Default, env.cc:228 ThreadMain] pthread_setaffinity_np failed for thread: 4098471, index: 91, mask: {68, }, error code: 22 error msg: Invalid argument. Specify the number of threads explicitly so the affinity is not set.[m
[1;31m2026-09-30 15:13:38.730774380 [E:onnxruntime:Default, env.cc:228 ThreadMain] pthread_setaffinity_np failed for thread: 4098543, index: 163, mask: {116, }, error code: 22 error msg: Invalid argument. Specify the number of threads explicitly so the affinity is not set.[m
[1;31m2026-09-30 15:13:38.742559823 [E:onnxruntime:Default, env.cc:228 ThreadMain] pthread_setaffinity_np failed for thread: 4098470, index: 90, mask: {67, }, error code: 22 error msg: Invalid argument. Specify the number of threads explicitly so the affinity is not set.[m
[1;31m2026-09-30 15:13:38.742565443 [E:onnxruntime:Default, env.cc:228 ThreadMain] pthread_setaffinity_np failed for thread: 4098474, index: 94, mask: {71, }, error code: 22 error msg: Invalid argument. Specify the number of threads explicitly so the affinity is not set.[m
[1;31m2026-09-30 15:13:38.742592062 [E:onnxruntime:Default, env.cc:228 ThreadMain] pthread_setaffinity_np failed for thread: 4098506, index: 126, mask: {151, }, error code: 22 error msg: Invalid argument. Specify the number of threads explicitly so the affinity is not set.[m
[1;31m2026-09-30 15:13:38.742577372 [E:onnxruntime:Default, env.cc:228 ThreadMain] pthread_setaffinity_np failed for thread: 4098479, index: 99, mask: {100, }, error code: 22 error msg: Invalid argument. Specify the number of threads explicitly so the affinity is not set.[m
[1;31m2026-09-30 15:13:38.742580932 [E:onnxruntime:Default, env.cc:228 ThreadMain] pthread_setaffinity_np failed for thread: 4098498, index: 118, mask: {127, }, error code: 22 error msg: Invalid argument. Specify the number of threads explicitly so the affinity is not set.[m
[1;31m2026-09-30 15:13:38.742580052 [E:onnxruntime:Default, env.cc:228 ThreadMain] pthread_setaffinity_np failed for thread: 4098540, index: 160, mask: {113, }, error code: 22 error msg: Invalid argument. Specify the number of threads explicitly so the affinity is not set.[m
[1;31m2026-09-30 15:13:38.742599002 [E:onnxruntime:Default, env.cc:228 ThreadMain] pthread_setaffinity_np failed for thread: 4098514, index: 134, mask: {111, }, error code: 22 error msg: Invalid argument. Specify the number of threads explicitly so the affinity is not set.[m
[1;31m2026-09-30 15:13:38.742583302 [E:onnxruntime:Default, env.cc:228 ThreadMain] pthread_setaffinity_np failed for thread: 4098542, index: 162, mask: {115, }, error code: 22 error msg: Invalid argument. Specify the number of threads explicitly so the affinity is not set.[m
[1;31m2026-09-30 15:13:38.742589752 [E:onnxruntime:Default, env.cc:228 ThreadMain] pthread_setaffinity_np failed for thread: 4098535, index: 155, mask: {156, }, error code: 22 error msg: Invalid argument. Specify the number of threads explicitly so the affinity is not set.[m
[1;31m2026-09-30 15:13:38.742560393 [E:onnxruntime:Default, env.cc:228 ThreadMain] pthread_setaffinity_np failed for thread: 4098472, index: 92, mask: {69, }, error code: 22 error msg: Invalid argument. Specify the number of threads explicitly so the affinity is not set.[m
[1;31m2026-09-30 15:13:38.730336863 [E:onnxruntime:Default, env.cc:228 ThreadMain] pthread_setaffinity_np failed for thread: 4098527, index: 147, mask: {132, }, error code: 22 error msg: Invalid argument. Specify the number of threads explicitly so the affinity is not set.[m
[1;31m2026-09-30 15:13:38.742602342 [E:onnxruntime:Default, env.cc:228 ThreadMain] pthread_setaffinity_np failed for thread: 4098493, index: 113, mask: {122, }, error code: 22 error msg: Invalid argument. Specify the number of threads explicitly so the affinity is not set.[m
[1;31m2026-09-30 15:13:38.742608772 [E:onnxruntime:Default, env.cc:228 ThreadMain] pthread_setaffinity_np failed for thread: 4098404, index: 24, mask: {49, }, error code: 22 error msg: Invalid argument. Specify the number of threads explicitly so the affinity is not set.[m
[1;31m2026-09-30 15:13:38.742607712 [E:onnxruntime:Default, env.cc:228 ThreadMain] pthread_setaffinity_np failed for thread: 4098556, index: 176, mask: {137, }, error code: 22 error msg: Invalid argument. Specify the number of threads explicitly so the affinity is not set.[m
[1;31m2026-09-30 15:13:38.742620622 [E:onnxruntime:Default, env.cc:228 ThreadMain] pthread_setaffinity_np failed for thread: 4098569, index: 189, mask: {166, }, error code: 22 error msg: Invalid argument. Specify the number of threads explicitly so the affinity is not set.[m
[1;31m2026-09-30 15:13:38.730671011 [E:onnxruntime:Default, env.cc:228 ThreadMain] pthread_setaffinity_np failed for thread: 4098529, index: 149, mask: {134, }, error code: 22 error msg: Invalid argument. Specify the number of threads explicitly so the affinity is not set.[m
[1;31m2026-09-30 15:13:38.742622112 [E:onnxruntime:Default, env.cc:228 ThreadMain] pthread_setaffinity_np failed for thread: 4098499, index: 119, mask: {144, }, error code: 22 error msg: Invalid argument. Specify the number of threads explicitly so the affinity is not set.[m
[1;31m2026-09-30 15:13:38.742601242 [E:onnxruntime:Default, env.cc:228 ThreadMain] pthread_setaffinity_np failed for thread: 4098502, index: 122, mask: {147, }, error code: 22 error msg: Invalid argument. Specify the number of threads explicitly so the affinity is not set.[m
[1;31m2026-09-30 15:13:38.742626152 [E:onnxruntime:Default, env.cc:228 ThreadMain] pthread_setaffinity_np failed for thread: 4098558, index: 178, mask: {139, }, error code: 22 error msg: Invalid argument. Specify the number of threads explicitly so the affinity is not set.[m
[1;31m2026-09-30 15:13:38.742632982 [E:onnxruntime:Default, env.cc:228 ThreadMain] pthread_setaffinity_np failed for thread: 4098409, index: 29, mask: {54, }, error code: 22 error msg: Invalid argument. Specify the number of threads explicitly so the affinity is not set.[m
[1;31m2026-09-30 15:13:38.742630662 [E:onnxruntime:Default, env.cc:228 ThreadMain] pthread_setaffinity_np failed for thread: 4098557, index: 177, mask: {138, }, error code: 22 error msg: Invalid argument. Specify the number of threads explicitly so the affinity is not set.[m
[1;31m2026-09-30 15:13:38.742603972 [E:onnxruntime:Default, env.cc:228 ThreadMain] pthread_setaffinity_np failed for thread: 4098561, index: 181, mask: {142, }, error code: 22 error msg: Invalid argument. Specify the number of threads explicitly so the affinity is not set.[m
[1;31m2026-09-30 15:13:38.742644352 [E:onnxruntime:Default, env.cc:228 ThreadMain] pthread_setaffinity_np failed for thread: 4098554, index: 174, mask: {191, }, error code: 22 error msg: Invalid argument. Specify the number of threads explicitly so the affinity is not set.[m
[1;31m2026-09-30 15:13:38.742597702 [E:onnxruntime:Default, env.cc:228 ThreadMain] pthread_setaffinity_np failed for thread: 4098548, index: 168, mask: {185, }, error code: 22 error msg: Invalid argument. Specify the number of threads explicitly so the affinity is not set.[m
[1;31m2026-09-30 15:13:38.742642702 [E:onnxruntime:Default, env.cc:228 ThreadMain] pthread_setaffinity_np failed for thread: 4098551, index: 171, mask: {188, }, error code: 22 error msg: Invalid argument. Specify the number of threads explicitly so the affinity is not set.[m
[1;31m2026-09-30 15:13:38.742639512 [E:onnxruntime:Default, env.cc:228 ThreadMain] pthread_setaffinity_np failed for thread: 4098494, index: 114, mask: {123, }, error code: 22 error msg: Invalid argument. Specify the number of threads explicitly so the affinity is not set.[m
[1;31m2026-09-30 15:13:38.705635396 [E:onnxruntime:Default, env.cc:228 ThreadMain] pthread_setaffinity_np failed for thread: 4098528, index: 148, mask: {133, }, error code: 22 error msg: Invalid argument. Specify the number of threads explicitly so the affinity is not set.[m
[1;31m2026-09-30 15:13:38.742650412 [E:onnxruntime:Default, env.cc:228 ThreadMain] pthread_setaffinity_np failed for thread: 4098509, index: 129, mask: {106, }, error code: 22 error msg: Invalid argument. Specify the number of threads explicitly so the affinity is not set.[m
[1;31m2026-09-30 15:13:38.742618702 [E:onnxruntime:Default, env.cc:228 ThreadMain] pthread_setaffinity_np failed for thread: 4098518, index: 138, mask: {179, }, error code: 22 error msg: Invalid argument. Specify the number of threads explicitly so the affinity is not set.[m
[1;31m2026-09-30 15:13:38.742646992 [E:onnxruntime:Default, env.cc:228 ThreadMain] pthread_setaffinity_np failed for thread: 4098501, index: 121, mask: {146, }, error code: 22 error msg: Invalid argument. Specify the number of threads explicitly so the affinity is not set.[m
[1;31m2026-09-30 15:13:38.742653432 [E:onnxruntime:Default, env.cc:228 ThreadMain] pthread_setaffinity_np failed for thread: 4098410, index: 30, mask: {55, }, error code: 22 error msg: Invalid argument. Specify the number of threads explicitly so the affinity is not set.[m
[1;31m2026-09-30 15:13:38.742666162 [E:onnxruntime:Default, env.cc:228 ThreadMain] pthread_setaffinity_np failed for thread: 4098513, index: 133, mask: {110, }, error code: 22 error msg: Invalid argument. Specify the number of threads explicitly so the affinity is not set.[m
[1;31m2026-09-30 15:13:38.742655902 [E:onnxruntime:Default, env.cc:228 ThreadMain] pthread_setaffinity_np failed for thread: 4098507, index: 127, mask: {104, }, error code: 22 error msg: Invalid argument. Specify the number of threads explicitly so the affinity is not set.[m
[1;31m2026-09-30 15:13:38.742668292 [E:onnxruntime:Default, env.cc:228 ThreadMain] pthread_setaffinity_np failed for thread: 4098568, index: 188, mask: {165, }, error code: 22 error msg: Invalid argument. Specify the number of threads explicitly so the affinity is not set.[m
[1;31m2026-09-30 15:13:38.742645172 [E:onnxruntime:Default, env.cc:228 ThreadMain] pthread_setaffinity_np failed for thread: 4098411, index: 31, mask: {8, }, error code: 22 error msg: Invalid argument. Specify the number of threads explicitly so the affinity is not set.[m
[1;31m2026-09-30 15:13:38.742685292 [E:onnxruntime:Default, env.cc:228 ThreadMain] pthread_setaffinity_np failed for thread: 4098565, index: 185, mask: {162, }, error code: 22 error msg: Invalid argument. Specify the number of threads explicitly so the affinity is not set.[m
[1;31m2026-09-30 15:13:38.742686712 [E:onnxruntime:Default, env.cc:228 ThreadMain] pthread_setaffinity_np failed for thread: 4098545, index: 165, mask: {118, }, error code: 22 error msg: Invalid argument. Specify the number of threads explicitly so the affinity is not set.[m
[1;31m2026-09-30 15:13:38.742672512 [E:onnxruntime:Default, env.cc:228 ThreadMain] pthread_setaffinity_np failed for thread: 4098517, index: 137, mask: {178, }, error code: 22 error msg: Invalid argument. Specify the number of threads explicitly so the affinity is not set.[m
[1;31m2026-09-30 15:13:38.742692272 [E:onnxruntime:Default, env.cc:228 ThreadMain] pthread_setaffinity_np failed for thread: 4098530, index: 150, mask: {135, }, error code: 22 error msg: Invalid argument. Specify the number of threads explicitly so the affinity is not set.[m
[1;31m2026-09-30 15:13:38.755452397 [E:onnxruntime:Default, env.cc:228 ThreadMain] pthread_setaffinity_np failed for thread: 4098415, index: 35, mask: {12, }, error code: 22 error msg: Invalid argument. Specify the number of threads explicitly so the affinity is not set.[m
[1;31m2026-09-30 15:13:38.742712631 [E:onnxruntime:Default, env.cc:228 ThreadMain] pthread_setaffinity_np failed for thread: 4098537, index: 157, mask: {158, }, error code: 22 error msg: Invalid argument. Specify the number of threads explicitly so the affinity is not set.[m
[1;31m2026-09-30 15:13:38.764416821 [E:onnxruntime:Default, env.cc:228 ThreadMain] pthread_setaffinity_np failed for thread: 4098416, index: 36, mask: {13, }, error code: 22 error msg: Invalid argument. Specify the number of threads explicitly so the affinity is not set.[m
[1;31m2026-09-30 15:13:38.742563033 [E:onnxruntime:Default, env.cc:228 ThreadMain] pthread_setaffinity_np failed for thread: 4098476, index: 96, mask: {97, }, error code: 22 error msg: Invalid argument. Specify the number of threads explicitly so the affinity is not set.[m
[1;31m2026-09-30 15:13:38.755543336 [E:onnxruntime:Default, env.cc:228 ThreadMain] pthread_setaffinity_np failed for thread: 4098466, index: 86, mask: {47, }, error code: 22 error msg: Invalid argument. Specify the number of threads explicitly so the affinity is not set.[m
[1;31m2026-09-30 15:13:38.742658282 [E:onnxruntime:Default, env.cc:228 ThreadMain] pthread_setaffinity_np failed for thread: 4098511, index: 131, mask: {108, }, error code: 22 error msg: Invalid argument. Specify the number of threads explicitly so the affinity is not set.[m
[1;31m2026-09-30 15:13:38.764576669 [E:onnxruntime:Default, env.cc:228 ThreadMain] pthread_setaffinity_np failed for thread: 4098531, index: 151, mask: {152, }, error code: 22 error msg: Invalid argument. Specify the number of threads explicitly so the affinity is not set.[m
[1;31m2026-09-30 15:13:38.771941465 [E:onnxruntime:Default, env.cc:228 ThreadMain] pthread_setaffinity_np failed for thread: 4098544, index: 164, mask: {117, }, error code: 22 error msg: Invalid argument. Specify the number of threads explicitly so the affinity is not set.[m
[1;31m2026-09-30 15:13:38.764531750 [E:onnxruntime:Default, env.cc:228 ThreadMain] pthread_setaffinity_np failed for thread: 4098570, index: 190, mask: {167, }, error code: 22 error msg: Invalid argument. Specify the number of threads explicitly so the affinity is not set.[m
[1;31m2026-09-30 15:13:38.764506750 [E:onnxruntime:Default, env.cc:228 ThreadMain] pthread_setaffinity_np failed for thread: 4098562, index: 182, mask: {143, }, error code: 22 error msg: Invalid argument. Specify the number of threads explicitly so the affinity is not set.[m
[1;31m2026-09-30 15:13:38.742613822 [E:onnxruntime:Default, env.cc:228 ThreadMain] pthread_setaffinity_np failed for thread: 4098496, index: 116, mask: {125, }, error code: 22 error msg: Invalid argument. Specify the number of threads explicitly so the affinity is not set.[m
[1;31m2026-09-30 15:13:38.742580502 [E:onnxruntime:Default, env.cc:228 ThreadMain] pthread_setaffinity_np failed for thread: 4098549, index: 169, mask: {186, }, error code: 22 error msg: Invalid argument. Specify the number of threads explicitly so the affinity is not set.[m
[1;31m2026-09-30 15:13:38.742703461 [E:onnxruntime:Default, env.cc:228 ThreadMain] pthread_setaffinity_np failed for thread: 4098523, index: 143, mask: {128, }, error code: 22 error msg: Invalid argument. Specify the number of threads explicitly so the affinity is not set.[m
[1;31m2026-09-30 15:13:38.730640341 [E:onnxruntime:Default, env.cc:228 ThreadMain] pthread_setaffinity_np failed for thread: 4098555, index: 175, mask: {136, }, error code: 22 error msg: Invalid argument. Specify the number of threads explicitly so the affinity is not set.[m
[1;31m2026-09-30 15:13:38.764565179 [E:onnxruntime:Default, env.cc:228 ThreadMain] pthread_setaffinity_np failed for thread: 4098516, index: 136, mask: {177, }, error code: 22 error msg: Invalid argument. Specify the number of threads explicitly so the affinity is not set.[m
[1;31m2026-09-30 15:13:38.742589232 [E:onnxruntime:Default, env.cc:228 ThreadMain] pthread_setaffinity_np failed for thread: 4098475, index: 95, mask: {96, }, error code: 22 error msg: Invalid argument. Specify the number of threads explicitly so the affinity is not set.[m
[1;31m2026-09-30 15:13:38.764553190 [E:onnxruntime:Default, env.cc:228 ThreadMain] pthread_setaffinity_np failed for thread: 4098532, index: 152, mask: {153, }, error code: 22 error msg: Invalid argument. Specify the number of threads explicitly so the affinity is not set.[m
[1;31m2026-09-30 15:13:38.764488920 [E:onnxruntime:Default, env.cc:228 ThreadMain] pthread_setaffinity_np failed for thread: 4098495, index: 115, mask: {124, }, error code: 22 error msg: Invalid argument. Specify the number of threads explicitly so the affinity is not set.[m
[1;31m2026-09-30 15:13:38.742577222 [E:onnxruntime:Default, env.cc:228 ThreadMain] pthread_setaffinity_np failed for thread: 4098473, index: 93, mask: {70, }, error code: 22 error msg: Invalid argument. Specify the number of threads explicitly so the affinity is not set.[m
[1;31m2026-09-30 15:13:38.742646532 [E:onnxruntime:Default, env.cc:228 ThreadMain] pthread_setaffinity_np failed for thread: 4098505, index: 125, mask: {150, }, error code: 22 error msg: Invalid argument. Specify the number of threads explicitly so the affinity is not set.[m
[1;31m2026-09-30 15:13:38.764591139 [E:onnxruntime:Default, env.cc:228 ThreadMain] pthread_setaffinity_np failed for thread: 4098546, index: 166, mask: {119, }, error code: 22 error msg: Invalid argument. Specify the number of threads explicitly so the affinity is not set.[m
[1;31m2026-09-30 15:13:38.764434600 [E:onnxruntime:Default, env.cc:228 ThreadMain] pthread_setaffinity_np failed for thread: 4098526, index: 146, mask: {131, }, error code: 22 error msg: Invalid argument. Specify the number of threads explicitly so the affinity is not set.[m
[1;31m2026-09-30 15:13:38.730816340 [E:onnxruntime:Default, env.cc:228 ThreadMain] pthread_setaffinity_np failed for thread: 4098552, index: 172, mask: {189, }, error code: 22 error msg: Invalid argument. Specify the number of threads explicitly so the affinity is not set.[m
[1;31m2026-09-30 15:13:38.755513037 [E:onnxruntime:Default, env.cc:228 ThreadMain] pthread_setaffinity_np failed for thread: 4098418, index: 38, mask: {15, }, error code: 22 error msg: Invalid argument. Specify the number of threads explicitly so the affinity is not set.[m
[1;31m2026-09-30 15:13:38.742672062 [E:onnxruntime:Default, env.cc:228 ThreadMain] pthread_setaffinity_np failed for thread: 4098512, index: 132, mask: {109, }, error code: 22 error msg: Invalid argument. Specify the number of threads explicitly so the affinity is not set.[m
[1;31m2026-09-30 15:13:38.705598906 [E:onnxruntime:Default, env.cc:228 ThreadMain] pthread_setaffinity_np failed for thread: 4098478, index: 98, mask: {99, }, error code: 22 error msg: Invalid argument. Specify the number of threads explicitly so the affinity is not set.[m
[1;31m2026-09-30 15:13:38.785394185 [E:onnxruntime:Default, env.cc:228 ThreadMain] pthread_setaffinity_np failed for thread: 4098553, index: 173, mask: {190, }, error code: 22 error msg: Invalid argument. Specify the number of threads explicitly so the affinity is not set.[m
[1;31m2026-09-30 15:13:38.909928622 [E:onnxruntime:Default, env.cc:228 ThreadMain] pthread_setaffinity_np failed for thread: 4098571, index: 0, mask: {1, }, error code: 22 error msg: Invalid argument. Specify the number of threads explicitly so the affinity is not set.[m
[1;31m2026-09-30 15:13:38.910526437 [E:onnxruntime:Default, env.cc:228 ThreadMain] pthread_setaffinity_np failed for thread: 4098572, index: 1, mask: {2, }, error code: 22 error msg: Invalid argument. Specify the number of threads explicitly so the affinity is not set.[m
[1;31m2026-09-30 15:13:38.911599129 [E:onnxruntime:Default, env.cc:228 ThreadMain] pthread_setaffinity_np failed for thread: 4098573, index: 2, mask: {3, }, error code: 22 error msg: Invalid argument. Specify the number of threads explicitly so the affinity is not set.[m
[1;31m2026-09-30 15:13:38.912449173 [E:onnxruntime:Default, env.cc:228 ThreadMain] pthread_setaffinity_np failed for thread: 4098574, index: 3, mask: {4, }, error code: 22 error msg: Invalid argument. Specify the number of threads explicitly so the affinity is not set.[m
[1;31m2026-09-30 15:13:38.913475685 [E:onnxruntime:Default, env.cc:228 ThreadMain] pthread_setaffinity_np failed for thread: 4098575, index: 4, mask: {5, }, error code: 22 error msg: Invalid argument. Specify the number of threads explicitly so the affinity is not set.[m
[1;31m2026-09-30 15:13:38.914448498 [E:onnxruntime:Default, env.cc:228 ThreadMain] pthread_setaffinity_np failed for thread: 4098576, index: 5, mask: {6, }, error code: 22 error msg: Invalid argument. Specify the number of threads explicitly so the affinity is not set.[m
[1;31m2026-09-30 15:13:38.915456291 [E:onnxruntime:Default, env.cc:228 ThreadMain] pthread_setaffinity_np failed for thread: 4098577, index: 6, mask: {7, }, error code: 22 error msg: Invalid argument. Specify the number of threads explicitly so the affinity is not set.[m
[1;31m2026-09-30 15:13:38.916181875 [E:onnxruntime:Default, env.cc:228 ThreadMain] pthread_setaffinity_np failed for thread: 4098586, index: 15, mask: {24, }, error code: 22 error msg: Invalid argument. Specify the number of threads explicitly so the affinity is not set.[m
[1;31m2026-09-30 15:13:38.916462313 [E:onnxruntime:Default, env.cc:228 ThreadMain] pthread_setaffinity_np failed for thread: 4098625, index: 54, mask: {39, }, error code: 22 error msg: Invalid argument. Specify the number of threads explicitly so the affinity is not set.[m
[1;31m2026-09-30 15:13:38.916510033 [E:onnxruntime:Default, env.cc:228 ThreadMain] pthread_setaffinity_np failed for thread: 4098626, index: 55, mask: {56, }, error code: 22 error msg: Invalid argument. Specify the number of threads explicitly so the affinity is not set.[m
[1;31m2026-09-30 15:13:38.917463456 [E:onnxruntime:Default, env.cc:228 ThreadMain] pthread_setaffinity_np failed for thread: 4098627, index: 56, mask: {57, }, error code: 22 error msg: Invalid argument. Specify the number of threads explicitly so the affinity is not set.[m
[1;31m2026-09-30 15:13:38.785417125 [E:onnxruntime:Default, env.cc:228 ThreadMain] pthread_setaffinity_np failed for thread: 4098462, index: 82, mask: {43, }, error code: 22 error msg: Invalid argument. Specify the number of threads explicitly so the affinity is not set.[m
[1;31m2026-09-30 15:13:38.742643092 [E:onnxruntime:Default, env.cc:228 ThreadMain] pthread_setaffinity_np failed for thread: 4098567, index: 187, mask: {164, }, error code: 22 error msg: Invalid argument. Specify the number of threads explicitly so the affinity is not set.[m
[1;31m2026-09-30 15:13:38.922421909 [E:onnxruntime:Default, env.cc:228 ThreadMain] pthread_setaffinity_np failed for thread: 4098723, index: 152, mask: {153, }, error code: 22 error msg: Invalid argument. Specify the number of threads explicitly so the affinity is not set.[m
[1;31m2026-09-30 15:13:38.922461769 [E:onnxruntime:Default, env.cc:228 ThreadMain] pthread_setaffinity_np failed for thread: 4098727, index: 156, mask: {157, }, error code: 22 error msg: Invalid argument. Specify the number of threads explicitly so the affinity is not set.[m
[1;31m2026-09-30 15:13:38.922504268 [E:onnxruntime:Default, env.cc:228 ThreadMain] pthread_setaffinity_np failed for thread: 4098635, index: 64, mask: {17, }, error code: 22 error msg: Invalid argument. Specify the number of threads explicitly so the affinity is not set.[m
[1;31m2026-09-30 15:13:38.922529078 [E:onnxruntime:Default, env.cc:228 ThreadMain] pthread_setaffinity_np failed for thread: 4098636, index: 65, mask: {18, }, error code: 22 error msg: Invalid argument. Specify the number of threads explicitly so the affinity is not set.[m
[1;31m2026-09-30 15:13:38.922588608 [E:onnxruntime:Default, env.cc:228 ThreadMain] pthread_setaffinity_np failed for thread: 4098639, index: 68, mask: {21, }, error code: 22 error msg: Invalid argument. Specify the number of threads explicitly so the affinity is not set.[m
[1;31m2026-09-30 15:13:38.932433515 [E:onnxruntime:Default, env.cc:228 ThreadMain] pthread_setaffinity_np failed for thread: 4098640, index: 69, mask: {22, }, error code: 22 error msg: Invalid argument. Specify the number of threads explicitly so the affinity is not set.[m
[1;31m2026-09-30 15:13:38.936420805 [E:onnxruntime:Default, env.cc:228 ThreadMain] pthread_setaffinity_np failed for thread: 4098734, index: 163, mask: {116, }, error code: 22 error msg: Invalid argument. Specify the number of threads explicitly so the affinity is not set.[m
[1;31m2026-09-30 15:13:38.939297254 [E:onnxruntime:Default, env.cc:228 ThreadMain] pthread_setaffinity_np failed for thread: 4098743, index: 172, mask: {189, }, error code: 22 error msg: Invalid argument. Specify the number of threads explicitly so the affinity is not set.[m
[1;31m2026-09-30 15:13:38.942084283 [E:onnxruntime:Default, env.cc:228 ThreadMain] pthread_setaffinity_np failed for thread: 4098641, index: 70, mask: {23, }, error code: 22 error msg: Invalid argument. Specify the number of threads explicitly so the affinity is not set.[m
[1;31m2026-09-30 15:13:38.942733389 [E:onnxruntime:Default, env.cc:228 ThreadMain] pthread_setaffinity_np failed for thread: 4098748, index: 177, mask: {138, }, error code: 22 error msg: Invalid argument. Specify the number of threads explicitly so the affinity is not set.[m
[1;31m2026-09-30 15:13:38.942939747 [E:onnxruntime:Default, env.cc:228 ThreadMain] pthread_setaffinity_np failed for thread: 4098751, index: 180, mask: {141, }, error code: 22 error msg: Invalid argument. Specify the number of threads explicitly so the affinity is not set.[m
[1;31m2026-09-30 15:13:38.955788232 [E:onnxruntime:Default, env.cc:228 ThreadMain] pthread_setaffinity_np failed for thread: 4098656, index: 85, mask: {46, }, error code: 22 error msg: Invalid argument. Specify the number of threads explicitly so the affinity is not set.[m
[1;31m2026-09-30 15:13:38.959472595 [E:onnxruntime:Default, env.cc:228 ThreadMain] pthread_setaffinity_np failed for thread: 4098659, index: 88, mask: {65, }, error code: 22 error msg: Invalid argument. Specify the number of threads explicitly so the affinity is not set.[m
[1;31m2026-09-30 15:13:38.972860475 [E:onnxruntime:Default, env.cc:228 ThreadMain] pthread_setaffinity_np failed for thread: 4098690, index: 119, mask: {144, }, error code: 22 error msg: Invalid argument. Specify the number of threads explicitly so the affinity is not set.[m
[1;31m2026-09-30 15:13:38.973088974 [E:onnxruntime:Default, env.cc:228 ThreadMain] pthread_setaffinity_np failed for thread: 4098733, index: 162, mask: {115, }, error code: 22 error msg: Invalid argument. Specify the number of threads explicitly so the affinity is not set.[m
[1;31m2026-09-30 15:13:38.973252492 [E:onnxruntime:Default, env.cc:228 ThreadMain] pthread_setaffinity_np failed for thread: 4098587, index: 16, mask: {25, }, error code: 22 error msg: Invalid argument. Specify the number of threads explicitly so the affinity is not set.[m
[1;31m2026-09-30 15:13:38.922211761 [E:onnxruntime:Default, env.cc:228 ThreadMain] pthread_setaffinity_np failed for thread: 4098717, index: 146, mask: {131, }, error code: 22 error msg: Invalid argument. Specify the number of threads explicitly so the affinity is not set.[m
[1;31m2026-09-30 15:13:38.922313660 [E:onnxruntime:Default, env.cc:228 ThreadMain] pthread_setaffinity_np failed for thread: 4098631, index: 60, mask: {61, }, error code: 22 error msg: Invalid argument. Specify the number of threads explicitly so the affinity is not set.[m
[1;31m2026-09-30 15:13:38.922449579 [E:onnxruntime:Default, env.cc:228 ThreadMain] pthread_setaffinity_np failed for thread: 4098633, index: 62, mask: {63, }, error code: 22 error msg: Invalid argument. Specify the number of threads explicitly so the affinity is not set.[m
[1;31m2026-09-30 15:13:38.955474854 [E:onnxruntime:Default, env.cc:228 ThreadMain] pthread_setaffinity_np failed for thread: 4098758, index: 187, mask: {164, }, error code: 22 error msg: Invalid argument. Specify the number of threads explicitly so the affinity is not set.[m
[1;31m2026-09-30 15:13:38.922358440 [E:onnxruntime:Default, env.cc:228 ThreadMain] pthread_setaffinity_np failed for thread: 4098632, index: 61, mask: {62, }, error code: 22 error msg: Invalid argument. Specify the number of threads explicitly so the affinity is not set.[m
[1;31m2026-09-30 15:13:38.922130141 [E:onnxruntime:Default, env.cc:228 ThreadMain] pthread_setaffinity_np failed for thread: 4098703, index: 132, mask: {109, }, error code: 22 error msg: Invalid argument. Specify the number of threads explicitly so the affinity is not set.[m
[1;31m2026-09-30 15:13:38.955756472 [E:onnxruntime:Default, env.cc:228 ThreadMain] pthread_setaffinity_np failed for thread: 4098652, index: 81, mask: {42, }, error code: 22 error msg: Invalid argument. Specify the number of threads explicitly so the affinity is not set.[m
[1;31m2026-09-30 15:13:38.959442285 [E:onnxruntime:Default, env.cc:228 ThreadMain] pthread_setaffinity_np failed for thread: 4098655, index: 84, mask: {45, }, error code: 22 error msg: Invalid argument. Specify the number of threads explicitly so the affinity is not set.[m
[1;31m2026-09-30 15:13:38.959459725 [E:onnxruntime:Default, env.cc:228 ThreadMain] pthread_setaffinity_np failed for thread: 4098658, index: 87, mask: {64, }, error code: 22 error msg: Invalid argument. Specify the number of threads explicitly so the affinity is not set.[m
[1;31m2026-09-30 15:13:38.922108431 [E:onnxruntime:Default, env.cc:228 ThreadMain] pthread_setaffinity_np failed for thread: 4098666, index: 95, mask: {96, }, error code: 22 error msg: Invalid argument. Specify the number of threads explicitly so the affinity is not set.[m
[1;31m2026-09-30 15:13:38.922338530 [E:onnxruntime:Default, env.cc:228 ThreadMain] pthread_setaffinity_np failed for thread: 4098720, index: 149, mask: {134, }, error code: 22 error msg: Invalid argument. Specify the number of threads explicitly so the affinity is not set.[m
[1;31m2026-09-30 15:13:38.955594493 [E:onnxruntime:Default, env.cc:228 ThreadMain] pthread_setaffinity_np failed for thread: 4098590, index: 19, mask: {28, }, error code: 22 error msg: Invalid argument. Specify the number of threads explicitly so the affinity is not set.[m
[1;31m2026-09-30 15:13:38.922248830 [E:onnxruntime:Default, env.cc:228 ThreadMain] pthread_setaffinity_np failed for thread: 4098630, index: 59, mask: {60, }, error code: 22 error msg: Invalid argument. Specify the number of threads explicitly so the affinity is not set.[m
[1;31m2026-09-30 15:13:38.972715796 [E:onnxruntime:Default, env.cc:228 ThreadMain] pthread_setaffinity_np failed for thread: 4098682, index: 111, mask: {120, }, error code: 22 error msg: Invalid argument. Specify the number of threads explicitly so the affinity is not set.[m
[1;31m2026-09-30 15:13:38.973102153 [E:onnxruntime:Default, env.cc:228 ThreadMain] pthread_setaffinity_np failed for thread: 4098735, index: 164, mask: {117, }, error code: 22 error msg: Invalid argument. Specify the number of threads explicitly so the affinity is not set.[m
[1;31m2026-09-30 15:13:38.973188823 [E:onnxruntime:Default, env.cc:228 ThreadMain] pthread_setaffinity_np failed for thread: 4098749, index: 178, mask: {139, }, error code: 22 error msg: Invalid argument. Specify the number of threads explicitly so the affinity is not set.[m
[1;31m2026-09-30 15:13:38.972511548 [E:onnxruntime:Default, env.cc:228 ThreadMain] pthread_setaffinity_np failed for thread: 4098661, index: 90, mask: {67, }, error code: 22 error msg: Invalid argument. Specify the number of threads explicitly so the affinity is not set.[m
[1;31m2026-09-30 15:13:38.985526721 [E:onnxruntime:Default, env.cc:228 ThreadMain] pthread_setaffinity_np failed for thread: 4098595, index: 24, mask: {49, }, error code: 22 error msg: Invalid argument. Specify the number of threads explicitly so the affinity is not set.[m
[1;31m2026-09-30 15:13:38.972659407 [E:onnxruntime:Default, env.cc:228 ThreadMain] pthread_setaffinity_np failed for thread: 4098669, index: 98, mask: {99, }, error code: 22 error msg: Invalid argument. Specify the number of threads explicitly so the affinity is not set.[m
[1;31m2026-09-30 15:13:38.922554828 [E:onnxruntime:Default, env.cc:228 ThreadMain] pthread_setaffinity_np failed for thread: 4098736, index: 165, mask: {118, }, error code: 22 error msg: Invalid argument. Specify the number of threads explicitly so the affinity is not set.[m
[1;31m2026-09-30 15:13:38.972760626 [E:onnxruntime:Default, env.cc:228 ThreadMain] pthread_setaffinity_np failed for thread: 4098683, index: 112, mask: {121, }, error code: 22 error msg: Invalid argument. Specify the number of threads explicitly so the affinity is not set.[m
[1;31m2026-09-30 15:13:38.972953435 [E:onnxruntime:Default, env.cc:228 ThreadMain] pthread_setaffinity_np failed for thread: 4098704, index: 133, mask: {110, }, error code: 22 error msg: Invalid argument. Specify the number of threads explicitly so the affinity is not set.[m
[1;31m2026-09-30 15:13:38.985707200 [E:onnxruntime:Default, env.cc:228 ThreadMain] pthread_setaffinity_np failed for thread: 4098621, index: 50, mask: {35, }, error code: 22 error msg: Invalid argument. Specify the number of threads explicitly so the affinity is not set.[m
[1;31m2026-09-30 15:13:38.985827179 [E:onnxruntime:Default, env.cc:228 ThreadMain] pthread_setaffinity_np failed for thread: 4098759, index: 188, mask: {165, }, error code: 22 error msg: Invalid argument. Specify the number of threads explicitly so the affinity is not set.[m
[1;31m2026-09-30 15:13:38.985963458 [E:onnxruntime:Default, env.cc:228 ThreadMain] pthread_setaffinity_np failed for thread: 4098668, index: 97, mask: {98, }, error code: 22 error msg: Invalid argument. Specify the number of threads explicitly so the affinity is not set.[m
[1;31m2026-09-30 15:13:38.985949178 [E:onnxruntime:Default, env.cc:228 ThreadMain] pthread_setaffinity_np failed for thread: 4098622, index: 51, mask: {36, }, error code: 22 error msg: Invalid argument. Specify the number of threads explicitly so the affinity is not set.[m
[1;31m2026-09-30 15:13:38.986151377 [E:onnxruntime:Default, env.cc:228 ThreadMain] pthread_setaffinity_np failed for thread: 4098729, index: 158, mask: {159, }, error code: 22 error msg: Invalid argument. Specify the number of threads explicitly so the affinity is not set.[m
[1;31m2026-09-30 15:13:38.996411871 [E:onnxruntime:Default, env.cc:228 ThreadMain] pthread_setaffinity_np failed for thread: 4098710, index: 139, mask: {180, }, error code: 22 error msg: Invalid argument. Specify the number of threads explicitly so the affinity is not set.[m
[1;31m2026-09-30 15:13:38.986264076 [E:onnxruntime:Default, env.cc:228 ThreadMain] pthread_setaffinity_np failed for thread: 4098599, index: 28, mask: {53, }, error code: 22 error msg: Invalid argument. Specify the number of threads explicitly so the affinity is not set.[m
[1;31m2026-09-30 15:13:38.985869559 [E:onnxruntime:Default, env.cc:228 ThreadMain] pthread_setaffinity_np failed for thread: 4098657, index: 86, mask: {47, }, error code: 22 error msg: Invalid argument. Specify the number of threads explicitly so the affinity is not set.[m
[1;31m2026-09-30 15:13:38.922231141 [E:onnxruntime:Default, env.cc:228 ThreadMain] pthread_setaffinity_np failed for thread: 4098713, index: 142, mask: {183, }, error code: 22 error msg: Invalid argument. Specify the number of threads explicitly so the affinity is not set.[m
[1;31m2026-09-30 15:13:38.986135737 [E:onnxruntime:Default, env.cc:228 ThreadMain] pthread_setaffinity_np failed for thread: 4098728, index: 157, mask: {158, }, error code: 22 error msg: Invalid argument. Specify the number of threads explicitly so the affinity is not set.[m
[1;31m2026-09-30 15:13:38.922198661 [E:onnxruntime:Default, env.cc:228 ThreadMain] pthread_setaffinity_np failed for thread: 4098709, index: 138, mask: {179, }, error code: 22 error msg: Invalid argument. Specify the number of threads explicitly so the affinity is not set.[m
[1;31m2026-09-30 15:13:38.986169577 [E:onnxruntime:Default, env.cc:228 ThreadMain] pthread_setaffinity_np failed for thread: 4098738, index: 167, mask: {184, }, error code: 22 error msg: Invalid argument. Specify the number of threads explicitly so the affinity is not set.[m
[1;31m2026-09-30 15:13:38.986142557 [E:onnxruntime:Default, env.cc:228 ThreadMain] pthread_setaffinity_np failed for thread: 4098724, index: 153, mask: {154, }, error code: 22 error msg: Invalid argument. Specify the number of threads explicitly so the affinity is not set.[m
[1;31m2026-09-30 15:13:38.985913358 [E:onnxruntime:Default, env.cc:228 ThreadMain] pthread_setaffinity_np failed for thread: 4098628, index: 57, mask: {58, }, error code: 22 error msg: Invalid argument. Specify the number of threads explicitly so the affinity is not set.[m
[1;31m2026-09-30 15:13:38.986193556 [E:onnxruntime:Default, env.cc:228 ThreadMain] pthread_setaffinity_np failed for thread: 4098742, index: 171, mask: {188, }, error code: 22 error msg: Invalid argument. Specify the number of threads explicitly so the affinity is not set.[m
[1;31m2026-09-30 15:13:38.985772070 [E:onnxruntime:Default, env.cc:228 ThreadMain] pthread_setaffinity_np failed for thread: 4098702, index: 131, mask: {108, }, error code: 22 error msg: Invalid argument. Specify the number of threads explicitly so the affinity is not set.[m
[1;31m2026-09-30 15:13:38.986297736 [E:onnxruntime:Default, env.cc:228 ThreadMain] pthread_setaffinity_np failed for thread: 4098602, index: 31, mask: {8, }, error code: 22 error msg: Invalid argument. Specify the number of threads explicitly so the affinity is not set.[m
[1;31m2026-09-30 15:13:38.985810949 [E:onnxruntime:Default, env.cc:228 ThreadMain] pthread_setaffinity_np failed for thread: 4098750, index: 179, mask: {140, }, error code: 22 error msg: Invalid argument. Specify the number of threads explicitly so the affinity is not set.[m
[1;31m2026-09-30 15:13:38.985839779 [E:onnxruntime:Default, env.cc:228 ThreadMain] pthread_setaffinity_np failed for thread: 4098755, index: 184, mask: {161, }, error code: 22 error msg: Invalid argument. Specify the number of threads explicitly so the affinity is not set.[m
[1;31m2026-09-30 15:13:38.985839599 [E:onnxruntime:Default, env.cc:228 ThreadMain] pthread_setaffinity_np failed for thread: 4098651, index: 80, mask: {41, }, error code: 22 error msg: Invalid argument. Specify the number of threads explicitly so the affinity is not set.[m
[1;31m2026-09-30 15:13:38.986026238 [E:onnxruntime:Default, env.cc:228 ThreadMain] pthread_setaffinity_np failed for thread: 4098691, index: 120, mask: {145, }, error code: 22 error msg: Invalid argument. Specify the number of threads explicitly so the affinity is not set.[m
[1;31m2026-09-30 15:13:38.985854739 [E:onnxruntime:Default, env.cc:228 ThreadMain] pthread_setaffinity_np failed for thread: 4098650, index: 79, mask: {40, }, error code: 22 error msg: Invalid argument. Specify the number of threads explicitly so the affinity is not set.[m
[1;31m2026-09-30 15:13:38.986056137 [E:onnxruntime:Default, env.cc:228 ThreadMain] pthread_setaffinity_np failed for thread: 4098694, index: 123, mask: {148, }, error code: 22 error msg: Invalid argument. Specify the number of threads explicitly so the affinity is not set.[m
[1;31m2026-09-30 15:13:38.972976164 [E:onnxruntime:Default, env.cc:228 ThreadMain] pthread_setaffinity_np failed for thread: 4098707, index: 136, mask: {177, }, error code: 22 error msg: Invalid argument. Specify the number of threads explicitly so the affinity is not set.[m
[1;31m2026-09-30 15:13:38.985858419 [E:onnxruntime:Default, env.cc:228 ThreadMain] pthread_setaffinity_np failed for thread: 4098604, index: 33, mask: {10, }, error code: 22 error msg: Invalid argument. Specify the number of threads explicitly so the affinity is not set.[m
[1;31m2026-09-30 15:13:38.986056177 [E:onnxruntime:Default, env.cc:228 ThreadMain] pthread_setaffinity_np failed for thread: 4098693, index: 122, mask: {147, }, error code: 22 error msg: Invalid argument. Specify the number of threads explicitly so the affinity is not set.[m
[1;31m2026-09-30 15:13:38.986025498 [E:onnxruntime:Default, env.cc:228 ThreadMain] pthread_setaffinity_np failed for thread: 4098687, index: 116, mask: {125, }, error code: 22 error msg: Invalid argument. Specify the number of threads explicitly so the affinity is not set.[m
[1;31m2026-09-30 15:13:39.021449315 [E:onnxruntime:Default, env.cc:228 ThreadMain] pthread_setaffinity_np failed for thread: 4098664, index: 93, mask: {70, }, error code: 22 error msg: Invalid argument. Specify the number of threads explicitly so the affinity is not set.[m
[1;31m2026-09-30 15:13:38.985860859 [E:onnxruntime:Default, env.cc:228 ThreadMain] pthread_setaffinity_np failed for thread: 4098654, index: 83, mask: {44, }, error code: 22 error msg: Invalid argument. Specify the number of threads explicitly so the affinity is not set.[m
[1;31m2026-09-30 15:13:38.985867919 [E:onnxruntime:Default, env.cc:228 ThreadMain] pthread_setaffinity_np failed for thread: 4098588, index: 17, mask: {26, }, error code: 22 error msg: Invalid argument. Specify the number of threads explicitly so the affinity is not set.[m
[1;31m2026-09-30 15:13:39.002038879 [E:onnxruntime:Default, env.cc:228 ThreadMain] pthread_setaffinity_np failed for thread: 4098598, index: 27, mask: {52, }, error code: 22 error msg: Invalid argument. Specify the number of threads explicitly so the affinity is not set.[m
[1;31m2026-09-30 15:13:38.985853219 [E:onnxruntime:Default, env.cc:228 ThreadMain] pthread_setaffinity_np failed for thread: 4098594, index: 23, mask: {48, }, error code: 22 error msg: Invalid argument. Specify the number of threads explicitly so the affinity is not set.[m
[1;31m2026-09-30 15:13:38.985872969 [E:onnxruntime:Default, env.cc:228 ThreadMain] pthread_setaffinity_np failed for thread: 4098608, index: 37, mask: {14, }, error code: 22 error msg: Invalid argument. Specify the number of threads explicitly so the affinity is not set.[m
[1;31m2026-09-30 15:13:38.985890659 [E:onnxruntime:Default, env.cc:228 ThreadMain] pthread_setaffinity_np failed for thread: 4098660, index: 89, mask: {66, }, error code: 22 error msg: Invalid argument. Specify the number of threads explicitly so the affinity is not set.[m
[1;31m2026-09-30 15:13:38.972556118 [E:onnxruntime:Default, env.cc:228 ThreadMain] pthread_setaffinity_np failed for thread: 4098665, index: 94, mask: {71, }, error code: 22 error msg: Invalid argument. Specify the number of threads explicitly so the affinity is not set.[m
[1;31m2026-09-30 15:13:38.985869979 [E:onnxruntime:Default, env.cc:228 ThreadMain] pthread_setaffinity_np failed for thread: 4098605, index: 34, mask: {11, }, error code: 22 error msg: Invalid argument. Specify the number of threads explicitly so the affinity is not set.[m
[1;31m2026-09-30 15:13:38.985927108 [E:onnxruntime:Default, env.cc:228 ThreadMain] pthread_setaffinity_np failed for thread: 4098663, index: 92, mask: {69, }, error code: 22 error msg: Invalid argument. Specify the number of threads explicitly so the affinity is not set.[m
[1;31m2026-09-30 15:13:38.985904639 [E:onnxruntime:Default, env.cc:228 ThreadMain] pthread_setaffinity_np failed for thread: 4098662, index: 91, mask: {68, }, error code: 22 error msg: Invalid argument. Specify the number of threads explicitly so the affinity is not set.[m
[1;31m2026-09-30 15:13:38.985979178 [E:onnxruntime:Default, env.cc:228 ThreadMain] pthread_setaffinity_np failed for thread: 4098684, index: 113, mask: {122, }, error code: 22 error msg: Invalid argument. Specify the number of threads explicitly so the affinity is not set.[m
[1;31m2026-09-30 15:13:38.985979428 [E:onnxruntime:Default, env.cc:228 ThreadMain] pthread_setaffinity_np failed for thread: 4098685, index: 114, mask: {123, }, error code: 22 error msg: Invalid argument. Specify the number of threads explicitly so the affinity is not set.[m
[1;31m2026-09-30 15:13:38.922270390 [E:onnxruntime:Default, env.cc:228 ThreadMain] pthread_setaffinity_np failed for thread: 4098629, index: 58, mask: {59, }, error code: 22 error msg: Invalid argument. Specify the number of threads explicitly so the affinity is not set.[m
[1;31m2026-09-30 15:13:38.922164371 [E:onnxruntime:Default, env.cc:228 ThreadMain] pthread_setaffinity_np failed for thread: 4098698, index: 127, mask: {104, }, error code: 22 error msg: Invalid argument. Specify the number of threads explicitly so the affinity is not set.[m
[1;31m2026-09-30 15:13:38.985952788 [E:onnxruntime:Default, env.cc:228 ThreadMain] pthread_setaffinity_np failed for thread: 4098667, index: 96, mask: {97, }, error code: 22 error msg: Invalid argument. Specify the number of threads explicitly so the affinity is not set.[m
[1;31m2026-09-30 15:13:38.985883169 [E:onnxruntime:Default, env.cc:228 ThreadMain] pthread_setaffinity_np failed for thread: 4098653, index: 82, mask: {43, }, error code: 22 error msg: Invalid argument. Specify the number of threads explicitly so the affinity is not set.[m
[1;31m2026-09-30 15:13:38.973201543 [E:onnxruntime:Default, env.cc:228 ThreadMain] pthread_setaffinity_np failed for thread: 4098752, index: 181, mask: {142, }, error code: 22 error msg: Invalid argument. Specify the number of threads explicitly so the affinity is not set.[m
[1;31m2026-09-30 15:13:38.985962468 [E:onnxruntime:Default, env.cc:228 ThreadMain] pthread_setaffinity_np failed for thread: 4098672, index: 101, mask: {102, }, error code: 22 error msg: Invalid argument. Specify the number of threads explicitly so the affinity is not set.[m
[1;31m2026-09-30 15:13:38.986025738 [E:onnxruntime:Default, env.cc:228 ThreadMain] pthread_setaffinity_np failed for thread: 4098692, index: 121, mask: {146, }, error code: 22 error msg: Invalid argument. Specify the number of threads explicitly so the affinity is not set.[m
[1;31m2026-09-30 15:13:38.986047417 [E:onnxruntime:Default, env.cc:228 ThreadMain] pthread_setaffinity_np failed for thread: 4098700, index: 129, mask: {106, }, error code: 22 error msg: Invalid argument. Specify the number of threads explicitly so the affinity is not set.[m
[1;31m2026-09-30 15:13:38.986099167 [E:onnxruntime:Default, env.cc:228 ThreadMain] pthread_setaffinity_np failed for thread: 4098715, index: 144, mask: {129, }, error code: 22 error msg: Invalid argument. Specify the number of threads explicitly so the affinity is not set.[m
[1;31m2026-09-30 15:13:38.986077257 [E:onnxruntime:Default, env.cc:228 ThreadMain] pthread_setaffinity_np failed for thread: 4098711, index: 140, mask: {181, }, error code: 22 error msg: Invalid argument. Specify the number of threads explicitly so the affinity is not set.[m
[1;31m2026-09-30 15:13:38.972591457 [E:onnxruntime:Default, env.cc:228 ThreadMain] pthread_setaffinity_np failed for thread: 4098623, index: 52, mask: {37, }, error code: 22 error msg: Invalid argument. Specify the number of threads explicitly so the affinity is not set.[m
[1;31m2026-09-30 15:13:38.986126747 [E:onnxruntime:Default, env.cc:228 ThreadMain] pthread_setaffinity_np failed for thread: 4098718, index: 147, mask: {132, }, error code: 22 error msg: Invalid argument. Specify the number of threads explicitly so the affinity is not set.[m
[1;31m2026-09-30 15:13:38.985982238 [E:onnxruntime:Default, env.cc:228 ThreadMain] pthread_setaffinity_np failed for thread: 4098670, index: 99, mask: {100, }, error code: 22 error msg: Invalid argument. Specify the number of threads explicitly so the affinity is not set.[m
[1;31m2026-09-30 15:13:38.986106657 [E:onnxruntime:Default, env.cc:228 ThreadMain] pthread_setaffinity_np failed for thread: 4098722, index: 151, mask: {152, }, error code: 22 error msg: Invalid argument. Specify the number of threads explicitly so the affinity is not set.[m
[1;31m2026-09-30 15:13:38.986291706 [E:onnxruntime:Default, env.cc:228 ThreadMain] pthread_setaffinity_np failed for thread: 4098618, index: 47, mask: {32, }, error code: 22 error msg: Invalid argument. Specify the number of threads explicitly so the affinity is not set.[m
[1;31m2026-09-30 15:13:38.986090477 [E:onnxruntime:Default, env.cc:228 ThreadMain] pthread_setaffinity_np failed for thread: 4098699, index: 128, mask: {105, }, error code: 22 error msg: Invalid argument. Specify the number of threads explicitly so the affinity is not set.[m
[1;31m2026-09-30 15:13:38.986036868 [E:onnxruntime:Default, env.cc:228 ThreadMain] pthread_setaffinity_np failed for thread: 4098695, index: 124, mask: {149, }, error code: 22 error msg: Invalid argument. Specify the number of threads explicitly so the affinity is not set.[m
[1;31m2026-09-30 15:13:38.986042967 [E:onnxruntime:Default, env.cc:228 ThreadMain] pthread_setaffinity_np failed for thread: 4098689, index: 118, mask: {127, }, error code: 22 error msg: Invalid argument. Specify the number of threads explicitly so the affinity is not set.[m
[1;31m2026-09-30 15:13:38.994396786 [E:onnxruntime:Default, env.cc:228 ThreadMain] pthread_setaffinity_np failed for thread: 4098609, index: 38, mask: {15, }, error code: 22 error msg: Invalid argument. Specify the number of threads explicitly so the affinity is not set.[m
[1;31m2026-09-30 15:13:38.986118467 [E:onnxruntime:Default, env.cc:228 ThreadMain] pthread_setaffinity_np failed for thread: 4098712, index: 141, mask: {182, }, error code: 22 error msg: Invalid argument. Specify the number of threads explicitly so the affinity is not set.[m
[1;31m2026-09-30 15:13:38.986065337 [E:onnxruntime:Default, env.cc:228 ThreadMain] pthread_setaffinity_np failed for thread: 4098696, index: 125, mask: {150, }, error code: 22 error msg: Invalid argument. Specify the number of threads explicitly so the affinity is not set.[m
[1;31m2026-09-30 15:13:38.986038468 [E:onnxruntime:Default, env.cc:228 ThreadMain] pthread_setaffinity_np failed for thread: 4098688, index: 117, mask: {126, }, error code: 22 error msg: Invalid argument. Specify the number of threads explicitly so the affinity is not set.[m
[1;31m2026-09-30 15:13:38.996399791 [E:onnxruntime:Default, env.cc:228 ThreadMain] pthread_setaffinity_np failed for thread: 4098721, index: 150, mask: {135, }, error code: 22 error msg: Invalid argument. Specify the number of threads explicitly so the affinity is not set.[m
[1;31m2026-09-30 15:13:38.986200826 [E:onnxruntime:Default, env.cc:228 ThreadMain] pthread_setaffinity_np failed for thread: 4098745, index: 174, mask: {191, }, error code: 22 error msg: Invalid argument. Specify the number of threads explicitly so the affinity is not set.[m
[1;31m2026-09-30 15:13:38.986129727 [E:onnxruntime:Default, env.cc:228 ThreadMain] pthread_setaffinity_np failed for thread: 4098714, index: 143, mask: {128, }, error code: 22 error msg: Invalid argument. Specify the number of threads explicitly so the affinity is not set.[m
[1;31m2026-09-30 15:13:38.986151317 [E:onnxruntime:Default, env.cc:228 ThreadMain] pthread_setaffinity_np failed for thread: 4098725, index: 154, mask: {155, }, error code: 22 error msg: Invalid argument. Specify the number of threads explicitly so the affinity is not set.[m
[1;31m2026-09-30 15:13:38.994408046 [E:onnxruntime:Default, env.cc:228 ThreadMain] pthread_setaffinity_np failed for thread: 4098600, index: 29, mask: {54, }, error code: 22 error msg: Invalid argument. Specify the number of threads explicitly so the affinity is not set.[m
[1;31m2026-09-30 15:13:38.985993548 [E:onnxruntime:Default, env.cc:228 ThreadMain] pthread_setaffinity_np failed for thread: 4098671, index: 100, mask: {101, }, error code: 22 error msg: Invalid argument. Specify the number of threads explicitly so the affinity is not set.[m
[1;31m2026-09-30 15:13:38.986086427 [E:onnxruntime:Default, env.cc:228 ThreadMain] pthread_setaffinity_np failed for thread: 4098701, index: 130, mask: {107, }, error code: 22 error msg: Invalid argument. Specify the number of threads explicitly so the affinity is not set.[m
[1;31m2026-09-30 15:13:38.986167127 [E:onnxruntime:Default, env.cc:228 ThreadMain] pthread_setaffinity_np failed for thread: 4098737, index: 166, mask: {119, }, error code: 22 error msg: Invalid argument. Specify the number of threads explicitly so the affinity is not set.[m
[1;31m2026-09-30 15:13:38.986160367 [E:onnxruntime:Default, env.cc:228 ThreadMain] pthread_setaffinity_np failed for thread: 4098731, index: 160, mask: {113, }, error code: 22 error msg: Invalid argument. Specify the number of threads explicitly so the affinity is not set.[m
[1;31m2026-09-30 15:13:38.986163437 [E:onnxruntime:Default, env.cc:228 ThreadMain] pthread_setaffinity_np failed for thread: 4098732, index: 161, mask: {114, }, error code: 22 error msg: Invalid argument. Specify the number of threads explicitly so the affinity is not set.[m
[1;31m2026-09-30 15:13:38.990412325 [E:onnxruntime:Default, env.cc:228 ThreadMain] pthread_setaffinity_np failed for thread: 4098744, index: 173, mask: {190, }, error code: 22 error msg: Invalid argument. Specify the number of threads explicitly so the affinity is not set.[m
[1;31m2026-09-30 15:13:38.986247146 [E:onnxruntime:Default, env.cc:228 ThreadMain] pthread_setaffinity_np failed for thread: 4098589, index: 18, mask: {27, }, error code: 22 error msg: Invalid argument. Specify the number of threads explicitly so the affinity is not set.[m
[1;31m2026-09-30 15:13:38.986208916 [E:onnxruntime:Default, env.cc:228 ThreadMain] pthread_setaffinity_np failed for thread: 4098756, index: 185, mask: {162, }, error code: 22 error msg: Invalid argument. Specify the number of threads explicitly so the affinity is not set.[m
[1;31m2026-09-30 15:13:38.986178226 [E:onnxruntime:Default, env.cc:228 ThreadMain] pthread_setaffinity_np failed for thread: 4098739, index: 168, mask: {185, }, error code: 22 error msg: Invalid argument. Specify the number of threads explicitly so the affinity is not set.[m
[1;31m2026-09-30 15:13:38.986213386 [E:onnxruntime:Default, env.cc:228 ThreadMain] pthread_setaffinity_np failed for thread: 4098747, index: 176, mask: {137, }, error code: 22 error msg: Invalid argument. Specify the number of threads explicitly so the affinity is not set.[m
[1;31m2026-09-30 15:13:38.990422135 [E:onnxruntime:Default, env.cc:228 ThreadMain] pthread_setaffinity_np failed for thread: 4098746, index: 175, mask: {136, }, error code: 22 error msg: Invalid argument. Specify the number of threads explicitly so the affinity is not set.[m
[1;31m2026-09-30 15:13:38.985771830 [E:onnxruntime:Default, env.cc:228 ThreadMain] pthread_setaffinity_np failed for thread: 4098624, index: 53, mask: {38, }, error code: 22 error msg: Invalid argument. Specify the number of threads explicitly so the affinity is not set.[m
[1;31m2026-09-30 15:13:38.986238756 [E:onnxruntime:Default, env.cc:228 ThreadMain] pthread_setaffinity_np failed for thread: 4098760, index: 189, mask: {166, }, error code: 22 error msg: Invalid argument. Specify the number of threads explicitly so the affinity is not set.[m
[1;31m2026-09-30 15:13:38.986283816 [E:onnxruntime:Default, env.cc:228 ThreadMain] pthread_setaffinity_np failed for thread: 4098596, index: 25, mask: {50, }, error code: 22 error msg: Invalid argument. Specify the number of threads explicitly so the affinity is not set.[m
[1;31m2026-09-30 15:13:38.986303746 [E:onnxruntime:Default, env.cc:228 ThreadMain] pthread_setaffinity_np failed for thread: 4098603, index: 32, mask: {9, }, error code: 22 error msg: Invalid argument. Specify the number of threads explicitly so the affinity is not set.[m
[1;31m2026-09-30 15:13:38.986240326 [E:onnxruntime:Default, env.cc:228 ThreadMain] pthread_setaffinity_np failed for thread: 4098761, index: 190, mask: {167, }, error code: 22 error msg: Invalid argument. Specify the number of threads explicitly so the affinity is not set.[m
[1;31m2026-09-30 15:13:38.990431575 [E:onnxruntime:Default, env.cc:228 ThreadMain] pthread_setaffinity_np failed for thread: 4098754, index: 183, mask: {160, }, error code: 22 error msg: Invalid argument. Specify the number of threads explicitly so the affinity is not set.[m
[1;31m2026-09-30 15:13:38.985835629 [E:onnxruntime:Default, env.cc:228 ThreadMain] pthread_setaffinity_np failed for thread: 4098637, index: 66, mask: {19, }, error code: 22 error msg: Invalid argument. Specify the number of threads explicitly so the affinity is not set.[m
[1;31m2026-09-30 15:13:38.985832999 [E:onnxruntime:Default, env.cc:228 ThreadMain] pthread_setaffinity_np failed for thread: 4098638, index: 67, mask: {20, }, error code: 22 error msg: Invalid argument. Specify the number of threads explicitly so the affinity is not set.[m
[1;31m2026-09-30 15:13:38.972674587 [E:onnxruntime:Default, env.cc:228 ThreadMain] pthread_setaffinity_np failed for thread: 4098673, index: 102, mask: {103, }, error code: 22 error msg: Invalid argument. Specify the number of threads explicitly so the affinity is not set.[m
[1;31m2026-09-30 15:13:38.973213813 [E:onnxruntime:Default, env.cc:228 ThreadMain] pthread_setaffinity_np failed for thread: 4098753, index: 182, mask: {143, }, error code: 22 error msg: Invalid argument. Specify the number of threads explicitly so the affinity is not set.[m
[1;31m2026-09-30 15:13:38.990440805 [E:onnxruntime:Default, env.cc:228 ThreadMain] pthread_setaffinity_np failed for thread: 4098757, index: 186, mask: {163, }, error code: 22 error msg: Invalid argument. Specify the number of threads explicitly so the affinity is not set.[m
[1;31m2026-09-30 15:13:38.986133827 [E:onnxruntime:Default, env.cc:228 ThreadMain] pthread_setaffinity_np failed for thread: 4098719, index: 148, mask: {133, }, error code: 22 error msg: Invalid argument. Specify the number of threads explicitly so the affinity is not set.[m
[1;31m2026-09-30 15:13:38.985787789 [E:onnxruntime:Default, env.cc:228 ThreadMain] pthread_setaffinity_np failed for thread: 4098716, index: 145, mask: {130, }, error code: 22 error msg: Invalid argument. Specify the number of threads explicitly so the affinity is not set.[m
[1;31m2026-09-30 15:13:38.986105877 [E:onnxruntime:Default, env.cc:228 ThreadMain] pthread_setaffinity_np failed for thread: 4098708, index: 137, mask: {178, }, error code: 22 error msg: Invalid argument. Specify the number of threads explicitly so the affinity is not set.[m
[1;31m2026-09-30 15:13:38.972905525 [E:onnxruntime:Default, env.cc:228 ThreadMain] pthread_setaffinity_np failed for thread: 4098697, index: 126, mask: {151, }, error code: 22 error msg: Invalid argument. Specify the number of threads explicitly so the affinity is not set.[m
[1;31m2026-09-30 15:13:38.986190336 [E:onnxruntime:Default, env.cc:228 ThreadMain] pthread_setaffinity_np failed for thread: 4098740, index: 169, mask: {186, }, error code: 22 error msg: Invalid argument. Specify the number of threads explicitly so the affinity is not set.[m
[1;31m2026-09-30 15:13:38.986270096 [E:onnxruntime:Default, env.cc:228 ThreadMain] pthread_setaffinity_np failed for thread: 4098593, index: 22, mask: {31, }, error code: 22 error msg: Invalid argument. Specify the number of threads explicitly so the affinity is not set.[m
[1;31m2026-09-30 15:13:38.985807889 [E:onnxruntime:Default, env.cc:228 ThreadMain] pthread_setaffinity_np failed for thread: 4098634, index: 63, mask: {16, }, error code: 22 error msg: Invalid argument. Specify the number of threads explicitly so the affinity is not set.[m
[1;31m2026-09-30 15:13:38.986294566 [E:onnxruntime:Default, env.cc:228 ThreadMain] pthread_setaffinity_np failed for thread: 4098597, index: 26, mask: {51, }, error code: 22 error msg: Invalid argument. Specify the number of threads explicitly so the affinity is not set.[m
[1;31m2026-09-30 15:13:38.986095097 [E:onnxruntime:Default, env.cc:228 ThreadMain] pthread_setaffinity_np failed for thread: 4098705, index: 134, mask: {111, }, error code: 22 error msg: Invalid argument. Specify the number of threads explicitly so the affinity is not set.[m
[1;31m2026-09-30 15:13:38.985501992 [E:onnxruntime:Default, env.cc:228 ThreadMain] pthread_setaffinity_np failed for thread: 4098592, index: 21, mask: {30, }, error code: 22 error msg: Invalid argument. Specify the number of threads explicitly so the affinity is not set.[m
[1;31m2026-09-30 15:13:38.985932068 [E:onnxruntime:Default, env.cc:228 ThreadMain] pthread_setaffinity_np failed for thread: 4098619, index: 48, mask: {33, }, error code: 22 error msg: Invalid argument. Specify the number of threads explicitly so the affinity is not set.[m
[1;31m2026-09-30 15:13:38.922486649 [E:onnxruntime:Default, env.cc:228 ThreadMain] pthread_setaffinity_np failed for thread: 4098730, index: 159, mask: {112, }, error code: 22 error msg: Invalid argument. Specify the number of threads explicitly so the affinity is not set.[m
[1;31m2026-09-30 15:13:38.986290176 [E:onnxruntime:Default, env.cc:228 ThreadMain] pthread_setaffinity_np failed for thread: 4098607, index: 36, mask: {13, }, error code: 22 error msg: Invalid argument. Specify the number of threads explicitly so the affinity is not set.[m
[1;31m2026-09-30 15:13:38.986332765 [E:onnxruntime:Default, env.cc:228 ThreadMain] pthread_setaffinity_np failed for thread: 4098606, index: 35, mask: {12, }, error code: 22 error msg: Invalid argument. Specify the number of threads explicitly so the affinity is not set.[m
[1;31m2026-09-30 15:13:38.985798769 [E:onnxruntime:Default, env.cc:228 ThreadMain] pthread_setaffinity_np failed for thread: 4098726, index: 155, mask: {156, }, error code: 22 error msg: Invalid argument. Specify the number of threads explicitly so the affinity is not set.[m
[1;31m2026-09-30 15:13:38.986245286 [E:onnxruntime:Default, env.cc:228 ThreadMain] pthread_setaffinity_np failed for thread: 4098591, index: 20, mask: {29, }, error code: 22 error msg: Invalid argument. Specify the number of threads explicitly so the affinity is not set.[m
[1;31m2026-09-30 15:13:38.985806979 [E:onnxruntime:Default, env.cc:228 ThreadMain] pthread_setaffinity_np failed for thread: 4098741, index: 170, mask: {187, }, error code: 22 error msg: Invalid argument. Specify the number of threads explicitly so the affinity is not set.[m
[1;31m2026-09-30 15:13:38.985875939 [E:onnxruntime:Default, env.cc:228 ThreadMain] pthread_setaffinity_np failed for thread: 4098601, index: 30, mask: {55, }, error code: 22 error msg: Invalid argument. Specify the number of threads explicitly so the affinity is not set.[m
[1;31m2026-09-30 15:13:39.035408212 [E:onnxruntime:Default, env.cc:228 ThreadMain] pthread_setaffinity_np failed for thread: 4098620, index: 49, mask: {34, }, error code: 22 error msg: Invalid argument. Specify the number of threads explicitly so the affinity is not set.[m
[1;31m2026-09-30 15:13:38.986001868 [E:onnxruntime:Default, env.cc:228 ThreadMain] pthread_setaffinity_np failed for thread: 4098686, index: 115, mask: {124, }, error code: 22 error msg: Invalid argument. Specify the number of threads explicitly so the affinity is not set.[m
[1;31m2026-09-30 15:13:39.170888187 [E:onnxruntime:Default, env.cc:228 ThreadMain] pthread_setaffinity_np failed for thread: 4098766, index: 0, mask: {1, }, error code: 22 error msg: Invalid argument. Specify the number of threads explicitly so the affinity is not set.[m
[1;31m2026-09-30 15:13:39.171451163 [E:onnxruntime:Default, env.cc:228 ThreadMain] pthread_setaffinity_np failed for thread: 4098767, index: 1, mask: {2, }, error code: 22 error msg: Invalid argument. Specify the number of threads explicitly so the affinity is not set.[m
[1;31m2026-09-30 15:13:39.172446956 [E:onnxruntime:Default, env.cc:228 ThreadMain] pthread_setaffinity_np failed for thread: 4098768, index: 2, mask: {3, }, error code: 22 error msg: Invalid argument. Specify the number of threads explicitly so the affinity is not set.[m
[1;31m2026-09-30 15:13:39.173439978 [E:onnxruntime:Default, env.cc:228 ThreadMain] pthread_setaffinity_np failed for thread: 4098769, index: 3, mask: {4, }, error code: 22 error msg: Invalid argument. Specify the number of threads explicitly so the affinity is not set.[m
[1;31m2026-09-30 15:13:39.174345941 [E:onnxruntime:Default, env.cc:228 ThreadMain] pthread_setaffinity_np failed for thread: 4098922, index: 156, mask: {157, }, error code: 22 error msg: Invalid argument. Specify the number of threads explicitly so the affinity is not set.[m
[1;31m2026-09-30 15:13:39.174469651 [E:onnxruntime:Default, env.cc:228 ThreadMain] pthread_setaffinity_np failed for thread: 4098770, index: 4, mask: {5, }, error code: 22 error msg: Invalid argument. Specify the number of threads explicitly so the affinity is not set.[m
[1;31m2026-09-30 15:13:39.174483590 [E:onnxruntime:Default, env.cc:228 ThreadMain] pthread_setaffinity_np failed for thread: 4098771, index: 5, mask: {6, }, error code: 22 error msg: Invalid argument. Specify the number of threads explicitly so the affinity is not set.[m
[1;31m2026-09-30 15:13:39.174806958 [E:onnxruntime:Default, env.cc:228 ThreadMain] pthread_setaffinity_np failed for thread: 4098941, index: 175, mask: {136, }, error code: 22 error msg: Invalid argument. Specify the number of threads explicitly so the affinity is not set.[m
[1;31m2026-09-30 15:13:39.176555945 [E:onnxruntime:Default, env.cc:228 ThreadMain] pthread_setaffinity_np failed for thread: 4098790, index: 24, mask: {49, }, error code: 22 error msg: Invalid argument. Specify the number of threads explicitly so the affinity is not set.[m
[1;31m2026-09-30 15:13:39.177445969 [E:onnxruntime:Default, env.cc:228 ThreadMain] pthread_setaffinity_np failed for thread: 4098791, index: 25, mask: {50, }, error code: 22 error msg: Invalid argument. Specify the number of threads explicitly so the affinity is not set.[m
[1;31m2026-09-30 15:13:39.183442794 [E:onnxruntime:Default, env.cc:228 ThreadMain] pthread_setaffinity_np failed for thread: 4098956, index: 190, mask: {167, }, error code: 22 error msg: Invalid argument. Specify the number of threads explicitly so the affinity is not set.[m
[1;31m2026-09-30 15:13:39.183536393 [E:onnxruntime:Default, env.cc:228 ThreadMain] pthread_setaffinity_np failed for thread: 4098813, index: 47, mask: {32, }, error code: 22 error msg: Invalid argument. Specify the number of threads explicitly so the affinity is not set.[m
[1;31m2026-09-30 15:13:39.185436329 [E:onnxruntime:Default, env.cc:228 ThreadMain] pthread_setaffinity_np failed for thread: 4098814, index: 48, mask: {33, }, error code: 22 error msg: Invalid argument. Specify the number of threads explicitly so the affinity is not set.[m
[1;31m2026-09-30 15:13:39.187416325 [E:onnxruntime:Default, env.cc:228 ThreadMain] pthread_setaffinity_np failed for thread: 4098772, index: 6, mask: {7, }, error code: 22 error msg: Invalid argument. Specify the number of threads explicitly so the affinity is not set.[m
[1;31m2026-09-30 15:13:39.187511704 [E:onnxruntime:Default, env.cc:228 ThreadMain] pthread_setaffinity_np failed for thread: 4098781, index: 15, mask: {24, }, error code: 22 error msg: Invalid argument. Specify the number of threads explicitly so the affinity is not set.[m
[1;31m2026-09-30 15:13:39.189480409 [E:onnxruntime:Default, env.cc:228 ThreadMain] pthread_setaffinity_np failed for thread: 4098833, index: 67, mask: {20, }, error code: 22 error msg: Invalid argument. Specify the number of threads explicitly so the affinity is not set.[m
[1;31m2026-09-30 15:13:39.191418055 [E:onnxruntime:Default, env.cc:228 ThreadMain] pthread_setaffinity_np failed for thread: 4098782, index: 16, mask: {25, }, error code: 22 error msg: Invalid argument. Specify the number of threads explicitly so the affinity is not set.[m
[1;31m2026-09-30 15:13:39.194450642 [E:onnxruntime:Default, env.cc:228 ThreadMain] pthread_setaffinity_np failed for thread: 4098826, index: 60, mask: {61, }, error code: 22 error msg: Invalid argument. Specify the number of threads explicitly so the affinity is not set.[m
[1;31m2026-09-30 15:13:39.195414655 [E:onnxruntime:Default, env.cc:228 ThreadMain] pthread_setaffinity_np failed for thread: 4098783, index: 17, mask: {26, }, error code: 22 error msg: Invalid argument. Specify the number of threads explicitly so the affinity is not set.[m
[1;31m2026-09-30 15:13:39.195450315 [E:onnxruntime:Default, env.cc:228 ThreadMain] pthread_setaffinity_np failed for thread: 4098827, index: 61, mask: {62, }, error code: 22 error msg: Invalid argument. Specify the number of threads explicitly so the affinity is not set.[m
[1;31m2026-09-30 15:13:39.196448978 [E:onnxruntime:Default, env.cc:228 ThreadMain] pthread_setaffinity_np failed for thread: 4098828, index: 62, mask: {63, }, error code: 22 error msg: Invalid argument. Specify the number of threads explicitly so the affinity is not set.[m
[1;31m2026-09-30 15:13:39.198431283 [E:onnxruntime:Default, env.cc:228 ThreadMain] pthread_setaffinity_np failed for thread: 4098829, index: 63, mask: {16, }, error code: 22 error msg: Invalid argument. Specify the number of threads explicitly so the affinity is not set.[m
[1;31m2026-09-30 15:13:39.199438885 [E:onnxruntime:Default, env.cc:228 ThreadMain] pthread_setaffinity_np failed for thread: 4098830, index: 64, mask: {17, }, error code: 22 error msg: Invalid argument. Specify the number of threads explicitly so the affinity is not set.[m
[1;31m2026-09-30 15:13:39.200428898 [E:onnxruntime:Default, env.cc:228 ThreadMain] pthread_setaffinity_np failed for thread: 4098831, index: 65, mask: {18, }, error code: 22 error msg: Invalid argument. Specify the number of threads explicitly so the affinity is not set.[m
[1;31m2026-09-30 15:13:39.201434961 [E:onnxruntime:Default, env.cc:228 ThreadMain] pthread_setaffinity_np failed for thread: 4098836, index: 70, mask: {23, }, error code: 22 error msg: Invalid argument. Specify the number of threads explicitly so the affinity is not set.[m
[1;31m2026-09-30 15:13:39.203419886 [E:onnxruntime:Default, env.cc:228 ThreadMain] pthread_setaffinity_np failed for thread: 4098784, index: 18, mask: {27, }, error code: 22 error msg: Invalid argument. Specify the number of threads explicitly so the affinity is not set.[m
[1;31m2026-09-30 15:13:39.203742734 [E:onnxruntime:Default, env.cc:228 ThreadMain] pthread_setaffinity_np failed for thread: 4098845, index: 79, mask: {40, }, error code: 22 error msg: Invalid argument. Specify the number of threads explicitly so the affinity is not set.[m
[1;31m2026-09-30 15:13:39.204065411 [E:onnxruntime:Default, env.cc:228 ThreadMain] pthread_setaffinity_np failed for thread: 4098846, index: 80, mask: {41, }, error code: 22 error msg: Invalid argument. Specify the number of threads explicitly so the affinity is not set.[m
[1;31m2026-09-30 15:13:39.207418636 [E:onnxruntime:Default, env.cc:228 ThreadMain] pthread_setaffinity_np failed for thread: 4098785, index: 19, mask: {28, }, error code: 22 error msg: Invalid argument. Specify the number of threads explicitly so the affinity is not set.[m
[1;31m2026-09-30 15:13:39.211418837 [E:onnxruntime:Default, env.cc:228 ThreadMain] pthread_setaffinity_np failed for thread: 4098786, index: 20, mask: {29, }, error code: 22 error msg: Invalid argument. Specify the number of threads explicitly so the affinity is not set.[m
[1;31m2026-09-30 15:13:39.215408997 [E:onnxruntime:Default, env.cc:228 ThreadMain] pthread_setaffinity_np failed for thread: 4098787, index: 21, mask: {30, }, error code: 22 error msg: Invalid argument. Specify the number of threads explicitly so the affinity is not set.[m
[1;31m2026-09-30 15:13:39.219411187 [E:onnxruntime:Default, env.cc:228 ThreadMain] pthread_setaffinity_np failed for thread: 4098788, index: 22, mask: {31, }, error code: 22 error msg: Invalid argument. Specify the number of threads explicitly so the affinity is not set.[m
[1;31m2026-09-30 15:13:39.222028308 [E:onnxruntime:Default, env.cc:228 ThreadMain] pthread_setaffinity_np failed for thread: 4098887, index: 121, mask: {146, }, error code: 22 error msg: Invalid argument. Specify the number of threads explicitly so the affinity is not set.[m
[1;31m2026-09-30 15:13:39.223327758 [E:onnxruntime:Default, env.cc:228 ThreadMain] pthread_setaffinity_np failed for thread: 4098888, index: 122, mask: {147, }, error code: 22 error msg: Invalid argument. Specify the number of threads explicitly so the affinity is not set.[m
[1;31m2026-09-30 15:13:39.223409378 [E:onnxruntime:Default, env.cc:228 ThreadMain] pthread_setaffinity_np failed for thread: 4098789, index: 23, mask: {48, }, error code: 22 error msg: Invalid argument. Specify the number of threads explicitly so the affinity is not set.[m
[1;31m2026-09-30 15:13:39.225650391 [E:onnxruntime:Default, env.cc:228 ThreadMain] pthread_setaffinity_np failed for thread: 4098889, index: 123, mask: {148, }, error code: 22 error msg: Invalid argument. Specify the number of threads explicitly so the affinity is not set.[m
[1;31m2026-09-30 15:13:39.226407666 [E:onnxruntime:Default, env.cc:228 ThreadMain] pthread_setaffinity_np failed for thread: 4098890, index: 124, mask: {149, }, error code: 22 error msg: Invalid argument. Specify the number of threads explicitly so the affinity is not set.[m
[1;31m2026-09-30 15:13:39.226505115 [E:onnxruntime:Default, env.cc:228 ThreadMain] pthread_setaffinity_np failed for thread: 4098891, index: 125, mask: {150, }, error code: 22 error msg: Invalid argument. Specify the number of threads explicitly so the affinity is not set.[m
[1;31m2026-09-30 15:13:39.226585104 [E:onnxruntime:Default, env.cc:228 ThreadMain] pthread_setaffinity_np failed for thread: 4098893, index: 127, mask: {104, }, error code: 22 error msg: Invalid argument. Specify the number of threads explicitly so the affinity is not set.[m
[1;31m2026-09-30 15:13:39.226536485 [E:onnxruntime:Default, env.cc:228 ThreadMain] pthread_setaffinity_np failed for thread: 4098892, index: 126, mask: {151, }, error code: 22 error msg: Invalid argument. Specify the number of threads explicitly so the affinity is not set.[m
[1;31m2026-09-30 15:13:39.226653024 [E:onnxruntime:Default, env.cc:228 ThreadMain] pthread_setaffinity_np failed for thread: 4098894, index: 128, mask: {105, }, error code: 22 error msg: Invalid argument. Specify the number of threads explicitly so the affinity is not set.[m
[1;31m2026-09-30 15:13:39.226666484 [E:onnxruntime:Default, env.cc:228 ThreadMain] pthread_setaffinity_np failed for thread: 4098895, index: 129, mask: {106, }, error code: 22 error msg: Invalid argument. Specify the number of threads explicitly so the affinity is not set.[m
[1;31m2026-09-30 15:13:39.226699633 [E:onnxruntime:Default, env.cc:228 ThreadMain] pthread_setaffinity_np failed for thread: 4098896, index: 130, mask: {107, }, error code: 22 error msg: Invalid argument. Specify the number of threads explicitly so the affinity is not set.[m
[1;31m2026-09-30 15:13:39.226756303 [E:onnxruntime:Default, env.cc:228 ThreadMain] pthread_setaffinity_np failed for thread: 4098897, index: 131, mask: {108, }, error code: 22 error msg: Invalid argument. Specify the number of threads explicitly so the affinity is not set.[m
[1;31m2026-09-30 15:13:39.227269079 [E:onnxruntime:Default, env.cc:228 ThreadMain] pthread_setaffinity_np failed for thread: 4098900, index: 134, mask: {111, }, error code: 22 error msg: Invalid argument. Specify the number of threads explicitly so the affinity is not set.[m
[1;31m2026-09-30 15:13:39.227440378 [E:onnxruntime:Default, env.cc:228 ThreadMain] pthread_setaffinity_np failed for thread: 4098792, index: 26, mask: {51, }, error code: 22 error msg: Invalid argument. Specify the number of threads explicitly so the affinity is not set.[m
[1;31m2026-09-30 15:13:39.227496977 [E:onnxruntime:Default, env.cc:228 ThreadMain] pthread_setaffinity_np failed for thread: 4098898, index: 132, mask: {109, }, error code: 22 error msg: Invalid argument. Specify the number of threads explicitly so the affinity is not set.[m
[1;31m2026-09-30 15:13:39.227529907 [E:onnxruntime:Default, env.cc:228 ThreadMain] pthread_setaffinity_np failed for thread: 4098899, index: 133, mask: {110, }, error code: 22 error msg: Invalid argument. Specify the number of threads explicitly so the affinity is not set.[m
[1;31m2026-09-30 15:13:39.227636986 [E:onnxruntime:Default, env.cc:228 ThreadMain] pthread_setaffinity_np failed for thread: 4098793, index: 27, mask: {52, }, error code: 22 error msg: Invalid argument. Specify the number of threads explicitly so the affinity is not set.[m
[1;31m2026-09-30 15:13:39.227716216 [E:onnxruntime:Default, env.cc:228 ThreadMain] pthread_setaffinity_np failed for thread: 4098904, index: 138, mask: {179, }, error code: 22 error msg: Invalid argument. Specify the number of threads explicitly so the affinity is not set.[m
[1;31m2026-09-30 15:13:39.227769855 [E:onnxruntime:Default, env.cc:228 ThreadMain] pthread_setaffinity_np failed for thread: 4098906, index: 140, mask: {181, }, error code: 22 error msg: Invalid argument. Specify the number of threads explicitly so the affinity is not set.[m
[1;31m2026-09-30 15:13:39.227827535 [E:onnxruntime:Default, env.cc:228 ThreadMain] pthread_setaffinity_np failed for thread: 4098907, index: 141, mask: {182, }, error code: 22 error msg: Invalid argument. Specify the number of threads explicitly so the affinity is not set.[m
[1;31m2026-09-30 15:13:39.228209262 [E:onnxruntime:Default, env.cc:228 ThreadMain] pthread_setaffinity_np failed for thread: 4098903, index: 137, mask: {178, }, error code: 22 error msg: Invalid argument. Specify the number of threads explicitly so the affinity is not set.[m
[1;31m2026-09-30 15:13:39.227609067 [E:onnxruntime:Default, env.cc:228 ThreadMain] pthread_setaffinity_np failed for thread: 4098902, index: 136, mask: {177, }, error code: 22 error msg: Invalid argument. Specify the number of threads explicitly so the affinity is not set.[m
[1;31m2026-09-30 15:13:39.228520030 [E:onnxruntime:Default, env.cc:228 ThreadMain] pthread_setaffinity_np failed for thread: 4098905, index: 139, mask: {180, }, error code: 22 error msg: Invalid argument. Specify the number of threads explicitly so the affinity is not set.[m
[1;31m2026-09-30 15:13:39.228537720 [E:onnxruntime:Default, env.cc:228 ThreadMain] pthread_setaffinity_np failed for thread: 4098794, index: 28, mask: {53, }, error code: 22 error msg: Invalid argument. Specify the number of threads explicitly so the affinity is not set.[m
[1;31m2026-09-30 15:13:39.228713988 [E:onnxruntime:Default, env.cc:228 ThreadMain] pthread_setaffinity_np failed for thread: 4098910, index: 144, mask: {129, }, error code: 22 error msg: Invalid argument. Specify the number of threads explicitly so the affinity is not set.[m
[1;31m2026-09-30 15:13:39.229184135 [E:onnxruntime:Default, env.cc:228 ThreadMain] pthread_setaffinity_np failed for thread: 4098909, index: 143, mask: {128, }, error code: 22 error msg: Invalid argument. Specify the number of threads explicitly so the affinity is not set.[m
[1;31m2026-09-30 15:13:39.229725951 [E:onnxruntime:Default, env.cc:228 ThreadMain] pthread_setaffinity_np failed for thread: 4098913, index: 147, mask: {132, }, error code: 22 error msg: Invalid argument. Specify the number of threads explicitly so the affinity is not set.[m
[1;31m2026-09-30 15:13:39.230708364 [E:onnxruntime:Default, env.cc:228 ThreadMain] pthread_setaffinity_np failed for thread: 4098917, index: 151, mask: {152, }, error code: 22 error msg: Invalid argument. Specify the number of threads explicitly so the affinity is not set.[m
[1;31m2026-09-30 15:13:39.228564890 [E:onnxruntime:Default, env.cc:228 ThreadMain] pthread_setaffinity_np failed for thread: 4098908, index: 142, mask: {183, }, error code: 22 error msg: Invalid argument. Specify the number of threads explicitly so the affinity is not set.[m
[1;31m2026-09-30 15:13:39.232567370 [E:onnxruntime:Default, env.cc:228 ThreadMain] pthread_setaffinity_np failed for thread: 4098927, index: 161, mask: {114, }, error code: 22 error msg: Invalid argument. Specify the number of threads explicitly so the affinity is not set.[m
[1;31m2026-09-30 15:13:39.233041156 [E:onnxruntime:Default, env.cc:228 ThreadMain] pthread_setaffinity_np failed for thread: 4098928, index: 162, mask: {115, }, error code: 22 error msg: Invalid argument. Specify the number of threads explicitly so the affinity is not set.[m
[1;31m2026-09-30 15:13:39.233359544 [E:onnxruntime:Default, env.cc:228 ThreadMain] pthread_setaffinity_np failed for thread: 4098929, index: 163, mask: {116, }, error code: 22 error msg: Invalid argument. Specify the number of threads explicitly so the affinity is not set.[m
[1;31m2026-09-30 15:13:39.235415779 [E:onnxruntime:Default, env.cc:228 ThreadMain] pthread_setaffinity_np failed for thread: 4098795, index: 29, mask: {54, }, error code: 22 error msg: Invalid argument. Specify the number of threads explicitly so the affinity is not set.[m
[1;31m2026-09-30 15:13:39.239427089 [E:onnxruntime:Default, env.cc:228 ThreadMain] pthread_setaffinity_np failed for thread: 4098815, index: 49, mask: {34, }, error code: 22 error msg: Invalid argument. Specify the number of threads explicitly so the affinity is not set.[m
[1;31m2026-09-30 15:13:39.239463039 [E:onnxruntime:Default, env.cc:228 ThreadMain] pthread_setaffinity_np failed for thread: 4098797, index: 31, mask: {8, }, error code: 22 error msg: Invalid argument. Specify the number of threads explicitly so the affinity is not set.[m
[1;31m2026-09-30 15:13:39.239514518 [E:onnxruntime:Default, env.cc:228 ThreadMain] pthread_setaffinity_np failed for thread: 4098816, index: 50, mask: {35, }, error code: 22 error msg: Invalid argument. Specify the number of threads explicitly so the affinity is not set.[m
[1;31m2026-09-30 15:13:39.239582208 [E:onnxruntime:Default, env.cc:228 ThreadMain] pthread_setaffinity_np failed for thread: 4098818, index: 52, mask: {37, }, error code: 22 error msg: Invalid argument. Specify the number of threads explicitly so the affinity is not set.[m
[1;31m2026-09-30 15:13:39.243408640 [E:onnxruntime:Default, env.cc:228 ThreadMain] pthread_setaffinity_np failed for thread: 4098798, index: 32, mask: {9, }, error code: 22 error msg: Invalid argument. Specify the number of threads explicitly so the affinity is not set.[m
[1;31m2026-09-30 15:13:39.244454142 [E:onnxruntime:Default, env.cc:228 ThreadMain] pthread_setaffinity_np failed for thread: 4098799, index: 33, mask: {10, }, error code: 22 error msg: Invalid argument. Specify the number of threads explicitly so the affinity is not set.[m
[1;31m2026-09-30 15:13:39.248404673 [E:onnxruntime:Default, env.cc:228 ThreadMain] pthread_setaffinity_np failed for thread: 4098800, index: 34, mask: {11, }, error code: 22 error msg: Invalid argument. Specify the number of threads explicitly so the affinity is not set.[m
[1;31m2026-09-30 15:13:39.239432919 [E:onnxruntime:Default, env.cc:228 ThreadMain] pthread_setaffinity_np failed for thread: 4098796, index: 30, mask: {55, }, error code: 22 error msg: Invalid argument. Specify the number of threads explicitly so the affinity is not set.[m
[1;31m2026-09-30 15:13:39.239532548 [E:onnxruntime:Default, env.cc:228 ThreadMain] pthread_setaffinity_np failed for thread: 4098817, index: 51, mask: {36, }, error code: 22 error msg: Invalid argument. Specify the number of threads explicitly so the affinity is not set.[m
[1;31m2026-09-30 15:13:39.252408023 [E:onnxruntime:Default, env.cc:228 ThreadMain] pthread_setaffinity_np failed for thread: 4098801, index: 35, mask: {12, }, error code: 22 error msg: Invalid argument. Specify the number of threads explicitly so the affinity is not set.[m
[1;31m2026-09-30 15:13:39.252595371 [E:onnxruntime:Default, env.cc:228 ThreadMain] pthread_setaffinity_np failed for thread: 4098884, index: 118, mask: {127, }, error code: 22 error msg: Invalid argument. Specify the number of threads explicitly so the affinity is not set.[m
[1;31m2026-09-30 15:13:39.256418393 [E:onnxruntime:Default, env.cc:228 ThreadMain] pthread_setaffinity_np failed for thread: 4098802, index: 36, mask: {13, }, error code: 22 error msg: Invalid argument. Specify the number of threads explicitly so the affinity is not set.[m
[1;31m2026-09-30 15:13:39.256879880 [E:onnxruntime:Default, env.cc:228 ThreadMain] pthread_setaffinity_np failed for thread: 4098823, index: 57, mask: {58, }, error code: 22 error msg: Invalid argument. Specify the number of threads explicitly so the affinity is not set.[m
[1;31m2026-09-30 15:13:39.257016619 [E:onnxruntime:Default, env.cc:228 ThreadMain] pthread_setaffinity_np failed for thread: 4098824, index: 58, mask: {59, }, error code: 22 error msg: Invalid argument. Specify the number of threads explicitly so the affinity is not set.[m
[1;31m2026-09-30 15:13:39.257019579 [E:onnxruntime:Default, env.cc:228 ThreadMain] pthread_setaffinity_np failed for thread: 4098825, index: 59, mask: {60, }, error code: 22 error msg: Invalid argument. Specify the number of threads explicitly so the affinity is not set.[m
[1;31m2026-09-30 15:13:39.257110358 [E:onnxruntime:Default, env.cc:228 ThreadMain] pthread_setaffinity_np failed for thread: 4098834, index: 68, mask: {21, }, error code: 22 error msg: Invalid argument. Specify the number of threads explicitly so the affinity is not set.[m
[1;31m2026-09-30 15:13:39.257086758 [E:onnxruntime:Default, env.cc:228 ThreadMain] pthread_setaffinity_np failed for thread: 4098832, index: 66, mask: {19, }, error code: 22 error msg: Invalid argument. Specify the number of threads explicitly so the affinity is not set.[m
[1;31m2026-09-30 15:13:39.257991651 [E:onnxruntime:Default, env.cc:228 ThreadMain] pthread_setaffinity_np failed for thread: 4098835, index: 69, mask: {22, }, error code: 22 error msg: Invalid argument. Specify the number of threads explicitly so the affinity is not set.[m
[1;31m2026-09-30 15:13:39.259013284 [E:onnxruntime:Default, env.cc:228 ThreadMain] pthread_setaffinity_np failed for thread: 4098847, index: 81, mask: {42, }, error code: 22 error msg: Invalid argument. Specify the number of threads explicitly so the affinity is not set.[m
[1;31m2026-09-30 15:13:39.259064723 [E:onnxruntime:Default, env.cc:228 ThreadMain] pthread_setaffinity_np failed for thread: 4098849, index: 83, mask: {44, }, error code: 22 error msg: Invalid argument. Specify the number of threads explicitly so the affinity is not set.[m
[1;31m2026-09-30 15:13:39.259562200 [E:onnxruntime:Default, env.cc:228 ThreadMain] pthread_setaffinity_np failed for thread: 4098850, index: 84, mask: {45, }, error code: 22 error msg: Invalid argument. Specify the number of threads explicitly so the affinity is not set.[m
[1;31m2026-09-30 15:13:39.259958947 [E:onnxruntime:Default, env.cc:228 ThreadMain] pthread_setaffinity_np failed for thread: 4098851, index: 85, mask: {46, }, error code: 22 error msg: Invalid argument. Specify the number of threads explicitly so the affinity is not set.[m
[1;31m2026-09-30 15:13:39.259021604 [E:onnxruntime:Default, env.cc:228 ThreadMain] pthread_setaffinity_np failed for thread: 4098848, index: 82, mask: {43, }, error code: 22 error msg: Invalid argument. Specify the number of threads explicitly so the affinity is not set.[m
[1;31m2026-09-30 15:13:39.260502103 [E:onnxruntime:Default, env.cc:228 ThreadMain] pthread_setaffinity_np failed for thread: 4098819, index: 53, mask: {38, }, error code: 22 error msg: Invalid argument. Specify the number of threads explicitly so the affinity is not set.[m
[1;31m2026-09-30 15:13:39.260415853 [E:onnxruntime:Default, env.cc:228 ThreadMain] pthread_setaffinity_np failed for thread: 4098803, index: 37, mask: {14, }, error code: 22 error msg: Invalid argument. Specify the number of threads explicitly so the affinity is not set.[m
[1;31m2026-09-30 15:13:39.260460303 [E:onnxruntime:Default, env.cc:228 ThreadMain] pthread_setaffinity_np failed for thread: 4098804, index: 38, mask: {15, }, error code: 22 error msg: Invalid argument. Specify the number of threads explicitly so the affinity is not set.[m
[1;31m2026-09-30 15:13:39.261564275 [E:onnxruntime:Default, env.cc:228 ThreadMain] pthread_setaffinity_np failed for thread: 4098852, index: 86, mask: {47, }, error code: 22 error msg: Invalid argument. Specify the number of threads explicitly so the affinity is not set.[m
[1;31m2026-09-30 15:13:39.262307289 [E:onnxruntime:Default, env.cc:228 ThreadMain] pthread_setaffinity_np failed for thread: 4098854, index: 88, mask: {65, }, error code: 22 error msg: Invalid argument. Specify the number of threads explicitly so the affinity is not set.[m
[1;31m2026-09-30 15:13:39.262616717 [E:onnxruntime:Default, env.cc:228 ThreadMain] pthread_setaffinity_np failed for thread: 4098855, index: 89, mask: {66, }, error code: 22 error msg: Invalid argument. Specify the number of threads explicitly so the affinity is not set.[m
[1;31m2026-09-30 15:13:39.264415524 [E:onnxruntime:Default, env.cc:228 ThreadMain] pthread_setaffinity_np failed for thread: 4098820, index: 54, mask: {39, }, error code: 22 error msg: Invalid argument. Specify the number of threads explicitly so the affinity is not set.[m
[1;31m2026-09-30 15:13:39.268404424 [E:onnxruntime:Default, env.cc:228 ThreadMain] pthread_setaffinity_np failed for thread: 4098821, index: 55, mask: {56, }, error code: 22 error msg: Invalid argument. Specify the number of threads explicitly so the affinity is not set.[m
[1;31m2026-09-30 15:13:39.269058679 [E:onnxruntime:Default, env.cc:228 ThreadMain] pthread_setaffinity_np failed for thread: 4098853, index: 87, mask: {64, }, error code: 22 error msg: Invalid argument. Specify the number of threads explicitly so the affinity is not set.[m
[1;31m2026-09-30 15:13:39.272414285 [E:onnxruntime:Default, env.cc:228 ThreadMain] pthread_setaffinity_np failed for thread: 4098822, index: 56, mask: {57, }, error code: 22 error msg: Invalid argument. Specify the number of threads explicitly so the affinity is not set.[m
[1;31m2026-09-30 15:13:39.280417095 [E:onnxruntime:Default, env.cc:228 ThreadMain] pthread_setaffinity_np failed for thread: 4098856, index: 90, mask: {67, }, error code: 22 error msg: Invalid argument. Specify the number of threads explicitly so the affinity is not set.[m
[1;31m2026-09-30 15:13:39.284412526 [E:onnxruntime:Default, env.cc:228 ThreadMain] pthread_setaffinity_np failed for thread: 4098857, index: 91, mask: {68, }, error code: 22 error msg: Invalid argument. Specify the number of threads explicitly so the affinity is not set.[m
[1;31m2026-09-30 15:13:39.286480510 [E:onnxruntime:Default, env.cc:228 ThreadMain] pthread_setaffinity_np failed for thread: 4098930, index: 164, mask: {117, }, error code: 22 error msg: Invalid argument. Specify the number of threads explicitly so the affinity is not set.[m
[1;31m2026-09-30 15:13:39.287419743 [E:onnxruntime:Default, env.cc:228 ThreadMain] pthread_setaffinity_np failed for thread: 4098945, index: 179, mask: {140, }, error code: 22 error msg: Invalid argument. Specify the number of threads explicitly so the affinity is not set.[m
[1;31m2026-09-30 15:13:39.287466903 [E:onnxruntime:Default, env.cc:228 ThreadMain] pthread_setaffinity_np failed for thread: 4098951, index: 185, mask: {162, }, error code: 22 error msg: Invalid argument. Specify the number of threads explicitly so the affinity is not set.[m
[1;31m2026-09-30 15:13:39.287543462 [E:onnxruntime:Default, env.cc:228 ThreadMain] pthread_setaffinity_np failed for thread: 4098954, index: 188, mask: {165, }, error code: 22 error msg: Invalid argument. Specify the number of threads explicitly so the affinity is not set.[m
[1;31m2026-09-30 15:13:39.287260924 [E:onnxruntime:Default, env.cc:228 ThreadMain] pthread_setaffinity_np failed for thread: 4098932, index: 166, mask: {119, }, error code: 22 error msg: Invalid argument. Specify the number of threads explicitly so the affinity is not set.[m
[1;31m2026-09-30 15:13:39.287500593 [E:onnxruntime:Default, env.cc:228 ThreadMain] pthread_setaffinity_np failed for thread: 4098953, index: 187, mask: {164, }, error code: 22 error msg: Invalid argument. Specify the number of threads explicitly so the affinity is not set.[m
[1;31m2026-09-30 15:13:39.287406253 [E:onnxruntime:Default, env.cc:228 ThreadMain] pthread_setaffinity_np failed for thread: 4098934, index: 168, mask: {185, }, error code: 22 error msg: Invalid argument. Specify the number of threads explicitly so the affinity is not set.[m
[1;31m2026-09-30 15:13:39.292462526 [E:onnxruntime:Default, env.cc:228 ThreadMain] pthread_setaffinity_np failed for thread: 4098938, index: 172, mask: {189, }, error code: 22 error msg: Invalid argument. Specify the number of threads explicitly so the affinity is not set.[m
[1;31m2026-09-30 15:13:39.293404309 [E:onnxruntime:Default, env.cc:228 ThreadMain] pthread_setaffinity_np failed for thread: 4098937, index: 171, mask: {188, }, error code: 22 error msg: Invalid argument. Specify the number of threads explicitly so the affinity is not set.[m
[1;31m2026-09-30 15:13:39.287373984 [E:onnxruntime:Default, env.cc:228 ThreadMain] pthread_setaffinity_np failed for thread: 4098936, index: 170, mask: {187, }, error code: 22 error msg: Invalid argument. Specify the number of threads explicitly so the affinity is not set.[m
[1;31m2026-09-30 15:13:39.299545413 [E:onnxruntime:Default, env.cc:228 ThreadMain] pthread_setaffinity_np failed for thread: 4098946, index: 180, mask: {141, }, error code: 22 error msg: Invalid argument. Specify the number of threads explicitly so the affinity is not set.[m
[1;31m2026-09-30 15:13:39.299671312 [E:onnxruntime:Default, env.cc:228 ThreadMain] pthread_setaffinity_np failed for thread: 4098940, index: 174, mask: {191, }, error code: 22 error msg: Invalid argument. Specify the number of threads explicitly so the affinity is not set.[m
[1;31m2026-09-30 15:13:39.300443087 [E:onnxruntime:Default, env.cc:228 ThreadMain] pthread_setaffinity_np failed for thread: 4098949, index: 183, mask: {160, }, error code: 22 error msg: Invalid argument. Specify the number of threads explicitly so the affinity is not set.[m
[1;31m2026-09-30 15:13:39.311038838 [E:onnxruntime:Default, env.cc:228 ThreadMain] pthread_setaffinity_np failed for thread: 4098942, index: 176, mask: {137, }, error code: 22 error msg: Invalid argument. Specify the number of threads explicitly so the affinity is not set.[m
[1;31m2026-09-30 15:13:39.313467660 [E:onnxruntime:Default, env.cc:228 ThreadMain] pthread_setaffinity_np failed for thread: 4098948, index: 182, mask: {143, }, error code: 22 error msg: Invalid argument. Specify the number of threads explicitly so the affinity is not set.[m
[1;31m2026-09-30 15:13:39.288079958 [E:onnxruntime:Default, env.cc:228 ThreadMain] pthread_setaffinity_np failed for thread: 4098950, index: 184, mask: {161, }, error code: 22 error msg: Invalid argument. Specify the number of threads explicitly so the affinity is not set.[m
[1;31m2026-09-30 15:13:39.288061629 [E:onnxruntime:Default, env.cc:228 ThreadMain] pthread_setaffinity_np failed for thread: 4098935, index: 169, mask: {186, }, error code: 22 error msg: Invalid argument. Specify the number of threads explicitly so the affinity is not set.[m
[1;31m2026-09-30 15:13:39.292417626 [E:onnxruntime:Default, env.cc:228 ThreadMain] pthread_setaffinity_np failed for thread: 4098931, index: 165, mask: {118, }, error code: 22 error msg: Invalid argument. Specify the number of threads explicitly so the affinity is not set.[m
[1;31m2026-09-30 15:13:39.299469814 [E:onnxruntime:Default, env.cc:228 ThreadMain] pthread_setaffinity_np failed for thread: 4098933, index: 167, mask: {184, }, error code: 22 error msg: Invalid argument. Specify the number of threads explicitly so the affinity is not set.[m
[1;31m2026-09-30 15:13:39.315384156 [E:onnxruntime:Default, env.cc:228 ThreadMain] pthread_setaffinity_np failed for thread: 4098863, index: 97, mask: {98, }, error code: 22 error msg: Invalid argument. Specify the number of threads explicitly so the affinity is not set.[m
[1;31m2026-09-30 15:13:39.315458725 [E:onnxruntime:Default, env.cc:228 ThreadMain] pthread_setaffinity_np failed for thread: 4098865, index: 99, mask: {100, }, error code: 22 error msg: Invalid argument. Specify the number of threads explicitly so the affinity is not set.[m
[1;31m2026-09-30 15:13:39.318233825 [E:onnxruntime:Default, env.cc:228 ThreadMain] pthread_setaffinity_np failed for thread: 4098866, index: 100, mask: {101, }, error code: 22 error msg: Invalid argument. Specify the number of threads explicitly so the affinity is not set.[m
[1;31m2026-09-30 15:13:39.318309764 [E:onnxruntime:Default, env.cc:228 ThreadMain] pthread_setaffinity_np failed for thread: 4098867, index: 101, mask: {102, }, error code: 22 error msg: Invalid argument. Specify the number of threads explicitly so the affinity is not set.[m
[1;31m2026-09-30 15:13:39.318393904 [E:onnxruntime:Default, env.cc:228 ThreadMain] pthread_setaffinity_np failed for thread: 4098868, index: 102, mask: {103, }, error code: 22 error msg: Invalid argument. Specify the number of threads explicitly so the affinity is not set.[m
[1;31m2026-09-30 15:13:39.321438561 [E:onnxruntime:Default, env.cc:228 ThreadMain] pthread_setaffinity_np failed for thread: 4098882, index: 116, mask: {125, }, error code: 22 error msg: Invalid argument. Specify the number of threads explicitly so the affinity is not set.[m
[1;31m2026-09-30 15:13:39.326918400 [E:onnxruntime:Default, env.cc:228 ThreadMain] pthread_setaffinity_np failed for thread: 4098885, index: 119, mask: {144, }, error code: 22 error msg: Invalid argument. Specify the number of threads explicitly so the affinity is not set.[m
[1;31m2026-09-30 15:13:39.326943710 [E:onnxruntime:Default, env.cc:228 ThreadMain] pthread_setaffinity_np failed for thread: 4098886, index: 120, mask: {145, }, error code: 22 error msg: Invalid argument. Specify the number of threads explicitly so the affinity is not set.[m
[1;31m2026-09-30 15:13:39.330642413 [E:onnxruntime:Default, env.cc:228 ThreadMain] pthread_setaffinity_np failed for thread: 4098911, index: 145, mask: {130, }, error code: 22 error msg: Invalid argument. Specify the number of threads explicitly so the affinity is not set.[m
[1;31m2026-09-30 15:13:39.333692260 [E:onnxruntime:Default, env.cc:228 ThreadMain] pthread_setaffinity_np failed for thread: 4098914, index: 148, mask: {133, }, error code: 22 error msg: Invalid argument. Specify the number of threads explicitly so the affinity is not set.[m
[1;31m2026-09-30 15:13:39.333721480 [E:onnxruntime:Default, env.cc:228 ThreadMain] pthread_setaffinity_np failed for thread: 4098915, index: 149, mask: {134, }, error code: 22 error msg: Invalid argument. Specify the number of threads explicitly so the affinity is not set.[m
[1;31m2026-09-30 15:13:39.340406140 [E:onnxruntime:Default, env.cc:228 ThreadMain] pthread_setaffinity_np failed for thread: 4098916, index: 150, mask: {135, }, error code: 22 error msg: Invalid argument. Specify the number of threads explicitly so the affinity is not set.[m
[1;31m2026-09-30 15:13:39.343657426 [E:onnxruntime:Default, env.cc:228 ThreadMain] pthread_setaffinity_np failed for thread: 4098919, index: 153, mask: {154, }, error code: 22 error msg: Invalid argument. Specify the number of threads explicitly so the affinity is not set.[m
[1;31m2026-09-30 15:13:39.344172902 [E:onnxruntime:Default, env.cc:228 ThreadMain] pthread_setaffinity_np failed for thread: 4098920, index: 154, mask: {155, }, error code: 22 error msg: Invalid argument. Specify the number of threads explicitly so the affinity is not set.[m
[1;31m2026-09-30 15:13:39.344276272 [E:onnxruntime:Default, env.cc:228 ThreadMain] pthread_setaffinity_np failed for thread: 4098921, index: 155, mask: {156, }, error code: 22 error msg: Invalid argument. Specify the number of threads explicitly so the affinity is not set.[m
[1;31m2026-09-30 15:13:39.344468420 [E:onnxruntime:Default, env.cc:228 ThreadMain] pthread_setaffinity_np failed for thread: 4098923, index: 157, mask: {158, }, error code: 22 error msg: Invalid argument. Specify the number of threads explicitly so the affinity is not set.[m
[1;31m2026-09-30 15:13:39.345428563 [E:onnxruntime:Default, env.cc:228 ThreadMain] pthread_setaffinity_np failed for thread: 4098924, index: 158, mask: {159, }, error code: 22 error msg: Invalid argument. Specify the number of threads explicitly so the affinity is not set.[m
[1;31m2026-09-30 15:13:39.345456033 [E:onnxruntime:Default, env.cc:228 ThreadMain] pthread_setaffinity_np failed for thread: 4098925, index: 159, mask: {112, }, error code: 22 error msg: Invalid argument. Specify the number of threads explicitly so the affinity is not set.[m
[1;31m2026-09-30 15:13:39.346452656 [E:onnxruntime:Default, env.cc:228 ThreadMain] pthread_setaffinity_np failed for thread: 4098861, index: 95, mask: {96, }, error code: 22 error msg: Invalid argument. Specify the number of threads explicitly so the affinity is not set.[m
[1;31m2026-09-30 15:13:39.355455319 [E:onnxruntime:Default, env.cc:228 ThreadMain] pthread_setaffinity_np failed for thread: 4098955, index: 189, mask: {166, }, error code: 22 error msg: Invalid argument. Specify the number of threads explicitly so the affinity is not set.[m
[1;31m2026-09-30 15:13:39.314328844 [E:onnxruntime:Default, env.cc:228 ThreadMain] pthread_setaffinity_np failed for thread: 4098943, index: 177, mask: {138, }, error code: 22 error msg: Invalid argument. Specify the number of threads explicitly so the affinity is not set.[m
[1;31m2026-09-30 15:13:39.326903441 [E:onnxruntime:Default, env.cc:228 ThreadMain] pthread_setaffinity_np failed for thread: 4098883, index: 117, mask: {126, }, error code: 22 error msg: Invalid argument. Specify the number of threads explicitly so the affinity is not set.[m
[1;31m2026-09-30 15:13:39.347988064 [E:onnxruntime:Default, env.cc:228 ThreadMain] pthread_setaffinity_np failed for thread: 4098862, index: 96, mask: {97, }, error code: 22 error msg: Invalid argument. Specify the number of threads explicitly so the affinity is not set.[m
[1;31m2026-09-30 15:13:39.315356616 [E:onnxruntime:Default, env.cc:228 ThreadMain] pthread_setaffinity_np failed for thread: 4098939, index: 173, mask: {190, }, error code: 22 error msg: Invalid argument. Specify the number of threads explicitly so the affinity is not set.[m
[1;31m2026-09-30 15:13:39.361061617 [E:onnxruntime:Default, env.cc:228 ThreadMain] pthread_setaffinity_np failed for thread: 4098858, index: 92, mask: {69, }, error code: 22 error msg: Invalid argument. Specify the number of threads explicitly so the affinity is not set.[m
[1;31m2026-09-30 15:13:39.333677080 [E:onnxruntime:Default, env.cc:228 ThreadMain] pthread_setaffinity_np failed for thread: 4098912, index: 146, mask: {131, }, error code: 22 error msg: Invalid argument. Specify the number of threads explicitly so the affinity is not set.[m
[1;31m2026-09-30 15:13:39.343623257 [E:onnxruntime:Default, env.cc:228 ThreadMain] pthread_setaffinity_np failed for thread: 4098918, index: 152, mask: {153, }, error code: 22 error msg: Invalid argument. Specify the number of threads explicitly so the affinity is not set.[m
[1;31m2026-09-30 15:13:39.321345322 [E:onnxruntime:Default, env.cc:228 ThreadMain] pthread_setaffinity_np failed for thread: 4098878, index: 112, mask: {121, }, error code: 22 error msg: Invalid argument. Specify the number of threads explicitly so the affinity is not set.[m
[1;31m2026-09-30 15:13:39.355436679 [E:onnxruntime:Default, env.cc:228 ThreadMain] pthread_setaffinity_np failed for thread: 4098859, index: 93, mask: {70, }, error code: 22 error msg: Invalid argument. Specify the number of threads explicitly so the affinity is not set.[m
[1;31m2026-09-30 15:13:39.321365522 [E:onnxruntime:Default, env.cc:228 ThreadMain] pthread_setaffinity_np failed for thread: 4098879, index: 113, mask: {122, }, error code: 22 error msg: Invalid argument. Specify the number of threads explicitly so the affinity is not set.[m
[1;31m2026-09-30 15:13:39.356456721 [E:onnxruntime:Default, env.cc:228 ThreadMain] pthread_setaffinity_np failed for thread: 4098952, index: 186, mask: {163, }, error code: 22 error msg: Invalid argument. Specify the number of threads explicitly so the affinity is not set.[m
[1;31m2026-09-30 15:13:39.299512814 [E:onnxruntime:Default, env.cc:228 ThreadMain] pthread_setaffinity_np failed for thread: 4098944, index: 178, mask: {139, }, error code: 22 error msg: Invalid argument. Specify the number of threads explicitly so the affinity is not set.[m
[1;31m2026-09-30 15:13:39.321384551 [E:onnxruntime:Default, env.cc:228 ThreadMain] pthread_setaffinity_np failed for thread: 4098880, index: 114, mask: {123, }, error code: 22 error msg: Invalid argument. Specify the number of threads explicitly so the affinity is not set.[m
[1;31m2026-09-30 15:13:39.314320924 [E:onnxruntime:Default, env.cc:228 ThreadMain] pthread_setaffinity_np failed for thread: 4098947, index: 181, mask: {142, }, error code: 22 error msg: Invalid argument. Specify the number of threads explicitly so the affinity is not set.[m
[1;31m2026-09-30 15:13:39.299493344 [E:onnxruntime:Default, env.cc:228 ThreadMain] pthread_setaffinity_np failed for thread: 4098860, index: 94, mask: {71, }, error code: 22 error msg: Invalid argument. Specify the number of threads explicitly so the affinity is not set.[m
[1;31m2026-09-30 15:13:39.356460861 [E:onnxruntime:Default, env.cc:228 ThreadMain] pthread_setaffinity_np failed for thread: 4098926, index: 160, mask: {113, }, error code: 22 error msg: Invalid argument. Specify the number of threads explicitly so the affinity is not set.[m
[1;31m2026-09-30 15:13:39.315425756 [E:onnxruntime:Default, env.cc:228 ThreadMain] pthread_setaffinity_np failed for thread: 4098864, index: 98, mask: {99, }, error code: 22 error msg: Invalid argument. Specify the number of threads explicitly so the affinity is not set.[m
[1;31m2026-09-30 15:13:39.356489211 [E:onnxruntime:Default, env.cc:228 ThreadMain] pthread_setaffinity_np failed for thread: 4098881, index: 115, mask: {124, }, error code: 22 error msg: Invalid argument. Specify the number of threads explicitly so the affinity is not set.[m
[1;31m2026-09-30 15:13:39.356441972 [E:onnxruntime:Default, env.cc:228 ThreadMain] pthread_setaffinity_np failed for thread: 4098877, index: 111, mask: {120, }, error code: 22 error msg: Invalid argument. Specify the number of threads explicitly so the affinity is not set.[m
2026-09-30 15:13:39.742 | INFO     | mineru.backend.pipeline.model_init:__init__:304 - DocAnalysis init done!
2026-09-30 15:13:39.742 | INFO     | mineru.backend.pipeline.pipeline_analyze:custom_model_init:83 - model init cost: 10.384329319000244
Layout Predict:   0%|          | 0/17 [00:00<?, ?it/s]Layout Predict:   6%|▌         | 1/17 [00:03<01:03,  3.97s/it]Layout Predict:  12%|█▏        | 2/17 [00:04<00:27,  1.85s/it]Layout Predict:  18%|█▊        | 3/17 [00:04<00:16,  1.17s/it]Layout Predict:  24%|██▎       | 4/17 [00:05<00:11,  1.17it/s]Layout Predict:  29%|██▉       | 5/17 [00:05<00:08,  1.48it/s]Layout Predict:  35%|███▌      | 6/17 [00:05<00:06,  1.75it/s]Layout Predict:  41%|████      | 7/17 [00:06<00:04,  2.00it/s]Layout Predict:  47%|████▋     | 8/17 [00:06<00:04,  2.20it/s]Layout Predict:  53%|█████▎    | 9/17 [00:06<00:03,  2.34it/s]Layout Predict:  59%|█████▉    | 10/17 [00:07<00:02,  2.45it/s]Layout Predict:  65%|██████▍   | 11/17 [00:07<00:02,  2.53it/s]Layout Predict:  71%|███████   | 12/17 [00:07<00:01,  2.66it/s]Layout Predict:  76%|███████▋  | 13/17 [00:08<00:01,  2.73it/s]Layout Predict:  82%|████████▏ | 14/17 [00:08<00:01,  2.75it/s]Layout Predict:  88%|████████▊ | 15/17 [00:08<00:00,  2.78it/s]Layout Predict:  94%|█████████▍| 16/17 [00:09<00:00,  2.73it/s]Layout Predict: 100%|██████████| 17/17 [00:09<00:00,  2.73it/s]Layout Predict: 100%|██████████| 17/17 [00:09<00:00,  1.75it/s]
2026-09-30 15:13:50.080 | DEBUG    | mineru.utils.model_utils:clean_vram:214 - gc time: 0.49
MFR Predict:   0%|          | 0/69 [00:00<?, ?it/s]MFR Predict:  23%|██▎       | 16/69 [00:14<00:49,  1.07it/s]MFR Predict:  46%|████▋     | 32/69 [00:19<00:19,  1.87it/s]MFR Predict:  70%|██████▉   | 48/69 [00:22<00:08,  2.51it/s]MFR Predict: 100%|██████████| 69/69 [00:37<00:00,  1.83it/s]MFR Predict: 100%|██████████| 69/69 [00:37<00:00,  1.82it/s]
2026-09-30 15:14:28.517 | DEBUG    | mineru.utils.model_utils:clean_vram:214 - gc time: 0.57
Table-ocr det:   0%|          | 0/5 [00:00<?, ?it/s]Table-ocr det:  20%|██        | 1/5 [00:00<00:01,  3.86it/s]Table-ocr det:  40%|████      | 2/5 [00:00<00:00,  5.75it/s]Table-ocr det:  60%|██████    | 3/5 [00:00<00:00,  6.84it/s]Table-ocr det:  80%|████████  | 4/5 [00:00<00:00,  7.57it/s]Table-ocr det: 100%|██████████| 5/5 [00:00<00:00,  7.55it/s]
Table-ocr rec en:   0%|          | 0/1157 [00:00<?, ?it/s]Table-ocr rec en:   1%|          | 6/1157 [00:00<00:56, 20.40it/s]Table-ocr rec en:   1%|          | 12/1157 [00:00<00:58, 19.62it/s]Table-ocr rec en:   2%|▏         | 18/1157 [00:00<01:03, 17.87it/s]Table-ocr rec en:   2%|▏         | 24/1157 [00:01<01:06, 17.11it/s]Table-ocr rec en:   3%|▎         | 30/1157 [00:02<01:42, 11.01it/s]Table-ocr rec en:   3%|▎         | 36/1157 [00:02<01:39, 11.30it/s]Table-ocr rec en:   4%|▎         | 42/1157 [00:03<01:22, 13.52it/s]Table-ocr rec en:   4%|▍         | 48/1157 [00:03<01:41, 10.90it/s]Table-ocr rec en:   5%|▍         | 54/1157 [00:04<01:28, 12.48it/s]Table-ocr rec en:   5%|▌         | 60/1157 [00:04<01:31, 11.95it/s]Table-ocr rec en:   6%|▌         | 66/1157 [00:04<01:17, 14.09it/s]Table-ocr rec en:   6%|▌         | 72/1157 [00:05<01:17, 14.04it/s]Table-ocr rec en:   7%|▋         | 78/1157 [00:05<01:16, 14.11it/s]Table-ocr rec en:   7%|▋         | 84/1157 [00:06<01:11, 15.08it/s]Table-ocr rec en:   8%|▊         | 90/1157 [00:06<01:03, 16.84it/s]Table-ocr rec en:   8%|▊         | 96/1157 [00:06<01:06, 16.05it/s]Table-ocr rec en:   9%|▉         | 102/1157 [00:07<01:00, 17.32it/s]Table-ocr rec en:   9%|▉         | 108/1157 [00:07<01:01, 17.16it/s]Table-ocr rec en:  10%|▉         | 114/1157 [00:07<00:59, 17.42it/s]Table-ocr rec en:  10%|█         | 120/1157 [00:08<00:57, 18.10it/s]Table-ocr rec en:  11%|█         | 126/1157 [00:08<00:59, 17.36it/s]Table-ocr rec en:  11%|█▏        | 132/1157 [00:08<00:52, 19.49it/s]Table-ocr rec en:  12%|█▏        | 138/1157 [00:08<00:50, 19.99it/s]Table-ocr rec en:  12%|█▏        | 144/1157 [00:09<01:11, 14.26it/s]Table-ocr rec en:  13%|█▎        | 150/1157 [00:10<01:09, 14.48it/s]Table-ocr rec en:  13%|█▎        | 156/1157 [00:10<01:09, 14.38it/s]Table-ocr rec en:  14%|█▍        | 162/1157 [00:11<01:24, 11.79it/s]Table-ocr rec en:  15%|█▍        | 168/1157 [00:11<01:23, 11.92it/s]Table-ocr rec en:  15%|█▌        | 174/1157 [00:11<01:10, 13.93it/s]Table-ocr rec en:  16%|█▌        | 180/1157 [00:12<01:07, 14.38it/s]Table-ocr rec en:  16%|█▌        | 186/1157 [00:12<01:02, 15.64it/s]Table-ocr rec en:  17%|█▋        | 192/1157 [00:12<00:58, 16.60it/s]Table-ocr rec en:  17%|█▋        | 198/1157 [00:13<00:50, 19.16it/s]Table-ocr rec en:  18%|█▊        | 204/1157 [00:13<00:50, 18.75it/s]Table-ocr rec en:  18%|█▊        | 210/1157 [00:13<00:54, 17.51it/s]Table-ocr rec en:  19%|█▊        | 216/1157 [00:14<01:02, 15.11it/s]Table-ocr rec en:  19%|█▉        | 222/1157 [00:14<01:04, 14.58it/s]Table-ocr rec en:  20%|█▉        | 228/1157 [00:15<01:03, 14.74it/s]Table-ocr rec en:  20%|██        | 234/1157 [00:15<00:57, 16.06it/s]Table-ocr rec en:  21%|██        | 240/1157 [00:15<00:55, 16.55it/s]Table-ocr rec en:  21%|██▏       | 246/1157 [00:16<00:51, 17.80it/s]Table-ocr rec en:  22%|██▏       | 252/1157 [00:16<00:48, 18.78it/s]Table-ocr rec en:  22%|██▏       | 258/1157 [00:16<00:50, 17.89it/s]Table-ocr rec en:  23%|██▎       | 264/1157 [00:17<01:05, 13.71it/s]Table-ocr rec en:  23%|██▎       | 270/1157 [00:17<01:07, 13.08it/s]Table-ocr rec en:  24%|██▍       | 276/1157 [00:18<01:04, 13.60it/s]Table-ocr rec en:  24%|██▍       | 282/1157 [00:18<00:59, 14.60it/s]Table-ocr rec en:  25%|██▍       | 288/1157 [00:19<00:59, 14.49it/s]Table-ocr rec en:  25%|██▌       | 294/1157 [00:19<00:59, 14.42it/s]Table-ocr rec en:  26%|██▌       | 300/1157 [00:19<00:53, 16.01it/s]Table-ocr rec en:  26%|██▋       | 306/1157 [00:20<00:48, 17.42it/s]Table-ocr rec en:  27%|██▋       | 312/1157 [00:20<00:54, 15.59it/s]Table-ocr rec en:  27%|██▋       | 318/1157 [00:20<00:54, 15.32it/s]Table-ocr rec en:  28%|██▊       | 324/1157 [00:21<00:51, 16.33it/s]Table-ocr rec en:  29%|██▊       | 330/1157 [00:21<00:55, 14.89it/s]Table-ocr rec en:  29%|██▉       | 336/1157 [00:22<01:00, 13.60it/s]Table-ocr rec en:  30%|██▉       | 342/1157 [00:22<00:56, 14.42it/s]Table-ocr rec en:  30%|███       | 348/1157 [00:23<00:54, 14.94it/s]Table-ocr rec en:  31%|███       | 354/1157 [00:23<00:54, 14.83it/s]Table-ocr rec en:  31%|███       | 360/1157 [00:23<00:53, 14.77it/s]Table-ocr rec en:  32%|███▏      | 366/1157 [00:24<01:13, 10.82it/s]Table-ocr rec en:  32%|███▏      | 372/1157 [00:25<01:03, 12.40it/s]Table-ocr rec en:  33%|███▎      | 378/1157 [00:25<01:02, 12.47it/s]Table-ocr rec en:  33%|███▎      | 384/1157 [00:25<00:56, 13.68it/s]Table-ocr rec en:  34%|███▎      | 390/1157 [00:26<00:55, 13.85it/s]Table-ocr rec en:  34%|███▍      | 396/1157 [00:26<00:53, 14.33it/s]Table-ocr rec en:  35%|███▍      | 402/1157 [00:27<00:48, 15.58it/s]Table-ocr rec en:  35%|███▌      | 408/1157 [00:27<00:47, 15.85it/s]Table-ocr rec en:  36%|███▌      | 414/1157 [00:27<00:44, 16.77it/s]Table-ocr rec en:  36%|███▋      | 420/1157 [00:28<00:47, 15.56it/s]Table-ocr rec en:  37%|███▋      | 426/1157 [00:28<00:44, 16.41it/s]Table-ocr rec en:  37%|███▋      | 432/1157 [00:28<00:46, 15.55it/s]Table-ocr rec en:  38%|███▊      | 438/1157 [00:29<01:05, 10.98it/s]Table-ocr rec en:  38%|███▊      | 444/1157 [00:30<00:58, 12.14it/s]Table-ocr rec en:  39%|███▉      | 450/1157 [00:30<00:51, 13.85it/s]Table-ocr rec en:  39%|███▉      | 456/1157 [00:30<00:53, 13.14it/s]Table-ocr rec en:  40%|███▉      | 462/1157 [00:31<00:55, 12.45it/s]Table-ocr rec en:  40%|████      | 468/1157 [00:31<00:51, 13.46it/s]Table-ocr rec en:  41%|████      | 474/1157 [00:32<00:50, 13.42it/s]Table-ocr rec en:  41%|████▏     | 480/1157 [00:32<00:50, 13.37it/s]Table-ocr rec en:  42%|████▏     | 486/1157 [00:33<00:51, 13.06it/s]Table-ocr rec en:  43%|████▎     | 492/1157 [00:33<00:43, 15.15it/s]Table-ocr rec en:  43%|████▎     | 498/1157 [00:33<00:41, 15.78it/s]Table-ocr rec en:  44%|████▎     | 504/1157 [00:34<00:43, 15.01it/s]Table-ocr rec en:  44%|████▍     | 510/1157 [00:34<00:37, 17.42it/s]Table-ocr rec en:  45%|████▍     | 516/1157 [00:34<00:35, 17.98it/s]Table-ocr rec en:  45%|████▌     | 522/1157 [00:35<00:36, 17.42it/s]Table-ocr rec en:  46%|████▌     | 528/1157 [00:35<00:34, 18.39it/s]Table-ocr rec en:  46%|████▌     | 534/1157 [00:35<00:33, 18.76it/s]Table-ocr rec en:  47%|████▋     | 540/1157 [00:36<00:37, 16.32it/s]Table-ocr rec en:  47%|████▋     | 546/1157 [00:36<00:44, 13.58it/s]Table-ocr rec en:  48%|████▊     | 552/1157 [00:37<00:58, 10.29it/s]Table-ocr rec en:  48%|████▊     | 558/1157 [00:38<00:52, 11.50it/s]Table-ocr rec en:  49%|████▊     | 564/1157 [00:38<00:45, 13.15it/s]Table-ocr rec en:  49%|████▉     | 570/1157 [00:38<00:45, 12.86it/s]Table-ocr rec en:  50%|████▉     | 576/1157 [00:39<00:38, 15.07it/s]Table-ocr rec en:  50%|█████     | 582/1157 [00:39<00:43, 13.27it/s]Table-ocr rec en:  51%|█████     | 588/1157 [00:40<00:42, 13.54it/s]Table-ocr rec en:  51%|█████▏    | 594/1157 [00:40<00:39, 14.14it/s]Table-ocr rec en:  52%|█████▏    | 600/1157 [00:41<00:46, 12.03it/s]Table-ocr rec en:  52%|█████▏    | 606/1157 [00:41<00:49, 11.07it/s]Table-ocr rec en:  53%|█████▎    | 612/1157 [00:42<00:45, 11.92it/s]Table-ocr rec en:  53%|█████▎    | 618/1157 [00:42<00:39, 13.64it/s]Table-ocr rec en:  54%|█████▍    | 624/1157 [00:42<00:35, 14.86it/s]Table-ocr rec en:  54%|█████▍    | 630/1157 [00:43<00:34, 15.15it/s]Table-ocr rec en:  55%|█████▍    | 636/1157 [00:43<00:33, 15.71it/s]Table-ocr rec en:  55%|█████▌    | 642/1157 [00:44<00:35, 14.36it/s]Table-ocr rec en:  56%|█████▌    | 648/1157 [00:44<00:31, 16.38it/s]Table-ocr rec en:  57%|█████▋    | 654/1157 [00:44<00:33, 14.93it/s]Table-ocr rec en:  57%|█████▋    | 660/1157 [00:45<00:34, 14.22it/s]Table-ocr rec en:  58%|█████▊    | 666/1157 [00:45<00:34, 14.05it/s]Table-ocr rec en:  58%|█████▊    | 672/1157 [00:46<00:31, 15.36it/s]Table-ocr rec en:  59%|█████▊    | 678/1157 [00:46<00:32, 14.94it/s]Table-ocr rec en:  59%|█████▉    | 684/1157 [00:46<00:32, 14.37it/s]Table-ocr rec en:  60%|█████▉    | 690/1157 [00:47<00:34, 13.67it/s]Table-ocr rec en:  60%|██████    | 696/1157 [00:47<00:35, 13.09it/s]Table-ocr rec en:  61%|██████    | 702/1157 [00:48<00:31, 14.43it/s]Table-ocr rec en:  61%|██████    | 708/1157 [00:48<00:32, 13.67it/s]Table-ocr rec en:  62%|██████▏   | 714/1157 [00:49<00:28, 15.61it/s]Table-ocr rec en:  62%|██████▏   | 720/1157 [00:49<00:31, 13.89it/s]Table-ocr rec en:  63%|██████▎   | 726/1157 [00:49<00:26, 16.08it/s]Table-ocr rec en:  63%|██████▎   | 732/1157 [00:50<00:23, 18.13it/s]Table-ocr rec en:  64%|██████▍   | 738/1157 [00:50<00:27, 15.24it/s]Table-ocr rec en:  64%|██████▍   | 744/1157 [00:51<00:29, 14.09it/s]Table-ocr rec en:  65%|██████▍   | 750/1157 [00:51<00:29, 13.77it/s]Table-ocr rec en:  65%|██████▌   | 756/1157 [00:51<00:26, 15.15it/s]Table-ocr rec en:  66%|██████▌   | 762/1157 [00:52<00:30, 12.90it/s]Table-ocr rec en:  66%|██████▋   | 768/1157 [00:53<00:31, 12.19it/s]Table-ocr rec en:  67%|██████▋   | 774/1157 [00:53<00:32, 11.66it/s]Table-ocr rec en:  67%|██████▋   | 780/1157 [00:54<00:30, 12.51it/s]Table-ocr rec en:  68%|██████▊   | 786/1157 [00:54<00:27, 13.70it/s]Table-ocr rec en:  68%|██████▊   | 792/1157 [00:54<00:24, 14.98it/s]Table-ocr rec en:  69%|██████▉   | 798/1157 [00:55<00:37,  9.68it/s]Table-ocr rec en:  69%|██████▉   | 804/1157 [00:56<00:32, 10.88it/s]Table-ocr rec en:  70%|███████   | 810/1157 [00:56<00:29, 11.95it/s]Table-ocr rec en:  71%|███████   | 816/1157 [00:56<00:26, 12.74it/s]Table-ocr rec en:  71%|███████   | 822/1157 [00:57<00:22, 14.88it/s]Table-ocr rec en:  72%|███████▏  | 828/1157 [00:57<00:20, 16.15it/s]Table-ocr rec en:  72%|███████▏  | 834/1157 [00:57<00:18, 17.29it/s]Table-ocr rec en:  73%|███████▎  | 840/1157 [00:58<00:21, 15.05it/s]Table-ocr rec en:  73%|███████▎  | 846/1157 [00:58<00:20, 14.99it/s]Table-ocr rec en:  74%|███████▎  | 852/1157 [00:59<00:18, 16.41it/s]Table-ocr rec en:  74%|███████▍  | 858/1157 [00:59<00:24, 12.37it/s]Table-ocr rec en:  75%|███████▍  | 864/1157 [01:00<00:26, 11.24it/s]Table-ocr rec en:  75%|███████▌  | 870/1157 [01:00<00:22, 12.89it/s]Table-ocr rec en:  76%|███████▌  | 876/1157 [01:01<00:22, 12.62it/s]Table-ocr rec en:  76%|███████▌  | 882/1157 [01:01<00:21, 12.79it/s]Table-ocr rec en:  77%|███████▋  | 888/1157 [01:02<00:23, 11.63it/s]Table-ocr rec en:  77%|███████▋  | 894/1157 [01:02<00:20, 13.04it/s]Table-ocr rec en:  78%|███████▊  | 900/1157 [01:03<00:18, 13.67it/s]Table-ocr rec en:  78%|███████▊  | 906/1157 [01:03<00:16, 15.40it/s]Table-ocr rec en:  79%|███████▉  | 912/1157 [01:03<00:14, 17.08it/s]Table-ocr rec en:  79%|███████▉  | 918/1157 [01:04<00:15, 15.39it/s]Table-ocr rec en:  80%|███████▉  | 924/1157 [01:04<00:15, 15.32it/s]Table-ocr rec en:  80%|████████  | 930/1157 [01:04<00:13, 16.49it/s]Table-ocr rec en:  81%|████████  | 936/1157 [01:05<00:13, 15.95it/s]Table-ocr rec en:  81%|████████▏ | 942/1157 [01:05<00:12, 16.86it/s]Table-ocr rec en:  82%|████████▏ | 948/1157 [01:05<00:12, 16.57it/s]Table-ocr rec en:  82%|████████▏ | 954/1157 [01:06<00:12, 16.23it/s]Table-ocr rec en:  83%|████████▎ | 960/1157 [01:06<00:10, 18.73it/s]Table-ocr rec en:  83%|████████▎ | 966/1157 [01:07<00:12, 14.74it/s]Table-ocr rec en:  84%|████████▍ | 972/1157 [01:07<00:13, 13.85it/s]Table-ocr rec en:  85%|████████▍ | 978/1157 [01:07<00:11, 16.09it/s]Table-ocr rec en:  85%|████████▌ | 984/1157 [01:08<00:10, 16.74it/s]Table-ocr rec en:  86%|████████▌ | 990/1157 [01:08<00:11, 15.03it/s]Table-ocr rec en:  86%|████████▌ | 996/1157 [01:09<00:11, 13.89it/s]Table-ocr rec en:  87%|████████▋ | 1002/1157 [01:09<00:11, 13.76it/s]Table-ocr rec en:  87%|████████▋ | 1008/1157 [01:09<00:10, 13.78it/s]Table-ocr rec en:  88%|████████▊ | 1014/1157 [01:10<00:10, 14.22it/s]Table-ocr rec en:  88%|████████▊ | 1020/1157 [01:10<00:09, 15.21it/s]Table-ocr rec en:  89%|████████▊ | 1026/1157 [01:11<00:08, 14.82it/s]Table-ocr rec en:  89%|████████▉ | 1032/1157 [01:11<00:08, 15.61it/s]Table-ocr rec en:  90%|████████▉ | 1038/1157 [01:11<00:07, 16.56it/s]Table-ocr rec en:  90%|█████████ | 1044/1157 [01:12<00:07, 15.31it/s]Table-ocr rec en:  91%|█████████ | 1050/1157 [01:12<00:08, 12.02it/s]Table-ocr rec en:  91%|█████████▏| 1056/1157 [01:13<00:08, 11.97it/s]Table-ocr rec en:  92%|█████████▏| 1062/1157 [01:13<00:07, 12.90it/s]Table-ocr rec en:  92%|█████████▏| 1068/1157 [01:14<00:06, 14.71it/s]Table-ocr rec en:  93%|█████████▎| 1074/1157 [01:14<00:05, 14.58it/s]Table-ocr rec en:  93%|█████████▎| 1080/1157 [01:14<00:05, 14.93it/s]Table-ocr rec en:  94%|█████████▍| 1086/1157 [01:15<00:04, 14.68it/s]Table-ocr rec en:  94%|█████████▍| 1092/1157 [01:15<00:04, 15.76it/s]Table-ocr rec en:  95%|█████████▍| 1098/1157 [01:16<00:03, 15.32it/s]Table-ocr rec en:  95%|█████████▌| 1104/1157 [01:16<00:03, 14.90it/s]Table-ocr rec en:  96%|█████████▌| 1110/1157 [01:16<00:02, 16.72it/s]Table-ocr rec en:  96%|█████████▋| 1116/1157 [01:17<00:02, 14.60it/s]Table-ocr rec en:  97%|█████████▋| 1122/1157 [01:17<00:02, 15.66it/s]Table-ocr rec en:  97%|█████████▋| 1128/1157 [01:18<00:01, 15.71it/s]Table-ocr rec en:  98%|█████████▊| 1134/1157 [01:18<00:01, 16.17it/s]Table-ocr rec en:  99%|█████████▊| 1140/1157 [01:18<00:01, 16.92it/s]Table-ocr rec en:  99%|█████████▉| 1146/1157 [01:19<00:00, 11.69it/s]Table-ocr rec en: 100%|█████████▉| 1152/1157 [01:19<00:00, 13.15it/s]Table-ocr rec en: 100%|██████████| 1157/1157 [01:20<00:00, 11.27it/s]Table-ocr rec en: 100%|██████████| 1157/1157 [01:20<00:00, 14.37it/s]
Table-wireless Predict:   0%|          | 0/5 [00:00<?, ?it/s]Table-wireless Predict:  80%|████████  | 4/5 [00:14<00:03,  3.54s/it]Table-wireless Predict: 100%|██████████| 5/5 [00:14<00:00,  2.77s/it]Table-wireless Predict: 100%|██████████| 5/5 [00:14<00:00,  2.95s/it]
Table-wired Predict:   0%|          | 0/1 [00:00<?, ?it/s][1;31m2026-09-30 15:16:08.508536517 [E:onnxruntime:Default, env.cc:228 ThreadMain] pthread_setaffinity_np failed for thread: 4115025, index: 187, mask: {164, }, error code: 22 error msg: Invalid argument. Specify the number of threads explicitly so the affinity is not set.[m
[1;31m2026-09-30 15:16:08.511420155 [E:onnxruntime:Default, env.cc:228 ThreadMain] pthread_setaffinity_np failed for thread: 4115026, index: 188, mask: {165, }, error code: 22 error msg: Invalid argument. Specify the number of threads explicitly so the affinity is not set.[m
[1;31m2026-09-30 15:16:08.516451860 [E:onnxruntime:Default, env.cc:228 ThreadMain] pthread_setaffinity_np failed for thread: 4115024, index: 186, mask: {163, }, error code: 22 error msg: Invalid argument. Specify the number of threads explicitly so the affinity is not set.[m
[1;31m2026-09-30 15:16:08.521401477 [E:onnxruntime:Default, env.cc:228 ThreadMain] pthread_setaffinity_np failed for thread: 4115027, index: 189, mask: {166, }, error code: 22 error msg: Invalid argument. Specify the number of threads explicitly so the affinity is not set.[m
[1;31m2026-09-30 15:16:08.528392763 [E:onnxruntime:Default, env.cc:228 ThreadMain] pthread_setaffinity_np failed for thread: 4115018, index: 180, mask: {141, }, error code: 22 error msg: Invalid argument. Specify the number of threads explicitly so the affinity is not set.[m
[1;31m2026-09-30 15:16:08.516460200 [E:onnxruntime:Default, env.cc:228 ThreadMain] pthread_setaffinity_np failed for thread: 4115020, index: 182, mask: {143, }, error code: 22 error msg: Invalid argument. Specify the number of threads explicitly so the affinity is not set.[m
[1;31m2026-09-30 15:16:08.535475908 [E:onnxruntime:Default, env.cc:228 ThreadMain] pthread_setaffinity_np failed for thread: 4115023, index: 185, mask: {162, }, error code: 22 error msg: Invalid argument. Specify the number of threads explicitly so the affinity is not set.[m
[1;31m2026-09-30 15:16:08.544410415 [E:onnxruntime:Default, env.cc:228 ThreadMain] pthread_setaffinity_np failed for thread: 4115022, index: 184, mask: {161, }, error code: 22 error msg: Invalid argument. Specify the number of threads explicitly so the affinity is not set.[m
[1;31m2026-09-30 15:16:08.557407873 [E:onnxruntime:Default, env.cc:228 ThreadMain] pthread_setaffinity_np failed for thread: 4114839, index: 1, mask: {2, }, error code: 22 error msg: Invalid argument. Specify the number of threads explicitly so the affinity is not set.[m
[1;31m2026-09-30 15:16:08.559569600 [E:onnxruntime:Default, env.cc:228 ThreadMain] pthread_setaffinity_np failed for thread: 4114840, index: 2, mask: {3, }, error code: 22 error msg: Invalid argument. Specify the number of threads explicitly so the affinity is not set.[m
[1;31m2026-09-30 15:16:08.564487637 [E:onnxruntime:Default, env.cc:228 ThreadMain] pthread_setaffinity_np failed for thread: 4114842, index: 4, mask: {5, }, error code: 22 error msg: Invalid argument. Specify the number of threads explicitly so the affinity is not set.[m
[1;31m2026-09-30 15:16:08.574965302 [E:onnxruntime:Default, env.cc:228 ThreadMain] pthread_setaffinity_np failed for thread: 4114854, index: 16, mask: {25, }, error code: 22 error msg: Invalid argument. Specify the number of threads explicitly so the affinity is not set.[m
[1;31m2026-09-30 15:16:08.578261563 [E:onnxruntime:Default, env.cc:228 ThreadMain] pthread_setaffinity_np failed for thread: 4114857, index: 19, mask: {28, }, error code: 22 error msg: Invalid argument. Specify the number of threads explicitly so the affinity is not set.[m
[1;31m2026-09-30 15:16:08.578421731 [E:onnxruntime:Default, env.cc:228 ThreadMain] pthread_setaffinity_np failed for thread: 4114858, index: 20, mask: {29, }, error code: 22 error msg: Invalid argument. Specify the number of threads explicitly so the affinity is not set.[m
[1;31m2026-09-30 15:16:08.578476330 [E:onnxruntime:Default, env.cc:228 ThreadMain] pthread_setaffinity_np failed for thread: 4114860, index: 22, mask: {31, }, error code: 22 error msg: Invalid argument. Specify the number of threads explicitly so the affinity is not set.[m
[1;31m2026-09-30 15:16:08.579586304 [E:onnxruntime:Default, env.cc:228 ThreadMain] pthread_setaffinity_np failed for thread: 4114862, index: 24, mask: {49, }, error code: 22 error msg: Invalid argument. Specify the number of threads explicitly so the affinity is not set.[m
[1;31m2026-09-30 15:16:08.579641853 [E:onnxruntime:Default, env.cc:228 ThreadMain] pthread_setaffinity_np failed for thread: 4114863, index: 25, mask: {50, }, error code: 22 error msg: Invalid argument. Specify the number of threads explicitly so the affinity is not set.[m
[1;31m2026-09-30 15:16:08.579689812 [E:onnxruntime:Default, env.cc:228 ThreadMain] pthread_setaffinity_np failed for thread: 4114864, index: 26, mask: {51, }, error code: 22 error msg: Invalid argument. Specify the number of threads explicitly so the affinity is not set.[m
[1;31m2026-09-30 15:16:08.582240754 [E:onnxruntime:Default, env.cc:228 ThreadMain] pthread_setaffinity_np failed for thread: 4114865, index: 27, mask: {52, }, error code: 22 error msg: Invalid argument. Specify the number of threads explicitly so the affinity is not set.[m
[1;31m2026-09-30 15:16:08.589479157 [E:onnxruntime:Default, env.cc:228 ThreadMain] pthread_setaffinity_np failed for thread: 4114868, index: 30, mask: {55, }, error code: 22 error msg: Invalid argument. Specify the number of threads explicitly so the affinity is not set.[m
[1;31m2026-09-30 15:16:08.589547566 [E:onnxruntime:Default, env.cc:228 ThreadMain] pthread_setaffinity_np failed for thread: 4114872, index: 34, mask: {11, }, error code: 22 error msg: Invalid argument. Specify the number of threads explicitly so the affinity is not set.[m
[1;31m2026-09-30 15:16:08.592552391 [E:onnxruntime:Default, env.cc:228 ThreadMain] pthread_setaffinity_np failed for thread: 4114873, index: 35, mask: {12, }, error code: 22 error msg: Invalid argument. Specify the number of threads explicitly so the affinity is not set.[m
[1;31m2026-09-30 15:16:08.592604250 [E:onnxruntime:Default, env.cc:228 ThreadMain] pthread_setaffinity_np failed for thread: 4114875, index: 37, mask: {14, }, error code: 22 error msg: Invalid argument. Specify the number of threads explicitly so the affinity is not set.[m
[1;31m2026-09-30 15:16:08.592577091 [E:onnxruntime:Default, env.cc:228 ThreadMain] pthread_setaffinity_np failed for thread: 4114874, index: 36, mask: {13, }, error code: 22 error msg: Invalid argument. Specify the number of threads explicitly so the affinity is not set.[m
[1;31m2026-09-30 15:16:08.609525960 [E:onnxruntime:Default, env.cc:228 ThreadMain] pthread_setaffinity_np failed for thread: 4114888, index: 50, mask: {35, }, error code: 22 error msg: Invalid argument. Specify the number of threads explicitly so the affinity is not set.[m
[1;31m2026-09-30 15:16:08.622436118 [E:onnxruntime:Default, env.cc:228 ThreadMain] pthread_setaffinity_np failed for thread: 4114890, index: 52, mask: {37, }, error code: 22 error msg: Invalid argument. Specify the number of threads explicitly so the affinity is not set.[m
[1;31m2026-09-30 15:16:08.622507197 [E:onnxruntime:Default, env.cc:228 ThreadMain] pthread_setaffinity_np failed for thread: 4114892, index: 54, mask: {39, }, error code: 22 error msg: Invalid argument. Specify the number of threads explicitly so the affinity is not set.[m
[1;31m2026-09-30 15:16:08.626040345 [E:onnxruntime:Default, env.cc:228 ThreadMain] pthread_setaffinity_np failed for thread: 4114893, index: 55, mask: {56, }, error code: 22 error msg: Invalid argument. Specify the number of threads explicitly so the affinity is not set.[m
[1;31m2026-09-30 15:16:08.626083494 [E:onnxruntime:Default, env.cc:228 ThreadMain] pthread_setaffinity_np failed for thread: 4114896, index: 58, mask: {59, }, error code: 22 error msg: Invalid argument. Specify the number of threads explicitly so the affinity is not set.[m
[1;31m2026-09-30 15:16:08.626111494 [E:onnxruntime:Default, env.cc:228 ThreadMain] pthread_setaffinity_np failed for thread: 4114898, index: 60, mask: {61, }, error code: 22 error msg: Invalid argument. Specify the number of threads explicitly so the affinity is not set.[m
[1;31m2026-09-30 15:16:08.626746814 [E:onnxruntime:Default, env.cc:228 ThreadMain] pthread_setaffinity_np failed for thread: 4114922, index: 84, mask: {45, }, error code: 22 error msg: Invalid argument. Specify the number of threads explicitly so the affinity is not set.[m
[1;31m2026-09-30 15:16:08.636573628 [E:onnxruntime:Default, env.cc:228 ThreadMain] pthread_setaffinity_np failed for thread: 4114929, index: 91, mask: {68, }, error code: 22 error msg: Invalid argument. Specify the number of threads explicitly so the affinity is not set.[m
[1;31m2026-09-30 15:16:08.654574291 [E:onnxruntime:Default, env.cc:228 ThreadMain] pthread_setaffinity_np failed for thread: 4114960, index: 122, mask: {147, }, error code: 22 error msg: Invalid argument. Specify the number of threads explicitly so the affinity is not set.[m
[1;31m2026-09-30 15:16:08.656054419 [E:onnxruntime:Default, env.cc:228 ThreadMain] pthread_setaffinity_np failed for thread: 4114979, index: 141, mask: {182, }, error code: 22 error msg: Invalid argument. Specify the number of threads explicitly so the affinity is not set.[m
[1;31m2026-09-30 15:16:08.656451834 [E:onnxruntime:Default, env.cc:228 ThreadMain] pthread_setaffinity_np failed for thread: 4114981, index: 143, mask: {128, }, error code: 22 error msg: Invalid argument. Specify the number of threads explicitly so the affinity is not set.[m
[1;31m2026-09-30 15:16:08.656480573 [E:onnxruntime:Default, env.cc:228 ThreadMain] pthread_setaffinity_np failed for thread: 4114982, index: 144, mask: {129, }, error code: 22 error msg: Invalid argument. Specify the number of threads explicitly so the affinity is not set.[m
[1;31m2026-09-30 15:16:08.657024265 [E:onnxruntime:Default, env.cc:228 ThreadMain] pthread_setaffinity_np failed for thread: 4114986, index: 148, mask: {133, }, error code: 22 error msg: Invalid argument. Specify the number of threads explicitly so the affinity is not set.[m
[1;31m2026-09-30 15:16:08.657053795 [E:onnxruntime:Default, env.cc:228 ThreadMain] pthread_setaffinity_np failed for thread: 4114987, index: 149, mask: {134, }, error code: 22 error msg: Invalid argument. Specify the number of threads explicitly so the affinity is not set.[m
[1;31m2026-09-30 15:16:08.657438789 [E:onnxruntime:Default, env.cc:228 ThreadMain] pthread_setaffinity_np failed for thread: 4114989, index: 151, mask: {152, }, error code: 22 error msg: Invalid argument. Specify the number of threads explicitly so the affinity is not set.[m
[1;31m2026-09-30 15:16:08.657479358 [E:onnxruntime:Default, env.cc:228 ThreadMain] pthread_setaffinity_np failed for thread: 4114991, index: 153, mask: {154, }, error code: 22 error msg: Invalid argument. Specify the number of threads explicitly so the affinity is not set.[m
[1;31m2026-09-30 15:16:08.658456344 [E:onnxruntime:Default, env.cc:228 ThreadMain] pthread_setaffinity_np failed for thread: 4114993, index: 155, mask: {156, }, error code: 22 error msg: Invalid argument. Specify the number of threads explicitly so the affinity is not set.[m
[1;31m2026-09-30 15:16:08.657453959 [E:onnxruntime:Default, env.cc:228 ThreadMain] pthread_setaffinity_np failed for thread: 4114990, index: 152, mask: {153, }, error code: 22 error msg: Invalid argument. Specify the number of threads explicitly so the affinity is not set.[m
[1;31m2026-09-30 15:16:08.660733170 [E:onnxruntime:Default, env.cc:228 ThreadMain] pthread_setaffinity_np failed for thread: 4115021, index: 183, mask: {160, }, error code: 22 error msg: Invalid argument. Specify the number of threads explicitly so the affinity is not set.[m
[1;31m2026-09-30 15:16:08.566264931 [E:onnxruntime:Default, env.cc:228 ThreadMain] pthread_setaffinity_np failed for thread: 4114843, index: 5, mask: {6, }, error code: 22 error msg: Invalid argument. Specify the number of threads explicitly so the affinity is not set.[m
[1;31m2026-09-30 15:16:08.579550084 [E:onnxruntime:Default, env.cc:228 ThreadMain] pthread_setaffinity_np failed for thread: 4114859, index: 21, mask: {30, }, error code: 22 error msg: Invalid argument. Specify the number of threads explicitly so the affinity is not set.[m
[1;31m2026-09-30 15:16:08.609481940 [E:onnxruntime:Default, env.cc:228 ThreadMain] pthread_setaffinity_np failed for thread: 4114887, index: 49, mask: {34, }, error code: 22 error msg: Invalid argument. Specify the number of threads explicitly so the affinity is not set.[m
[1;31m2026-09-30 15:16:08.626066854 [E:onnxruntime:Default, env.cc:228 ThreadMain] pthread_setaffinity_np failed for thread: 4114895, index: 57, mask: {58, }, error code: 22 error msg: Invalid argument. Specify the number of threads explicitly so the affinity is not set.[m
[1;31m2026-09-30 15:16:08.638607308 [E:onnxruntime:Default, env.cc:228 ThreadMain] pthread_setaffinity_np failed for thread: 4114932, index: 94, mask: {71, }, error code: 22 error msg: Invalid argument. Specify the number of threads explicitly so the affinity is not set.[m
[1;31m2026-09-30 15:16:08.654461803 [E:onnxruntime:Default, env.cc:228 ThreadMain] pthread_setaffinity_np failed for thread: 4114952, index: 114, mask: {123, }, error code: 22 error msg: Invalid argument. Specify the number of threads explicitly so the affinity is not set.[m
[1;31m2026-09-30 15:16:08.636494879 [E:onnxruntime:Default, env.cc:228 ThreadMain] pthread_setaffinity_np failed for thread: 4114924, index: 86, mask: {47, }, error code: 22 error msg: Invalid argument. Specify the number of threads explicitly so the affinity is not set.[m
[1;31m2026-09-30 15:16:08.529180901 [E:onnxruntime:Default, env.cc:228 ThreadMain] pthread_setaffinity_np failed for thread: 4115019, index: 181, mask: {142, }, error code: 22 error msg: Invalid argument. Specify the number of threads explicitly so the affinity is not set.[m
[1;31m2026-09-30 15:16:08.655519517 [E:onnxruntime:Default, env.cc:228 ThreadMain] pthread_setaffinity_np failed for thread: 4114976, index: 138, mask: {179, }, error code: 22 error msg: Invalid argument. Specify the number of threads explicitly so the affinity is not set.[m
[1;31m2026-09-30 15:16:08.570946132 [E:onnxruntime:Default, env.cc:228 ThreadMain] pthread_setaffinity_np failed for thread: 4114838, index: 0, mask: {1, }, error code: 22 error msg: Invalid argument. Specify the number of threads explicitly so the affinity is not set.[m
[1;31m2026-09-30 15:16:08.638630258 [E:onnxruntime:Default, env.cc:228 ThreadMain] pthread_setaffinity_np failed for thread: 4114933, index: 95, mask: {96, }, error code: 22 error msg: Invalid argument. Specify the number of threads explicitly so the affinity is not set.[m
[1;31m2026-09-30 15:16:08.657010985 [E:onnxruntime:Default, env.cc:228 ThreadMain] pthread_setaffinity_np failed for thread: 4114985, index: 147, mask: {132, }, error code: 22 error msg: Invalid argument. Specify the number of threads explicitly so the affinity is not set.[m
[1;31m2026-09-30 15:16:08.660469174 [E:onnxruntime:Default, env.cc:228 ThreadMain] pthread_setaffinity_np failed for thread: 4114995, index: 157, mask: {158, }, error code: 22 error msg: Invalid argument. Specify the number of threads explicitly so the affinity is not set.[m
[1;31m2026-09-30 15:16:08.660524133 [E:onnxruntime:Default, env.cc:228 ThreadMain] pthread_setaffinity_np failed for thread: 4114998, index: 160, mask: {113, }, error code: 22 error msg: Invalid argument. Specify the number of threads explicitly so the affinity is not set.[m
[1;31m2026-09-30 15:16:08.660706750 [E:onnxruntime:Default, env.cc:228 ThreadMain] pthread_setaffinity_np failed for thread: 4115009, index: 171, mask: {188, }, error code: 22 error msg: Invalid argument. Specify the number of threads explicitly so the affinity is not set.[m
[1;31m2026-09-30 15:16:08.654506922 [E:onnxruntime:Default, env.cc:228 ThreadMain] pthread_setaffinity_np failed for thread: 4114956, index: 118, mask: {127, }, error code: 22 error msg: Invalid argument. Specify the number of threads explicitly so the affinity is not set.[m
[1;31m2026-09-30 15:16:08.656980986 [E:onnxruntime:Default, env.cc:228 ThreadMain] pthread_setaffinity_np failed for thread: 4114984, index: 146, mask: {131, }, error code: 22 error msg: Invalid argument. Specify the number of threads explicitly so the affinity is not set.[m
[1;31m2026-09-30 15:16:08.654519402 [E:onnxruntime:Default, env.cc:228 ThreadMain] pthread_setaffinity_np failed for thread: 4114957, index: 119, mask: {144, }, error code: 22 error msg: Invalid argument. Specify the number of threads explicitly so the affinity is not set.[m
[1;31m2026-09-30 15:16:08.699517655 [E:onnxruntime:Default, env.cc:228 ThreadMain] pthread_setaffinity_np failed for thread: 4114950, index: 112, mask: {121, }, error code: 22 error msg: Invalid argument. Specify the number of threads explicitly so the affinity is not set.[m
[1;31m2026-09-30 15:16:08.579547124 [E:onnxruntime:Default, env.cc:228 ThreadMain] pthread_setaffinity_np failed for thread: 4114861, index: 23, mask: {48, }, error code: 22 error msg: Invalid argument. Specify the number of threads explicitly so the affinity is not set.[m
[1;31m2026-09-30 15:16:08.638701987 [E:onnxruntime:Default, env.cc:228 ThreadMain] pthread_setaffinity_np failed for thread: 4114940, index: 102, mask: {103, }, error code: 22 error msg: Invalid argument. Specify the number of threads explicitly so the affinity is not set.[m
[1;31m2026-09-30 15:16:08.609473820 [E:onnxruntime:Default, env.cc:228 ThreadMain] pthread_setaffinity_np failed for thread: 4114886, index: 48, mask: {33, }, error code: 22 error msg: Invalid argument. Specify the number of threads explicitly so the affinity is not set.[m
[1;31m2026-09-30 15:16:08.589472807 [E:onnxruntime:Default, env.cc:228 ThreadMain] pthread_setaffinity_np failed for thread: 4114867, index: 29, mask: {54, }, error code: 22 error msg: Invalid argument. Specify the number of threads explicitly so the affinity is not set.[m
[1;31m2026-09-30 15:16:08.660701381 [E:onnxruntime:Default, env.cc:228 ThreadMain] pthread_setaffinity_np failed for thread: 4115008, index: 170, mask: {187, }, error code: 22 error msg: Invalid argument. Specify the number of threads explicitly so the affinity is not set.[m
[1;31m2026-09-30 15:16:08.661437610 [E:onnxruntime:Default, env.cc:228 ThreadMain] pthread_setaffinity_np failed for thread: 4115016, index: 178, mask: {139, }, error code: 22 error msg: Invalid argument. Specify the number of threads explicitly so the affinity is not set.[m
[1;31m2026-09-30 15:16:08.626526127 [E:onnxruntime:Default, env.cc:228 ThreadMain] pthread_setaffinity_np failed for thread: 4114908, index: 70, mask: {23, }, error code: 22 error msg: Invalid argument. Specify the number of threads explicitly so the affinity is not set.[m
[1;31m2026-09-30 15:16:08.638595538 [E:onnxruntime:Default, env.cc:228 ThreadMain] pthread_setaffinity_np failed for thread: 4114931, index: 93, mask: {70, }, error code: 22 error msg: Invalid argument. Specify the number of threads explicitly so the affinity is not set.[m
[1;31m2026-09-30 15:16:08.654488433 [E:onnxruntime:Default, env.cc:228 ThreadMain] pthread_setaffinity_np failed for thread: 4114954, index: 116, mask: {125, }, error code: 22 error msg: Invalid argument. Specify the number of threads explicitly so the affinity is not set.[m
[1;31m2026-09-30 15:16:08.655451128 [E:onnxruntime:Default, env.cc:228 ThreadMain] pthread_setaffinity_np failed for thread: 4114969, index: 131, mask: {108, }, error code: 22 error msg: Invalid argument. Specify the number of threads explicitly so the affinity is not set.[m
[1;31m2026-09-30 15:16:08.655392289 [E:onnxruntime:Default, env.cc:228 ThreadMain] pthread_setaffinity_np failed for thread: 4114966, index: 128, mask: {105, }, error code: 22 error msg: Invalid argument. Specify the number of threads explicitly so the affinity is not set.[m
[1;31m2026-09-30 15:16:08.661543868 [E:onnxruntime:Default, env.cc:228 ThreadMain] pthread_setaffinity_np failed for thread: 4114856, index: 18, mask: {27, }, error code: 22 error msg: Invalid argument. Specify the number of threads explicitly so the affinity is not set.[m
[1;31m2026-09-30 15:16:08.661696766 [E:onnxruntime:Default, env.cc:228 ThreadMain] pthread_setaffinity_np failed for thread: 4114925, index: 87, mask: {64, }, error code: 22 error msg: Invalid argument. Specify the number of threads explicitly so the affinity is not set.[m
[1;31m2026-09-30 15:16:08.661888793 [E:onnxruntime:Default, env.cc:228 ThreadMain] pthread_setaffinity_np failed for thread: 4114970, index: 132, mask: {109, }, error code: 22 error msg: Invalid argument. Specify the number of threads explicitly so the affinity is not set.[m
[1;31m2026-09-30 15:16:08.661844704 [E:onnxruntime:Default, env.cc:228 ThreadMain] pthread_setaffinity_np failed for thread: 4115002, index: 164, mask: {117, }, error code: 22 error msg: Invalid argument. Specify the number of threads explicitly so the affinity is not set.[m
[1;31m2026-09-30 15:16:08.661890453 [E:onnxruntime:Default, env.cc:228 ThreadMain] pthread_setaffinity_np failed for thread: 4114988, index: 150, mask: {135, }, error code: 22 error msg: Invalid argument. Specify the number of threads explicitly so the affinity is not set.[m
[1;31m2026-09-30 15:16:08.661663576 [E:onnxruntime:Default, env.cc:228 ThreadMain] pthread_setaffinity_np failed for thread: 4114902, index: 64, mask: {17, }, error code: 22 error msg: Invalid argument. Specify the number of threads explicitly so the affinity is not set.[m
[1;31m2026-09-30 15:16:08.661753985 [E:onnxruntime:Default, env.cc:228 ThreadMain] pthread_setaffinity_np failed for thread: 4114968, index: 130, mask: {107, }, error code: 22 error msg: Invalid argument. Specify the number of threads explicitly so the affinity is not set.[m
[1;31m2026-09-30 15:16:08.661665196 [E:onnxruntime:Default, env.cc:228 ThreadMain] pthread_setaffinity_np failed for thread: 4114904, index: 66, mask: {19, }, error code: 22 error msg: Invalid argument. Specify the number of threads explicitly so the affinity is not set.[m
[1;31m2026-09-30 15:16:08.570960511 [E:onnxruntime:Default, env.cc:228 ThreadMain] pthread_setaffinity_np failed for thread: 4115017, index: 179, mask: {140, }, error code: 22 error msg: Invalid argument. Specify the number of threads explicitly so the affinity is not set.[m
[1;31m2026-09-30 15:16:08.636523869 [E:onnxruntime:Default, env.cc:228 ThreadMain] pthread_setaffinity_np failed for thread: 4114926, index: 88, mask: {65, }, error code: 22 error msg: Invalid argument. Specify the number of threads explicitly so the affinity is not set.[m
[1;31m2026-09-30 15:16:08.589497737 [E:onnxruntime:Default, env.cc:228 ThreadMain] pthread_setaffinity_np failed for thread: 4114869, index: 31, mask: {8, }, error code: 22 error msg: Invalid argument. Specify the number of threads explicitly so the affinity is not set.[m
[1;31m2026-09-30 15:16:08.656432804 [E:onnxruntime:Default, env.cc:228 ThreadMain] pthread_setaffinity_np failed for thread: 4114980, index: 142, mask: {183, }, error code: 22 error msg: Invalid argument. Specify the number of threads explicitly so the affinity is not set.[m
[1;31m2026-09-30 15:16:08.589529916 [E:onnxruntime:Default, env.cc:228 ThreadMain] pthread_setaffinity_np failed for thread: 4114871, index: 33, mask: {10, }, error code: 22 error msg: Invalid argument. Specify the number of threads explicitly so the affinity is not set.[m
[1;31m2026-09-30 15:16:08.655493388 [E:onnxruntime:Default, env.cc:228 ThreadMain] pthread_setaffinity_np failed for thread: 4114974, index: 136, mask: {177, }, error code: 22 error msg: Invalid argument. Specify the number of threads explicitly so the affinity is not set.[m
[1;31m2026-09-30 15:16:08.605408241 [E:onnxruntime:Default, env.cc:228 ThreadMain] pthread_setaffinity_np failed for thread: 4114876, index: 38, mask: {15, }, error code: 22 error msg: Invalid argument. Specify the number of threads explicitly so the affinity is not set.[m
[1;31m2026-09-30 15:16:08.622476117 [E:onnxruntime:Default, env.cc:228 ThreadMain] pthread_setaffinity_np failed for thread: 4114891, index: 53, mask: {38, }, error code: 22 error msg: Invalid argument. Specify the number of threads explicitly so the affinity is not set.[m
[1;31m2026-09-30 15:16:08.589517536 [E:onnxruntime:Default, env.cc:228 ThreadMain] pthread_setaffinity_np failed for thread: 4114870, index: 32, mask: {9, }, error code: 22 error msg: Invalid argument. Specify the number of threads explicitly so the affinity is not set.[m
[1;31m2026-09-30 15:16:08.661542638 [E:onnxruntime:Default, env.cc:228 ThreadMain] pthread_setaffinity_np failed for thread: 4114855, index: 17, mask: {26, }, error code: 22 error msg: Invalid argument. Specify the number of threads explicitly so the affinity is not set.[m
[1;31m2026-09-30 15:16:08.661528828 [E:onnxruntime:Default, env.cc:228 ThreadMain] pthread_setaffinity_np failed for thread: 4114853, index: 15, mask: {24, }, error code: 22 error msg: Invalid argument. Specify the number of threads explicitly so the affinity is not set.[m
[1;31m2026-09-30 15:16:08.661663496 [E:onnxruntime:Default, env.cc:228 ThreadMain] pthread_setaffinity_np failed for thread: 4114905, index: 67, mask: {20, }, error code: 22 error msg: Invalid argument. Specify the number of threads explicitly so the affinity is not set.[m
[1;31m2026-09-30 15:16:08.661658906 [E:onnxruntime:Default, env.cc:228 ThreadMain] pthread_setaffinity_np failed for thread: 4114899, index: 61, mask: {62, }, error code: 22 error msg: Invalid argument. Specify the number of threads explicitly so the affinity is not set.[m
[1;31m2026-09-30 15:16:08.661700736 [E:onnxruntime:Default, env.cc:228 ThreadMain] pthread_setaffinity_np failed for thread: 4114921, index: 83, mask: {44, }, error code: 22 error msg: Invalid argument. Specify the number of threads explicitly so the affinity is not set.[m
[1;31m2026-09-30 15:16:08.661679786 [E:onnxruntime:Default, env.cc:228 ThreadMain] pthread_setaffinity_np failed for thread: 4114918, index: 80, mask: {41, }, error code: 22 error msg: Invalid argument. Specify the number of threads explicitly so the affinity is not set.[m
[1;31m2026-09-30 15:16:08.661672836 [E:onnxruntime:Default, env.cc:228 ThreadMain] pthread_setaffinity_np failed for thread: 4114907, index: 69, mask: {22, }, error code: 22 error msg: Invalid argument. Specify the number of threads explicitly so the affinity is not set.[m
[1;31m2026-09-30 15:16:08.661713135 [E:onnxruntime:Default, env.cc:228 ThreadMain] pthread_setaffinity_np failed for thread: 4114927, index: 89, mask: {66, }, error code: 22 error msg: Invalid argument. Specify the number of threads explicitly so the affinity is not set.[m
[1;31m2026-09-30 15:16:08.661683226 [E:onnxruntime:Default, env.cc:228 ThreadMain] pthread_setaffinity_np failed for thread: 4114917, index: 79, mask: {40, }, error code: 22 error msg: Invalid argument. Specify the number of threads explicitly so the affinity is not set.[m
[1;31m2026-09-30 15:16:08.661728095 [E:onnxruntime:Default, env.cc:228 ThreadMain] pthread_setaffinity_np failed for thread: 4114936, index: 98, mask: {99, }, error code: 22 error msg: Invalid argument. Specify the number of threads explicitly so the affinity is not set.[m
[1;31m2026-09-30 15:16:08.661730375 [E:onnxruntime:Default, env.cc:228 ThreadMain] pthread_setaffinity_np failed for thread: 4114923, index: 85, mask: {46, }, error code: 22 error msg: Invalid argument. Specify the number of threads explicitly so the affinity is not set.[m
[1;31m2026-09-30 15:16:08.661634017 [E:onnxruntime:Default, env.cc:228 ThreadMain] pthread_setaffinity_np failed for thread: 4114885, index: 47, mask: {32, }, error code: 22 error msg: Invalid argument. Specify the number of threads explicitly so the affinity is not set.[m
[1;31m2026-09-30 15:16:08.660547793 [E:onnxruntime:Default, env.cc:228 ThreadMain] pthread_setaffinity_np failed for thread: 4115012, index: 174, mask: {191, }, error code: 22 error msg: Invalid argument. Specify the number of threads explicitly so the affinity is not set.[m
[1;31m2026-09-30 15:16:08.661742285 [E:onnxruntime:Default, env.cc:228 ThreadMain] pthread_setaffinity_np failed for thread: 4114930, index: 92, mask: {69, }, error code: 22 error msg: Invalid argument. Specify the number of threads explicitly so the affinity is not set.[m
[1;31m2026-09-30 15:16:08.661678436 [E:onnxruntime:Default, env.cc:228 ThreadMain] pthread_setaffinity_np failed for thread: 4114919, index: 81, mask: {42, }, error code: 22 error msg: Invalid argument. Specify the number of threads explicitly so the affinity is not set.[m
[1;31m2026-09-30 15:16:08.661742215 [E:onnxruntime:Default, env.cc:228 ThreadMain] pthread_setaffinity_np failed for thread: 4114937, index: 99, mask: {100, }, error code: 22 error msg: Invalid argument. Specify the number of threads explicitly so the affinity is not set.[m
[1;31m2026-09-30 15:16:08.661792564 [E:onnxruntime:Default, env.cc:228 ThreadMain] pthread_setaffinity_np failed for thread: 4114977, index: 139, mask: {180, }, error code: 22 error msg: Invalid argument. Specify the number of threads explicitly so the affinity is not set.[m
[1;31m2026-09-30 15:16:08.661807524 [E:onnxruntime:Default, env.cc:228 ThreadMain] pthread_setaffinity_np failed for thread: 4115001, index: 163, mask: {116, }, error code: 22 error msg: Invalid argument. Specify the number of threads explicitly so the affinity is not set.[m
[1;31m2026-09-30 15:16:08.661752075 [E:onnxruntime:Default, env.cc:228 ThreadMain] pthread_setaffinity_np failed for thread: 4114938, index: 100, mask: {101, }, error code: 22 error msg: Invalid argument. Specify the number of threads explicitly so the affinity is not set.[m
[1;31m2026-09-30 15:16:08.661656336 [E:onnxruntime:Default, env.cc:228 ThreadMain] pthread_setaffinity_np failed for thread: 4114901, index: 63, mask: {16, }, error code: 22 error msg: Invalid argument. Specify the number of threads explicitly so the affinity is not set.[m
[1;31m2026-09-30 15:16:08.566316660 [E:onnxruntime:Default, env.cc:228 ThreadMain] pthread_setaffinity_np failed for thread: 4114844, index: 6, mask: {7, }, error code: 22 error msg: Invalid argument. Specify the number of threads explicitly so the affinity is not set.[m
[1;31m2026-09-30 15:16:08.661799664 [E:onnxruntime:Default, env.cc:228 ThreadMain] pthread_setaffinity_np failed for thread: 4115004, index: 166, mask: {119, }, error code: 22 error msg: Invalid argument. Specify the number of threads explicitly so the affinity is not set.[m
[1;31m2026-09-30 15:16:08.661875063 [E:onnxruntime:Default, env.cc:228 ThreadMain] pthread_setaffinity_np failed for thread: 4114962, index: 124, mask: {149, }, error code: 22 error msg: Invalid argument. Specify the number of threads explicitly so the affinity is not set.[m
[1;31m2026-09-30 15:16:08.661770625 [E:onnxruntime:Default, env.cc:228 ThreadMain] pthread_setaffinity_np failed for thread: 4114983, index: 145, mask: {130, }, error code: 22 error msg: Invalid argument. Specify the number of threads explicitly so the affinity is not set.[m
[1;31m2026-09-30 15:16:08.667928883 [E:onnxruntime:Default, env.cc:228 ThreadMain] pthread_setaffinity_np failed for thread: 4114889, index: 51, mask: {36, }, error code: 22 error msg: Invalid argument. Specify the number of threads explicitly so the affinity is not set.[m
[1;31m2026-09-30 15:16:08.661822644 [E:onnxruntime:Default, env.cc:228 ThreadMain] pthread_setaffinity_np failed for thread: 4115011, index: 173, mask: {190, }, error code: 22 error msg: Invalid argument. Specify the number of threads explicitly so the affinity is not set.[m
[1;31m2026-09-30 15:16:08.668401106 [E:onnxruntime:Default, env.cc:228 ThreadMain] pthread_setaffinity_np failed for thread: 4115015, index: 177, mask: {138, }, error code: 22 error msg: Invalid argument. Specify the number of threads explicitly so the affinity is not set.[m
[1;31m2026-09-30 15:16:08.661860283 [E:onnxruntime:Default, env.cc:228 ThreadMain] pthread_setaffinity_np failed for thread: 4114903, index: 65, mask: {18, }, error code: 22 error msg: Invalid argument. Specify the number of threads explicitly so the affinity is not set.[m
[1;31m2026-09-30 15:16:08.661817584 [E:onnxruntime:Default, env.cc:228 ThreadMain] pthread_setaffinity_np failed for thread: 4115013, index: 175, mask: {136, }, error code: 22 error msg: Invalid argument. Specify the number of threads explicitly so the affinity is not set.[m
[1;31m2026-09-30 15:16:08.661801254 [E:onnxruntime:Default, env.cc:228 ThreadMain] pthread_setaffinity_np failed for thread: 4115014, index: 176, mask: {137, }, error code: 22 error msg: Invalid argument. Specify the number of threads explicitly so the affinity is not set.[m
[1;31m2026-09-30 15:16:08.667945483 [E:onnxruntime:Default, env.cc:228 ThreadMain] pthread_setaffinity_np failed for thread: 4114894, index: 56, mask: {57, }, error code: 22 error msg: Invalid argument. Specify the number of threads explicitly so the affinity is not set.[m
[1;31m2026-09-30 15:16:08.661782154 [E:onnxruntime:Default, env.cc:228 ThreadMain] pthread_setaffinity_np failed for thread: 4114997, index: 159, mask: {112, }, error code: 22 error msg: Invalid argument. Specify the number of threads explicitly so the affinity is not set.[m
[1;31m2026-09-30 15:16:08.661906153 [E:onnxruntime:Default, env.cc:228 ThreadMain] pthread_setaffinity_np failed for thread: 4114961, index: 123, mask: {148, }, error code: 22 error msg: Invalid argument. Specify the number of threads explicitly so the affinity is not set.[m
[1;31m2026-09-30 15:16:08.674398027 [E:onnxruntime:Default, env.cc:228 ThreadMain] pthread_setaffinity_np failed for thread: 4115003, index: 165, mask: {118, }, error code: 22 error msg: Invalid argument. Specify the number of threads explicitly so the affinity is not set.[m
[1;31m2026-09-30 15:16:08.661676126 [E:onnxruntime:Default, env.cc:228 ThreadMain] pthread_setaffinity_np failed for thread: 4114900, index: 62, mask: {63, }, error code: 22 error msg: Invalid argument. Specify the number of threads explicitly so the affinity is not set.[m
[1;31m2026-09-30 15:16:08.668400626 [E:onnxruntime:Default, env.cc:228 ThreadMain] pthread_setaffinity_np failed for thread: 4115006, index: 168, mask: {185, }, error code: 22 error msg: Invalid argument. Specify the number of threads explicitly so the affinity is not set.[m
[1;31m2026-09-30 15:16:08.712529992 [E:onnxruntime:Default, env.cc:228 ThreadMain] pthread_setaffinity_np failed for thread: 4114999, index: 161, mask: {114, }, error code: 22 error msg: Invalid argument. Specify the number of threads explicitly so the affinity is not set.[m
[1;31m2026-09-30 15:16:08.636543109 [E:onnxruntime:Default, env.cc:228 ThreadMain] pthread_setaffinity_np failed for thread: 4114928, index: 90, mask: {67, }, error code: 22 error msg: Invalid argument. Specify the number of threads explicitly so the affinity is not set.[m
[1;31m2026-09-30 15:16:08.661664416 [E:onnxruntime:Default, env.cc:228 ThreadMain] pthread_setaffinity_np failed for thread: 4114906, index: 68, mask: {21, }, error code: 22 error msg: Invalid argument. Specify the number of threads explicitly so the affinity is not set.[m
[1;31m2026-09-30 15:16:08.661938332 [E:onnxruntime:Default, env.cc:228 ThreadMain] pthread_setaffinity_np failed for thread: 4114971, index: 133, mask: {110, }, error code: 22 error msg: Invalid argument. Specify the number of threads explicitly so the affinity is not set.[m
[1;31m2026-09-30 15:16:08.661923462 [E:onnxruntime:Default, env.cc:228 ThreadMain] pthread_setaffinity_np failed for thread: 4114963, index: 125, mask: {150, }, error code: 22 error msg: Invalid argument. Specify the number of threads explicitly so the affinity is not set.[m
[1;31m2026-09-30 15:16:08.655420639 [E:onnxruntime:Default, env.cc:228 ThreadMain] pthread_setaffinity_np failed for thread: 4114965, index: 127, mask: {104, }, error code: 22 error msg: Invalid argument. Specify the number of threads explicitly so the affinity is not set.[m
[1;31m2026-09-30 15:16:08.661511088 [E:onnxruntime:Default, env.cc:228 ThreadMain] pthread_setaffinity_np failed for thread: 4114841, index: 3, mask: {4, }, error code: 22 error msg: Invalid argument. Specify the number of threads explicitly so the affinity is not set.[m
[1;31m2026-09-30 15:16:08.661925192 [E:onnxruntime:Default, env.cc:228 ThreadMain] pthread_setaffinity_np failed for thread: 4114967, index: 129, mask: {106, }, error code: 22 error msg: Invalid argument. Specify the number of threads explicitly so the affinity is not set.[m
[1;31m2026-09-30 15:16:08.668414886 [E:onnxruntime:Default, env.cc:228 ThreadMain] pthread_setaffinity_np failed for thread: 4115000, index: 162, mask: {115, }, error code: 22 error msg: Invalid argument. Specify the number of threads explicitly so the affinity is not set.[m
[1;31m2026-09-30 15:16:08.668164160 [E:onnxruntime:Default, env.cc:228 ThreadMain] pthread_setaffinity_np failed for thread: 4114994, index: 156, mask: {157, }, error code: 22 error msg: Invalid argument. Specify the number of threads explicitly so the affinity is not set.[m
[1;31m2026-09-30 15:16:08.661643047 [E:onnxruntime:Default, env.cc:228 ThreadMain] pthread_setaffinity_np failed for thread: 4114866, index: 28, mask: {53, }, error code: 22 error msg: Invalid argument. Specify the number of threads explicitly so the affinity is not set.[m
[1;31m2026-09-30 15:16:08.661669296 [E:onnxruntime:Default, env.cc:228 ThreadMain] pthread_setaffinity_np failed for thread: 4114897, index: 59, mask: {60, }, error code: 22 error msg: Invalid argument. Specify the number of threads explicitly so the affinity is not set.[m
[1;31m2026-09-30 15:16:08.667973013 [E:onnxruntime:Default, env.cc:228 ThreadMain] pthread_setaffinity_np failed for thread: 4115010, index: 172, mask: {189, }, error code: 22 error msg: Invalid argument. Specify the number of threads explicitly so the affinity is not set.[m
[1;31m2026-09-30 15:16:08.668132780 [E:onnxruntime:Default, env.cc:228 ThreadMain] pthread_setaffinity_np failed for thread: 4114939, index: 101, mask: {102, }, error code: 22 error msg: Invalid argument. Specify the number of threads explicitly so the affinity is not set.[m
[1;31m2026-09-30 15:16:08.668432746 [E:onnxruntime:Default, env.cc:228 ThreadMain] pthread_setaffinity_np failed for thread: 4114996, index: 158, mask: {159, }, error code: 22 error msg: Invalid argument. Specify the number of threads explicitly so the affinity is not set.[m
[1;31m2026-09-30 15:16:08.638653168 [E:onnxruntime:Default, env.cc:228 ThreadMain] pthread_setaffinity_np failed for thread: 4114934, index: 96, mask: {97, }, error code: 22 error msg: Invalid argument. Specify the number of threads explicitly so the affinity is not set.[m
[1;31m2026-09-30 15:16:08.712576391 [E:onnxruntime:Default, env.cc:228 ThreadMain] pthread_setaffinity_np failed for thread: 4115028, index: 190, mask: {167, }, error code: 22 error msg: Invalid argument. Specify the number of threads explicitly so the affinity is not set.[m
[1;31m2026-09-30 15:16:08.661742405 [E:onnxruntime:Default, env.cc:228 ThreadMain] pthread_setaffinity_np failed for thread: 4114953, index: 115, mask: {124, }, error code: 22 error msg: Invalid argument. Specify the number of threads explicitly so the affinity is not set.[m
[1;31m2026-09-30 15:16:08.661908963 [E:onnxruntime:Default, env.cc:228 ThreadMain] pthread_setaffinity_np failed for thread: 4114975, index: 137, mask: {178, }, error code: 22 error msg: Invalid argument. Specify the number of threads explicitly so the affinity is not set.[m
[1;31m2026-09-30 15:16:08.661775915 [E:onnxruntime:Default, env.cc:228 ThreadMain] pthread_setaffinity_np failed for thread: 4114959, index: 121, mask: {146, }, error code: 22 error msg: Invalid argument. Specify the number of threads explicitly so the affinity is not set.[m
[1;31m2026-09-30 15:16:08.666395266 [E:onnxruntime:Default, env.cc:228 ThreadMain] pthread_setaffinity_np failed for thread: 4114978, index: 140, mask: {181, }, error code: 22 error msg: Invalid argument. Specify the number of threads explicitly so the affinity is not set.[m
[1;31m2026-09-30 15:16:08.666418946 [E:onnxruntime:Default, env.cc:228 ThreadMain] pthread_setaffinity_np failed for thread: 4115007, index: 169, mask: {186, }, error code: 22 error msg: Invalid argument. Specify the number of threads explicitly so the affinity is not set.[m
[1;31m2026-09-30 15:16:08.660655021 [E:onnxruntime:Default, env.cc:228 ThreadMain] pthread_setaffinity_np failed for thread: 4115005, index: 167, mask: {184, }, error code: 22 error msg: Invalid argument. Specify the number of threads explicitly so the affinity is not set.[m
[1;31m2026-09-30 15:16:08.661719155 [E:onnxruntime:Default, env.cc:228 ThreadMain] pthread_setaffinity_np failed for thread: 4114935, index: 97, mask: {98, }, error code: 22 error msg: Invalid argument. Specify the number of threads explicitly so the affinity is not set.[m
[1;31m2026-09-30 15:16:08.661703516 [E:onnxruntime:Default, env.cc:228 ThreadMain] pthread_setaffinity_np failed for thread: 4114920, index: 82, mask: {43, }, error code: 22 error msg: Invalid argument. Specify the number of threads explicitly so the affinity is not set.[m
[1;31m2026-09-30 15:16:08.654500643 [E:onnxruntime:Default, env.cc:228 ThreadMain] pthread_setaffinity_np failed for thread: 4114955, index: 117, mask: {126, }, error code: 22 error msg: Invalid argument. Specify the number of threads explicitly so the affinity is not set.[m
[1;31m2026-09-30 15:16:08.658435484 [E:onnxruntime:Default, env.cc:228 ThreadMain] pthread_setaffinity_np failed for thread: 4114992, index: 154, mask: {155, }, error code: 22 error msg: Invalid argument. Specify the number of threads explicitly so the affinity is not set.[m
[1;31m2026-09-30 15:16:08.661739035 [E:onnxruntime:Default, env.cc:228 ThreadMain] pthread_setaffinity_np failed for thread: 4114949, index: 111, mask: {120, }, error code: 22 error msg: Invalid argument. Specify the number of threads explicitly so the affinity is not set.[m
[1;31m2026-09-30 15:16:08.661767295 [E:onnxruntime:Default, env.cc:228 ThreadMain] pthread_setaffinity_np failed for thread: 4114964, index: 126, mask: {151, }, error code: 22 error msg: Invalid argument. Specify the number of threads explicitly so the affinity is not set.[m
[1;31m2026-09-30 15:16:08.661782064 [E:onnxruntime:Default, env.cc:228 ThreadMain] pthread_setaffinity_np failed for thread: 4114958, index: 120, mask: {145, }, error code: 22 error msg: Invalid argument. Specify the number of threads explicitly so the affinity is not set.[m
[1;31m2026-09-30 15:16:08.661753525 [E:onnxruntime:Default, env.cc:228 ThreadMain] pthread_setaffinity_np failed for thread: 4114951, index: 113, mask: {122, }, error code: 22 error msg: Invalid argument. Specify the number of threads explicitly so the affinity is not set.[m
[1;31m2026-09-30 15:16:08.661799594 [E:onnxruntime:Default, env.cc:228 ThreadMain] pthread_setaffinity_np failed for thread: 4114972, index: 134, mask: {111, }, error code: 22 error msg: Invalid argument. Specify the number of threads explicitly so the affinity is not set.[m
Table-wired Predict: 100%|██████████| 1/1 [00:02<00:00,  2.34s/it]Table-wired Predict: 100%|██████████| 1/1 [00:02<00:00,  2.34s/it]
OCR-det en:   0%|          | 0/35 [00:00<?, ?it/s]OCR-det en:   3%|▎         | 1/35 [00:01<00:43,  1.27s/it]OCR-det en:  11%|█▏        | 4/35 [00:01<00:08,  3.66it/s]OCR-det en:  17%|█▋        | 6/35 [00:02<00:09,  3.02it/s]OCR-det en:  23%|██▎       | 8/35 [00:02<00:06,  4.43it/s]OCR-det en:  29%|██▊       | 10/35 [00:04<00:13,  1.82it/s]OCR-det en:  31%|███▏      | 11/35 [00:05<00:16,  1.46it/s]OCR-det en:  34%|███▍      | 12/35 [00:06<00:15,  1.53it/s]OCR-det en:  40%|████      | 14/35 [00:06<00:09,  2.12it/s]OCR-det en:  43%|████▎     | 15/35 [00:07<00:08,  2.30it/s]OCR-det en:  46%|████▌     | 16/35 [00:07<00:08,  2.26it/s]OCR-det en:  49%|████▊     | 17/35 [00:08<00:08,  2.14it/s]OCR-det en:  51%|█████▏    | 18/35 [00:08<00:08,  1.99it/s]OCR-det en:  57%|█████▋    | 20/35 [00:09<00:05,  2.62it/s]OCR-det en:  60%|██████    | 21/35 [00:09<00:05,  2.35it/s]OCR-det en:  66%|██████▌   | 23/35 [00:09<00:03,  3.50it/s]OCR-det en:  69%|██████▊   | 24/35 [00:10<00:04,  2.74it/s]OCR-det en:  71%|███████▏  | 25/35 [00:11<00:04,  2.21it/s]OCR-det en:  74%|███████▍  | 26/35 [00:12<00:05,  1.78it/s]OCR-det en:  83%|████████▎ | 29/35 [00:12<00:01,  3.44it/s]OCR-det en:  94%|█████████▍| 33/35 [00:12<00:00,  6.07it/s]OCR-det en: 100%|██████████| 35/35 [00:13<00:00,  3.94it/s]OCR-det en: 100%|██████████| 35/35 [00:13<00:00,  2.62it/s]
2026-09-30 15:16:25.159 | DEBUG    | mineru.utils.model_utils:clean_vram:214 - gc time: 0.51
Seal Predict: 0it [00:00, ?it/s]Seal Predict: 0it [00:00, ?it/s]
Processing pages:   0%|          | 0/17 [00:00<?, ?it/s]Processing pages:   6%|▌         | 1/17 [00:00<00:12,  1.26it/s]Processing pages:  12%|█▏        | 2/17 [00:01<00:07,  1.98it/s]Processing pages:  18%|█▊        | 3/17 [00:01<00:05,  2.48it/s]Processing pages:  24%|██▎       | 4/17 [00:01<00:04,  2.87it/s]Processing pages:  29%|██▉       | 5/17 [00:02<00:04,  2.65it/s]Processing pages:  35%|███▌      | 6/17 [00:02<00:03,  3.01it/s]Processing pages:  41%|████      | 7/17 [00:02<00:04,  2.29it/s]Processing pages:  47%|████▋     | 8/17 [00:03<00:03,  2.67it/s]Processing pages:  53%|█████▎    | 9/17 [00:05<00:08,  1.07s/it]Processing pages:  65%|██████▍   | 11/17 [00:06<00:03,  1.53it/s]Processing pages:  71%|███████   | 12/17 [00:06<00:03,  1.59it/s]Processing pages:  76%|███████▋  | 13/17 [00:07<00:03,  1.32it/s]Processing pages:  82%|████████▏ | 14/17 [00:08<00:01,  1.61it/s]Processing pages:  94%|█████████▍| 16/17 [00:08<00:00,  2.55it/s]Processing pages: 100%|██████████| 17/17 [00:08<00:00,  3.07it/s]
OCR-rec Predict:   0%|          | 0/4 [00:00<?, ?it/s][A
OCR-rec Predict: 100%|██████████| 4/4 [00:00<00:00,  8.44it/s][AOCR-rec Predict: 100%|██████████| 4/4 [00:00<00:00,  8.44it/s]
2026-09-30 15:16:35.069 | DEBUG    | mineru.backend.pipeline.pipeline_analyze:_finalize_processing_window_context:130 - Pipeline doc ready: doc0 pages=17
Processing pages: 100%|██████████| 17/17 [00:09<00:00,  1.80it/s]
2026-09-30 15:16:35.101 | DEBUG    | mineru.backend.pipeline.pipeline_analyze:doc_analyze_streaming:320 - processing-window multi-file infer finished, cost: 224.44, speed: 0.076 page/s
2026-09-30 15:16:37.661 | INFO     | mineru.backend.pipeline.pipeline_analyze:doc_analyze_streaming:209 - Pipeline processing-window multi-file run. doc_count=1, total_pages=16, window_size=64, total_batches=1
2026-09-30 15:16:37.662 | DEBUG    | mineru.utils.pdf_image_tools:_load_images_from_pdf_bytes_range:289 - PDF image rendering uses 1 processes for pages 1-16: [(0, 15)]
2026-09-30 15:16:38.738 | INFO     | mineru.backend.pipeline.pipeline_analyze:doc_analyze_streaming:264 - Pipeline processing window batch 1/1: 16/16 pages, batch_pages=16, doc_slices=doc0:1-16
2026-09-30 15:16:38.738 | INFO     | mineru.backend.pipeline.pipeline_analyze:batch_image_analyze:364 - GPU Memory: 1 GB, Batch Ratio: 1. 
    ✓ Saved: 10. Geochemical and mineralogical characterization of phosphogypsum and leaching tests for the prediction of the mobility of trace elements/auto/10. Geochemical and mineralogical characterization of phosphogypsum and leaching tests for the prediction of the mobility of trace elements.md (81763 chars)
[3/72] ⏭ Skipped (up-to-date registry): 11. Intra-soil waste recycling provides safety of 
[4/72] ⏭ Skipped (up-to-date registry): 12. Treating waste phosphogypsum for cement and pl

[5/72] Parsing: 13. Phosphorus flows through the Australian food s...
Layout Predict:   0%|          | 0/16 [00:00<?, ?it/s]Layout Predict:   6%|▋         | 1/16 [00:00<00:05,  2.91it/s]Layout Predict:  12%|█▎        | 2/16 [00:00<00:04,  3.07it/s]Layout Predict:  19%|█▉        | 3/16 [00:00<00:04,  3.14it/s]Layout Predict:  25%|██▌       | 4/16 [00:01<00:03,  3.15it/s]Layout Predict:  31%|███▏      | 5/16 [00:01<00:03,  3.16it/s]Layout Predict:  38%|███▊      | 6/16 [00:01<00:03,  3.07it/s]Layout Predict:  44%|████▍     | 7/16 [00:02<00:02,  3.12it/s]Layout Predict:  50%|█████     | 8/16 [00:02<00:02,  3.17it/s]Layout Predict:  56%|█████▋    | 9/16 [00:02<00:02,  3.22it/s]Layout Predict:  62%|██████▎   | 10/16 [00:03<00:01,  3.19it/s]Layout Predict:  69%|██████▉   | 11/16 [00:03<00:01,  3.21it/s]Layout Predict:  75%|███████▌  | 12/16 [00:03<00:01,  3.22it/s]Layout Predict:  81%|████████▏ | 13/16 [00:04<00:00,  3.23it/s]Layout Predict:  88%|████████▊ | 14/16 [00:04<00:00,  3.24it/s]Layout Predict:  94%|█████████▍| 15/16 [00:04<00:00,  3.23it/s]Layout Predict: 100%|██████████| 16/16 [00:05<00:00,  3.22it/s]Layout Predict: 100%|██████████| 16/16 [00:05<00:00,  3.18it/s]
2026-09-30 15:16:44.403 | DEBUG    | mineru.utils.model_utils:clean_vram:214 - gc time: 0.58
MFR Predict:   0%|          | 0/1 [00:00<?, ?it/s]MFR Predict: 100%|██████████| 1/1 [00:06<00:00,  6.06s/it]MFR Predict: 100%|██████████| 1/1 [00:06<00:00,  6.06s/it]
2026-09-30 15:16:51.072 | DEBUG    | mineru.utils.model_utils:clean_vram:214 - gc time: 0.6
Table-ocr det:   0%|          | 0/4 [00:00<?, ?it/s]Table-ocr det:  25%|██▌       | 1/4 [00:00<00:00,  4.61it/s]Table-ocr det:  75%|███████▌  | 3/4 [00:00<00:00, 10.70it/s]Table-ocr det: 100%|██████████| 4/4 [00:00<00:00, 10.54it/s]
Table-ocr rec en:   0%|          | 0/253 [00:00<?, ?it/s]Table-ocr rec en:   2%|▏         | 6/253 [00:00<00:11, 21.60it/s]Table-ocr rec en:   5%|▍         | 12/253 [00:00<00:11, 21.64it/s]Table-ocr rec en:   7%|▋         | 18/253 [00:00<00:09, 23.53it/s]Table-ocr rec en:   9%|▉         | 24/253 [00:01<00:10, 22.54it/s]Table-ocr rec en:  12%|█▏        | 30/253 [00:01<00:14, 15.57it/s]Table-ocr rec en:  14%|█▍        | 36/253 [00:02<00:14, 14.92it/s]Table-ocr rec en:  17%|█▋        | 42/253 [00:02<00:16, 12.48it/s]Table-ocr rec en:  19%|█▉        | 48/253 [00:03<00:15, 13.52it/s]Table-ocr rec en:  21%|██▏       | 54/253 [00:03<00:15, 13.09it/s]Table-ocr rec en:  24%|██▎       | 60/253 [00:04<00:15, 12.54it/s]Table-ocr rec en:  26%|██▌       | 66/253 [00:04<00:16, 11.63it/s]Table-ocr rec en:  28%|██▊       | 72/253 [00:05<00:19,  9.44it/s]Table-ocr rec en:  31%|███       | 78/253 [00:06<00:17,  9.93it/s]Table-ocr rec en:  33%|███▎      | 84/253 [00:06<00:15, 10.64it/s]Table-ocr rec en:  36%|███▌      | 90/253 [00:06<00:13, 11.92it/s]Table-ocr rec en:  38%|███▊      | 96/253 [00:07<00:10, 14.33it/s]Table-ocr rec en:  40%|████      | 102/253 [00:07<00:10, 14.38it/s]Table-ocr rec en:  43%|████▎     | 108/253 [00:08<00:10, 14.06it/s]Table-ocr rec en:  45%|████▌     | 114/253 [00:08<00:08, 15.84it/s]Table-ocr rec en:  47%|████▋     | 120/253 [00:08<00:07, 16.93it/s]Table-ocr rec en:  50%|████▉     | 126/253 [00:08<00:06, 18.34it/s]Table-ocr rec en:  52%|█████▏    | 132/253 [00:09<00:07, 15.67it/s]Table-ocr rec en:  55%|█████▍    | 138/253 [00:09<00:08, 14.03it/s]Table-ocr rec en:  57%|█████▋    | 144/253 [00:10<00:08, 13.27it/s]Table-ocr rec en:  59%|█████▉    | 150/253 [00:11<00:11,  9.28it/s]Table-ocr rec en:  62%|██████▏   | 156/253 [00:12<00:09,  9.94it/s]Table-ocr rec en:  64%|██████▍   | 162/253 [00:12<00:08, 10.37it/s]Table-ocr rec en:  66%|██████▋   | 168/253 [00:13<00:07, 11.17it/s]Table-ocr rec en:  69%|██████▉   | 174/253 [00:13<00:06, 12.45it/s]Table-ocr rec en:  71%|███████   | 180/253 [00:13<00:05, 13.53it/s]Table-ocr rec en:  74%|███████▎  | 186/253 [00:14<00:05, 13.30it/s]Table-ocr rec en:  76%|███████▌  | 192/253 [00:14<00:04, 13.47it/s]Table-ocr rec en:  78%|███████▊  | 198/253 [00:14<00:03, 15.27it/s]Table-ocr rec en:  81%|████████  | 204/253 [00:15<00:03, 13.58it/s]Table-ocr rec en:  83%|████████▎ | 210/253 [00:15<00:02, 15.88it/s]Table-ocr rec en:  85%|████████▌ | 216/253 [00:16<00:02, 15.39it/s]Table-ocr rec en:  88%|████████▊ | 222/253 [00:16<00:01, 15.58it/s]Table-ocr rec en:  90%|█████████ | 228/253 [00:17<00:01, 12.95it/s]Table-ocr rec en:  92%|█████████▏| 234/253 [00:17<00:01, 10.25it/s]Table-ocr rec en:  95%|█████████▍| 240/253 [00:18<00:01,  9.89it/s]Table-ocr rec en:  97%|█████████▋| 246/253 [00:19<00:00,  8.28it/s]Table-ocr rec en: 100%|█████████▉| 252/253 [00:20<00:00,  8.23it/s]Table-ocr rec en: 100%|██████████| 253/253 [00:20<00:00,  8.31it/s]Table-ocr rec en: 100%|██████████| 253/253 [00:20<00:00, 12.34it/s]
Table-wireless Predict:   0%|          | 0/4 [00:00<?, ?it/s]Table-wireless Predict: 100%|██████████| 4/4 [00:05<00:00,  1.33s/it]Table-wireless Predict: 100%|██████████| 4/4 [00:05<00:00,  1.33s/it]
Table-wired Predict:   0%|          | 0/4 [00:00<?, ?it/s]Table-wired Predict:  25%|██▌       | 1/4 [00:04<00:14,  4.90s/it]Table-wired Predict:  50%|█████     | 2/4 [00:06<00:06,  3.20s/it]Table-wired Predict:  75%|███████▌  | 3/4 [00:11<00:03,  3.67s/it]Table-wired Predict: 100%|██████████| 4/4 [00:15<00:00,  4.03s/it]Table-wired Predict: 100%|██████████| 4/4 [00:15<00:00,  3.93s/it]
OCR-det en:   0%|          | 0/51 [00:00<?, ?it/s]OCR-det en:   2%|▏         | 1/51 [00:01<01:04,  1.29s/it]OCR-det en:   8%|▊         | 4/51 [00:01<00:12,  3.63it/s]OCR-det en:  12%|█▏        | 6/51 [00:01<00:09,  4.91it/s]OCR-det en:  16%|█▌        | 8/51 [00:01<00:07,  5.94it/s]OCR-det en:  20%|█▉        | 10/51 [00:01<00:05,  7.47it/s]OCR-det en:  24%|██▎       | 12/51 [00:02<00:04,  9.26it/s]OCR-det en:  27%|██▋       | 14/51 [00:03<00:08,  4.58it/s]OCR-det en:  31%|███▏      | 16/51 [00:03<00:08,  3.98it/s]OCR-det en:  33%|███▎      | 17/51 [00:03<00:07,  4.35it/s]OCR-det en:  35%|███▌      | 18/51 [00:04<00:08,  3.88it/s]OCR-det en:  39%|███▉      | 20/51 [00:04<00:06,  4.85it/s]OCR-det en:  41%|████      | 21/51 [00:04<00:08,  3.67it/s]OCR-det en:  45%|████▌     | 23/51 [00:05<00:05,  4.76it/s]OCR-det en:  47%|████▋     | 24/51 [00:05<00:07,  3.65it/s]OCR-det en:  49%|████▉     | 25/51 [00:06<00:11,  2.36it/s]OCR-det en:  53%|█████▎    | 27/51 [00:07<00:08,  2.89it/s]OCR-det en:  57%|█████▋    | 29/51 [00:07<00:07,  3.10it/s]OCR-det en:  63%|██████▎   | 32/51 [00:07<00:03,  5.02it/s]OCR-det en:  71%|███████   | 36/51 [00:07<00:01,  8.05it/s]OCR-det en:  75%|███████▍  | 38/51 [00:08<00:01,  8.15it/s]OCR-det en:  78%|███████▊  | 40/51 [00:08<00:01,  5.67it/s]OCR-det en:  84%|████████▍ | 43/51 [00:08<00:01,  7.93it/s]OCR-det en:  88%|████████▊ | 45/51 [00:09<00:00,  8.16it/s]OCR-det en:  92%|█████████▏| 47/51 [00:10<00:00,  4.46it/s]OCR-det en:  96%|█████████▌| 49/51 [00:10<00:00,  4.97it/s]OCR-det en: 100%|██████████| 51/51 [00:10<00:00,  4.90it/s]
2026-09-30 15:17:49.969 | DEBUG    | mineru.utils.model_utils:clean_vram:214 - gc time: 0.53
Seal Predict: 0it [00:00, ?it/s]Seal Predict: 0it [00:00, ?it/s]
Processing pages:   0%|          | 0/16 [00:00<?, ?it/s]Processing pages:  12%|█▎        | 2/16 [00:00<00:01, 10.90it/s]Processing pages:  25%|██▌       | 4/16 [00:00<00:02,  5.31it/s]Processing pages:  31%|███▏      | 5/16 [00:00<00:02,  4.86it/s]Processing pages:  38%|███▊      | 6/16 [00:01<00:02,  4.52it/s]Processing pages:  44%|████▍     | 7/16 [00:01<00:01,  4.52it/s]Processing pages:  50%|█████     | 8/16 [00:01<00:01,  4.21it/s]Processing pages:  56%|█████▋    | 9/16 [00:02<00:01,  3.53it/s]Processing pages:  62%|██████▎   | 10/16 [00:02<00:01,  3.55it/s]Processing pages:  69%|██████▉   | 11/16 [00:02<00:01,  3.77it/s]Processing pages:  75%|███████▌  | 12/16 [00:02<00:00,  4.60it/s]Processing pages:  81%|████████▏ | 13/16 [00:02<00:00,  5.44it/s]Processing pages:  88%|████████▊ | 14/16 [00:02<00:00,  6.28it/s]Processing pages:  94%|█████████▍| 15/16 [00:03<00:00,  6.97it/s]Processing pages: 100%|██████████| 16/16 [00:03<00:00,  3.25it/s]
OCR-rec Predict:   0%|          | 0/6 [00:00<?, ?it/s][A
OCR-rec Predict: 100%|██████████| 6/6 [00:00<00:00, 10.48it/s][AOCR-rec Predict: 100%|██████████| 6/6 [00:00<00:00, 10.47it/s]
2026-09-30 15:17:54.877 | DEBUG    | mineru.backend.pipeline.pipeline_analyze:_finalize_processing_window_context:130 - Pipeline doc ready: doc0 pages=16
Processing pages: 100%|██████████| 16/16 [00:04<00:00,  3.71it/s]
2026-09-30 15:17:54.883 | DEBUG    | mineru.backend.pipeline.pipeline_analyze:doc_analyze_streaming:320 - processing-window multi-file infer finished, cost: 77.22, speed: 0.207 page/s
2026-09-30 15:17:56.883 | INFO     | mineru.backend.pipeline.pipeline_analyze:doc_analyze_streaming:209 - Pipeline processing-window multi-file run. doc_count=1, total_pages=13, window_size=64, total_batches=1
2026-09-30 15:17:56.883 | DEBUG    | mineru.utils.pdf_image_tools:_load_images_from_pdf_bytes_range:289 - PDF image rendering uses 1 processes for pages 1-13: [(0, 12)]
2026-09-30 15:17:57.607 | INFO     | mineru.backend.pipeline.pipeline_analyze:doc_analyze_streaming:264 - Pipeline processing window batch 1/1: 13/13 pages, batch_pages=13, doc_slices=doc0:1-13
2026-09-30 15:17:57.607 | INFO     | mineru.backend.pipeline.pipeline_analyze:batch_image_analyze:364 - GPU Memory: 1 GB, Batch Ratio: 1. 
    ✓ Saved: 13. Phosphorus flows through the Australian food system Identifying intervention points as a roadmap to phosphorus security/auto/13. Phosphorus flows through the Australian food system Identifying intervention points as a roadmap to phosphorus security.md (81603 chars)
[6/72] ⏭ Skipped (up-to-date registry): 14. Potential use of phosphogypsum in concrete.pdf
[7/72] ⏭ Skipped (up-to-date registry): 15. The using of waste phosphogypsum and natural g

[8/72] Parsing: 16. Distribution of uranium and thorium chains rad...
Layout Predict:   0%|          | 0/13 [00:00<?, ?it/s]Layout Predict:   8%|▊         | 1/13 [00:00<00:04,  2.87it/s]Layout Predict:  15%|█▌        | 2/13 [00:00<00:03,  3.07it/s]Layout Predict:  23%|██▎       | 3/13 [00:00<00:03,  3.13it/s]Layout Predict:  31%|███       | 4/13 [00:01<00:02,  3.20it/s]Layout Predict:  38%|███▊      | 5/13 [00:01<00:02,  2.92it/s]Layout Predict:  46%|████▌     | 6/13 [00:01<00:02,  3.01it/s]Layout Predict:  54%|█████▍    | 7/13 [00:02<00:01,  3.05it/s]Layout Predict:  62%|██████▏   | 8/13 [00:02<00:01,  3.09it/s]Layout Predict:  69%|██████▉   | 9/13 [00:02<00:01,  3.12it/s]Layout Predict:  77%|███████▋  | 10/13 [00:03<00:00,  3.17it/s]Layout Predict:  85%|████████▍ | 11/13 [00:03<00:00,  3.22it/s]Layout Predict:  92%|█████████▏| 12/13 [00:03<00:00,  3.23it/s]Layout Predict: 100%|██████████| 13/13 [00:04<00:00,  3.21it/s]Layout Predict: 100%|██████████| 13/13 [00:04<00:00,  3.13it/s]
2026-09-30 15:18:02.374 | DEBUG    | mineru.utils.model_utils:clean_vram:214 - gc time: 0.58
MFR Predict:   0%|          | 0/427 [00:00<?, ?it/s]MFR Predict:   4%|▎         | 16/427 [00:03<01:20,  5.11it/s]MFR Predict:   7%|▋         | 32/427 [00:06<01:22,  4.78it/s]MFR Predict:  11%|█         | 48/427 [00:09<01:19,  4.79it/s]MFR Predict:  15%|█▍        | 64/427 [00:13<01:17,  4.66it/s]MFR Predict:  19%|█▊        | 80/427 [00:16<01:13,  4.71it/s]MFR Predict:  22%|██▏       | 96/427 [00:20<01:12,  4.59it/s]MFR Predict:  26%|██▌       | 112/427 [00:23<01:07,  4.68it/s]MFR Predict:  30%|██▉       | 128/427 [00:27<01:07,  4.44it/s]MFR Predict:  34%|███▎      | 144/427 [00:30<01:01,  4.64it/s]MFR Predict:  37%|███▋      | 160/427 [00:34<01:00,  4.42it/s]MFR Predict:  41%|████      | 176/427 [00:38<00:56,  4.42it/s]MFR Predict:  45%|████▍     | 192/427 [00:42<00:53,  4.41it/s]MFR Predict:  49%|████▊     | 208/427 [00:45<00:49,  4.45it/s]MFR Predict:  52%|█████▏    | 224/427 [00:48<00:43,  4.71it/s]MFR Predict:  56%|█████▌    | 240/427 [00:52<00:41,  4.50it/s]MFR Predict:  60%|█████▉    | 256/427 [00:55<00:37,  4.61it/s]MFR Predict:  64%|██████▎   | 272/427 [00:59<00:34,  4.51it/s]MFR Predict:  67%|██████▋   | 288/427 [01:03<00:30,  4.49it/s]MFR Predict:  71%|███████   | 304/427 [01:06<00:26,  4.71it/s]MFR Predict:  75%|███████▍  | 320/427 [01:10<00:23,  4.48it/s]MFR Predict:  79%|███████▊  | 336/427 [01:14<00:20,  4.37it/s]MFR Predict:  82%|████████▏ | 352/427 [01:18<00:17,  4.20it/s]MFR Predict:  86%|████████▌ | 368/427 [01:22<00:15,  3.91it/s]MFR Predict:  90%|████████▉ | 384/427 [01:27<00:11,  3.72it/s]MFR Predict:  94%|█████████▎| 400/427 [01:33<00:07,  3.41it/s]MFR Predict: 100%|██████████| 427/427 [01:48<00:00,  2.51it/s]MFR Predict: 100%|██████████| 427/427 [01:48<00:00,  3.95it/s]
2026-09-30 15:19:50.938 | DEBUG    | mineru.utils.model_utils:clean_vram:214 - gc time: 0.5
Table-ocr det:   0%|          | 0/4 [00:00<?, ?it/s]Table-ocr det:  25%|██▌       | 1/4 [00:00<00:00,  5.17it/s]Table-ocr det:  75%|███████▌  | 3/4 [00:00<00:00,  8.76it/s]Table-ocr det: 100%|██████████| 4/4 [00:00<00:00,  8.59it/s]
Table-ocr rec en:   0%|          | 0/152 [00:00<?, ?it/s]Table-ocr rec en:   4%|▍         | 6/152 [00:00<00:06, 22.86it/s]Table-ocr rec en:   8%|▊         | 12/152 [00:00<00:06, 22.61it/s]Table-ocr rec en:  12%|█▏        | 18/152 [00:01<00:11, 11.79it/s]Table-ocr rec en:  16%|█▌        | 24/152 [00:01<00:10, 11.80it/s]Table-ocr rec en:  20%|█▉        | 30/152 [00:02<00:09, 13.20it/s]Table-ocr rec en:  24%|██▎       | 36/152 [00:02<00:07, 15.40it/s]Table-ocr rec en:  28%|██▊       | 42/152 [00:02<00:06, 17.76it/s]Table-ocr rec en:  32%|███▏      | 48/152 [00:02<00:05, 18.60it/s]Table-ocr rec en:  36%|███▌      | 54/152 [00:03<00:05, 16.56it/s]Table-ocr rec en:  39%|███▉      | 60/152 [00:03<00:05, 15.91it/s]Table-ocr rec en:  43%|████▎     | 66/152 [00:04<00:05, 15.15it/s]Table-ocr rec en:  47%|████▋     | 72/152 [00:04<00:04, 16.48it/s]Table-ocr rec en:  51%|█████▏    | 78/152 [00:04<00:04, 17.51it/s]Table-ocr rec en:  55%|█████▌    | 84/152 [00:05<00:04, 16.99it/s]Table-ocr rec en:  59%|█████▉    | 90/152 [00:05<00:03, 16.37it/s]Table-ocr rec en:  63%|██████▎   | 96/152 [00:06<00:03, 15.78it/s]Table-ocr rec en:  67%|██████▋   | 102/152 [00:06<00:02, 17.98it/s]Table-ocr rec en:  71%|███████   | 108/152 [00:06<00:02, 17.46it/s]Table-ocr rec en:  75%|███████▌  | 114/152 [00:07<00:02, 15.35it/s]Table-ocr rec en:  79%|███████▉  | 120/152 [00:07<00:02, 15.33it/s]Table-ocr rec en:  83%|████████▎ | 126/152 [00:07<00:01, 16.33it/s]Table-ocr rec en:  87%|████████▋ | 132/152 [00:08<00:01, 16.03it/s]Table-ocr rec en:  91%|█████████ | 138/152 [00:08<00:00, 15.58it/s]Table-ocr rec en:  95%|█████████▍| 144/152 [00:09<00:00, 12.45it/s]Table-ocr rec en:  99%|█████████▊| 150/152 [00:09<00:00, 12.08it/s]Table-ocr rec en: 100%|██████████| 152/152 [00:10<00:00, 10.65it/s]Table-ocr rec en: 100%|██████████| 152/152 [00:10<00:00, 14.86it/s]
Table-wireless Predict:   0%|          | 0/4 [00:00<?, ?it/s]Table-wireless Predict: 100%|██████████| 4/4 [00:05<00:00,  1.47s/it]Table-wireless Predict: 100%|██████████| 4/4 [00:05<00:00,  1.47s/it]
Table-wired Predict:   0%|          | 0/1 [00:00<?, ?it/s]Table-wired Predict: 100%|██████████| 1/1 [00:04<00:00,  4.65s/it]Table-wired Predict: 100%|██████████| 1/1 [00:04<00:00,  4.65s/it]
OCR-det en:   0%|          | 0/38 [00:00<?, ?it/s]OCR-det en:   3%|▎         | 1/38 [00:00<00:31,  1.17it/s]OCR-det en:  11%|█         | 4/38 [00:01<00:09,  3.72it/s]OCR-det en:  16%|█▌        | 6/38 [00:01<00:08,  3.64it/s]OCR-det en:  24%|██▎       | 9/38 [00:02<00:06,  4.43it/s]OCR-det en:  26%|██▋       | 10/38 [00:03<00:11,  2.39it/s]OCR-det en:  29%|██▉       | 11/38 [00:03<00:10,  2.64it/s]OCR-det en:  34%|███▍      | 13/38 [00:03<00:06,  3.83it/s]OCR-det en:  37%|███▋      | 14/38 [00:04<00:06,  3.56it/s]OCR-det en:  39%|███▉      | 15/38 [00:04<00:06,  3.44it/s]OCR-det en:  42%|████▏     | 16/38 [00:04<00:05,  4.10it/s]OCR-det en:  45%|████▍     | 17/38 [00:05<00:05,  3.96it/s]OCR-det en:  47%|████▋     | 18/38 [00:05<00:05,  3.64it/s]OCR-det en:  50%|█████     | 19/38 [00:05<00:04,  4.05it/s]OCR-det en:  53%|█████▎    | 20/38 [00:05<00:04,  4.24it/s]OCR-det en:  58%|█████▊    | 22/38 [00:05<00:02,  6.45it/s]OCR-det en:  61%|██████    | 23/38 [00:06<00:02,  6.07it/s]OCR-det en:  63%|██████▎   | 24/38 [00:06<00:03,  4.44it/s]OCR-det en:  68%|██████▊   | 26/38 [00:06<00:02,  5.31it/s]OCR-det en:  74%|███████▎  | 28/38 [00:06<00:01,  6.93it/s]OCR-det en:  79%|███████▉  | 30/38 [00:07<00:01,  7.13it/s]OCR-det en:  84%|████████▍ | 32/38 [00:08<00:01,  3.41it/s]OCR-det en:  92%|█████████▏| 35/38 [00:08<00:00,  5.19it/s]OCR-det en:  97%|█████████▋| 37/38 [00:08<00:00,  6.51it/s]OCR-det en: 100%|██████████| 38/38 [00:08<00:00,  4.26it/s]
2026-09-30 15:20:21.876 | DEBUG    | mineru.utils.model_utils:clean_vram:214 - gc time: 0.61
Seal Predict: 0it [00:00, ?it/s]Seal Predict: 0it [00:00, ?it/s]
Processing pages:   0%|          | 0/13 [00:00<?, ?it/s]Processing pages:   8%|▊         | 1/13 [00:00<00:08,  1.46it/s]Processing pages:  23%|██▎       | 3/13 [00:01<00:04,  2.09it/s]Processing pages:  31%|███       | 4/13 [00:02<00:05,  1.64it/s]Processing pages:  38%|███▊      | 5/13 [00:02<00:04,  1.76it/s]Processing pages:  46%|████▌     | 6/13 [00:03<00:03,  2.04it/s]Processing pages:  54%|█████▍    | 7/13 [00:04<00:03,  1.62it/s]Processing pages:  62%|██████▏   | 8/13 [00:04<00:02,  1.69it/s]Processing pages:  69%|██████▉   | 9/13 [00:05<00:02,  1.49it/s]Processing pages:  77%|███████▋  | 10/13 [00:06<00:02,  1.47it/s]Processing pages:  85%|████████▍ | 11/13 [00:06<00:01,  1.99it/s]Processing pages:  92%|█████████▏| 12/13 [00:06<00:00,  2.58it/s]Processing pages: 100%|██████████| 13/13 [00:06<00:00,  3.27it/s]
OCR-rec Predict:   0%|          | 0/14 [00:00<?, ?it/s][A
OCR-rec Predict:  43%|████▎     | 6/14 [00:00<00:00, 18.90it/s][A
OCR-rec Predict:  86%|████████▌ | 12/14 [00:00<00:00, 19.10it/s][A
OCR-rec Predict: 100%|██████████| 14/14 [00:00<00:00, 16.16it/s][AOCR-rec Predict: 100%|██████████| 14/14 [00:00<00:00, 17.05it/s]
2026-09-30 15:20:29.769 | DEBUG    | mineru.backend.pipeline.pipeline_analyze:_finalize_processing_window_context:130 - Pipeline doc ready: doc0 pages=13
Processing pages: 100%|██████████| 13/13 [00:07<00:00,  1.77it/s]
2026-09-30 15:20:29.771 | DEBUG    | mineru.backend.pipeline.pipeline_analyze:doc_analyze_streaming:320 - processing-window multi-file infer finished, cost: 152.89, speed: 0.085 page/s
2026-09-30 15:20:32.781 | INFO     | mineru.backend.pipeline.pipeline_analyze:doc_analyze_streaming:209 - Pipeline processing-window multi-file run. doc_count=1, total_pages=30, window_size=64, total_batches=1
2026-09-30 15:20:32.781 | DEBUG    | mineru.utils.pdf_image_tools:_load_images_from_pdf_bytes_range:289 - PDF image rendering uses 1 processes for pages 1-30: [(0, 29)]
2026-09-30 15:20:36.343 | INFO     | mineru.backend.pipeline.pipeline_analyze:doc_analyze_streaming:264 - Pipeline processing window batch 1/1: 30/30 pages, batch_pages=30, doc_slices=doc0:1-30
2026-09-30 15:20:36.343 | INFO     | mineru.backend.pipeline.pipeline_analyze:batch_image_analyze:364 - GPU Memory: 1 GB, Batch Ratio: 1. 
    ✓ Saved: 16. Distribution of uranium and thorium chains radionuclides in different fractions of phosphogypsum grains/auto/16. Distribution of uranium and thorium chains radionuclides in different fractions of phosphogypsum grains.md (82999 chars)
[9/72] ⏭ Skipped (up-to-date registry): 17. Phosphogypsum recycling New horizons for a mor
[10/72] ⏭ Skipped (up-to-date registry): 18. Recent research in utilization of phosphogypsu
[11/72] ⏭ Skipped (up-to-date registry): 19. The influence of the HAP.pdf
[12/72] ⏭ Skipped (up-to-date registry): 2. Phosphogypsum as a construction material.pdf
[13/72] ⏭ Skipped (up-to-date registry): 20. Characterization of phosphogypsum wastes assoc

[14/72] Parsing: 21. Modification mechanism, heavy metal coupling a...
Layout Predict:   0%|          | 0/30 [00:00<?, ?it/s]Layout Predict:   3%|▎         | 1/30 [00:00<00:10,  2.76it/s]Layout Predict:   7%|▋         | 2/30 [00:00<00:09,  2.88it/s]Layout Predict:  10%|█         | 3/30 [00:01<00:09,  2.95it/s]Layout Predict:  13%|█▎        | 4/30 [00:01<00:08,  2.98it/s]Layout Predict:  17%|█▋        | 5/30 [00:01<00:08,  3.01it/s]Layout Predict:  20%|██        | 6/30 [00:02<00:07,  3.04it/s]Layout Predict:  23%|██▎       | 7/30 [00:02<00:07,  3.03it/s]Layout Predict:  27%|██▋       | 8/30 [00:02<00:07,  3.03it/s]Layout Predict:  30%|███       | 9/30 [00:03<00:06,  3.02it/s]Layout Predict:  33%|███▎      | 10/30 [00:03<00:06,  3.05it/s]Layout Predict:  37%|███▋      | 11/30 [00:03<00:06,  3.06it/s]Layout Predict:  40%|████      | 12/30 [00:03<00:05,  3.05it/s]Layout Predict:  43%|████▎     | 13/30 [00:04<00:05,  3.05it/s]Layout Predict:  47%|████▋     | 14/30 [00:04<00:05,  3.04it/s]Layout Predict:  50%|█████     | 15/30 [00:04<00:04,  3.06it/s]Layout Predict:  53%|█████▎    | 16/30 [00:05<00:04,  3.07it/s]Layout Predict:  57%|█████▋    | 17/30 [00:05<00:04,  3.08it/s]Layout Predict:  60%|██████    | 18/30 [00:05<00:04,  2.99it/s]Layout Predict:  63%|██████▎   | 19/30 [00:06<00:03,  3.01it/s]Layout Predict:  67%|██████▋   | 20/30 [00:06<00:03,  3.02it/s]Layout Predict:  70%|███████   | 21/30 [00:06<00:02,  3.05it/s]Layout Predict:  73%|███████▎  | 22/30 [00:07<00:02,  3.07it/s]Layout Predict:  77%|███████▋  | 23/30 [00:07<00:02,  3.06it/s]Layout Predict:  80%|████████  | 24/30 [00:07<00:01,  3.06it/s]Layout Predict:  83%|████████▎ | 25/30 [00:08<00:01,  3.05it/s]Layout Predict:  87%|████████▋ | 26/30 [00:08<00:01,  3.07it/s]Layout Predict:  90%|█████████ | 27/30 [00:08<00:00,  3.08it/s]Layout Predict:  93%|█████████▎| 28/30 [00:09<00:00,  3.08it/s]Layout Predict:  97%|█████████▋| 29/30 [00:09<00:00,  3.05it/s]Layout Predict: 100%|██████████| 30/30 [00:09<00:00,  3.05it/s]Layout Predict: 100%|██████████| 30/30 [00:09<00:00,  3.04it/s]
2026-09-30 15:20:46.813 | DEBUG    | mineru.utils.model_utils:clean_vram:214 - gc time: 0.53
MFR Predict:   0%|          | 0/250 [00:00<?, ?it/s]MFR Predict:   6%|▋         | 16/250 [00:03<00:56,  4.13it/s]MFR Predict:  13%|█▎        | 32/250 [00:08<00:56,  3.86it/s]MFR Predict:  19%|█▉        | 48/250 [00:11<00:49,  4.12it/s]MFR Predict:  26%|██▌       | 64/250 [00:15<00:44,  4.17it/s]MFR Predict:  32%|███▏      | 80/250 [00:19<00:42,  3.98it/s]MFR Predict:  38%|███▊      | 96/250 [00:23<00:38,  4.04it/s]MFR Predict:  45%|████▍     | 112/250 [00:28<00:36,  3.83it/s]MFR Predict:  51%|█████     | 128/250 [00:32<00:30,  3.96it/s]MFR Predict:  58%|█████▊    | 144/250 [00:36<00:27,  3.90it/s]MFR Predict:  64%|██████▍   | 160/250 [00:41<00:24,  3.69it/s]MFR Predict:  70%|███████   | 176/250 [00:46<00:21,  3.47it/s]MFR Predict:  77%|███████▋  | 192/250 [00:51<00:17,  3.31it/s]MFR Predict:  83%|████████▎ | 208/250 [00:56<00:12,  3.25it/s]MFR Predict:  90%|████████▉ | 224/250 [01:03<00:08,  3.00it/s]MFR Predict: 100%|██████████| 250/250 [01:18<00:00,  2.30it/s]MFR Predict: 100%|██████████| 250/250 [01:18<00:00,  3.19it/s]
2026-09-30 15:22:05.736 | DEBUG    | mineru.utils.model_utils:clean_vram:214 - gc time: 0.59
Table-ocr det:   0%|          | 0/29 [00:00<?, ?it/s]Table-ocr det:   3%|▎         | 1/29 [00:00<00:05,  4.72it/s]Table-ocr det:  17%|█▋        | 5/29 [00:00<00:01, 15.03it/s]Table-ocr det:  24%|██▍       | 7/29 [00:00<00:01, 14.57it/s]Table-ocr det:  31%|███       | 9/29 [00:00<00:01, 13.02it/s]Table-ocr det:  38%|███▊      | 11/29 [00:00<00:01, 12.81it/s]Table-ocr det:  48%|████▊     | 14/29 [00:00<00:00, 16.02it/s]Table-ocr det:  59%|█████▊    | 17/29 [00:01<00:00, 18.79it/s]Table-ocr det:  69%|██████▉   | 20/29 [00:01<00:00, 20.10it/s]Table-ocr det:  79%|███████▉  | 23/29 [00:01<00:00, 22.57it/s]Table-ocr det:  93%|█████████▎| 27/29 [00:01<00:00, 25.50it/s]Table-ocr det: 100%|██████████| 29/29 [00:01<00:00, 18.81it/s]
Table-ocr rec en:   0%|          | 0/1322 [00:00<?, ?it/s]Table-ocr rec en:   0%|          | 6/1322 [00:00<01:30, 14.48it/s]Table-ocr rec en:   1%|          | 12/1322 [00:00<01:25, 15.25it/s]Table-ocr rec en:   1%|▏         | 18/1322 [00:01<01:08, 18.93it/s]Table-ocr rec en:   2%|▏         | 24/1322 [00:01<01:16, 16.91it/s]Table-ocr rec en:   2%|▏         | 30/1322 [00:01<01:11, 18.19it/s]Table-ocr rec en:   3%|▎         | 36/1322 [00:02<01:14, 17.28it/s]Table-ocr rec en:   3%|▎         | 42/1322 [00:02<01:09, 18.41it/s]Table-ocr rec en:   4%|▎         | 48/1322 [00:02<01:05, 19.43it/s]Table-ocr rec en:   4%|▍         | 54/1322 [00:02<01:03, 19.89it/s]Table-ocr rec en:   5%|▍         | 60/1322 [00:03<01:07, 18.77it/s]Table-ocr rec en:   5%|▍         | 66/1322 [00:03<01:14, 16.82it/s]Table-ocr rec en:   5%|▌         | 72/1322 [00:04<01:16, 16.41it/s]Table-ocr rec en:   6%|▌         | 78/1322 [00:04<01:28, 14.01it/s]Table-ocr rec en:   6%|▋         | 84/1322 [00:04<01:16, 16.21it/s]Table-ocr rec en:   7%|▋         | 90/1322 [00:05<01:11, 17.18it/s]Table-ocr rec en:   7%|▋         | 96/1322 [00:05<01:01, 19.92it/s]Table-ocr rec en:   8%|▊         | 102/1322 [00:05<01:10, 17.37it/s]Table-ocr rec en:   8%|▊         | 108/1322 [00:06<01:18, 15.47it/s]Table-ocr rec en:   9%|▊         | 114/1322 [00:06<01:18, 15.44it/s]Table-ocr rec en:   9%|▉         | 120/1322 [00:06<01:05, 18.42it/s]Table-ocr rec en:  10%|▉         | 126/1322 [00:07<01:03, 18.89it/s]Table-ocr rec en:  10%|▉         | 132/1322 [00:07<01:02, 18.95it/s]Table-ocr rec en:  10%|█         | 138/1322 [00:07<01:00, 19.66it/s]Table-ocr rec en:  11%|█         | 144/1322 [00:08<01:01, 19.16it/s]Table-ocr rec en:  11%|█▏        | 150/1322 [00:08<00:59, 19.79it/s]Table-ocr rec en:  12%|█▏        | 156/1322 [00:08<01:03, 18.25it/s]Table-ocr rec en:  12%|█▏        | 162/1322 [00:08<00:54, 21.44it/s]Table-ocr rec en:  13%|█▎        | 168/1322 [00:09<01:07, 17.13it/s]Table-ocr rec en:  13%|█▎        | 174/1322 [00:09<01:10, 16.31it/s]Table-ocr rec en:  14%|█▎        | 180/1322 [00:10<01:07, 16.96it/s]Table-ocr rec en:  14%|█▍        | 186/1322 [00:10<01:08, 16.53it/s]Table-ocr rec en:  15%|█▍        | 192/1322 [00:11<01:12, 15.52it/s]Table-ocr rec en:  15%|█▍        | 198/1322 [00:11<01:12, 15.43it/s]Table-ocr rec en:  15%|█▌        | 204/1322 [00:11<01:17, 14.41it/s]Table-ocr rec en:  16%|█▌        | 210/1322 [00:12<01:10, 15.84it/s]Table-ocr rec en:  16%|█▋        | 216/1322 [00:12<01:09, 15.93it/s]Table-ocr rec en:  17%|█▋        | 222/1322 [00:12<01:06, 16.65it/s]Table-ocr rec en:  17%|█▋        | 228/1322 [00:13<01:03, 17.16it/s]Table-ocr rec en:  18%|█▊        | 234/1322 [00:13<01:00, 18.00it/s]Table-ocr rec en:  18%|█▊        | 240/1322 [00:13<00:56, 19.18it/s]Table-ocr rec en:  19%|█▊        | 246/1322 [00:14<00:57, 18.66it/s]Table-ocr rec en:  19%|█▉        | 252/1322 [00:14<00:59, 18.00it/s]Table-ocr rec en:  20%|█▉        | 258/1322 [00:14<01:02, 17.14it/s]Table-ocr rec en:  20%|█▉        | 264/1322 [00:15<01:05, 16.15it/s]Table-ocr rec en:  20%|██        | 270/1322 [00:15<01:04, 16.37it/s]Table-ocr rec en:  21%|██        | 276/1322 [00:16<01:08, 15.36it/s]Table-ocr rec en:  21%|██▏       | 282/1322 [00:16<01:04, 16.04it/s]Table-ocr rec en:  22%|██▏       | 288/1322 [00:16<01:04, 16.14it/s]Table-ocr rec en:  22%|██▏       | 294/1322 [00:17<01:00, 17.11it/s]Table-ocr rec en:  23%|██▎       | 300/1322 [00:17<00:56, 18.08it/s]Table-ocr rec en:  23%|██▎       | 306/1322 [00:17<01:00, 16.84it/s]Table-ocr rec en:  24%|██▎       | 312/1322 [00:18<01:02, 16.24it/s]Table-ocr rec en:  24%|██▍       | 318/1322 [00:18<00:59, 16.92it/s]Table-ocr rec en:  25%|██▍       | 324/1322 [00:19<01:04, 15.43it/s]Table-ocr rec en:  25%|██▍       | 330/1322 [00:19<00:55, 17.96it/s]Table-ocr rec en:  25%|██▌       | 336/1322 [00:19<00:50, 19.55it/s]Table-ocr rec en:  26%|██▌       | 342/1322 [00:19<00:48, 20.03it/s]Table-ocr rec en:  26%|██▋       | 348/1322 [00:20<00:49, 19.70it/s]Table-ocr rec en:  27%|██▋       | 354/1322 [00:20<00:48, 20.11it/s]Table-ocr rec en:  27%|██▋       | 360/1322 [00:20<00:50, 18.87it/s]Table-ocr rec en:  28%|██▊       | 366/1322 [00:21<00:55, 17.26it/s]Table-ocr rec en:  28%|██▊       | 372/1322 [00:21<00:48, 19.61it/s]Table-ocr rec en:  29%|██▊       | 378/1322 [00:21<00:52, 18.07it/s]Table-ocr rec en:  29%|██▉       | 384/1322 [00:22<00:54, 17.19it/s]Table-ocr rec en:  30%|██▉       | 390/1322 [00:22<00:52, 17.65it/s]Table-ocr rec en:  30%|██▉       | 396/1322 [00:22<00:53, 17.45it/s]Table-ocr rec en:  30%|███       | 402/1322 [00:23<00:49, 18.75it/s]Table-ocr rec en:  31%|███       | 408/1322 [00:23<00:48, 18.98it/s]Table-ocr rec en:  31%|███▏      | 414/1322 [00:23<00:49, 18.52it/s]Table-ocr rec en:  32%|███▏      | 420/1322 [00:24<00:50, 17.70it/s]Table-ocr rec en:  32%|███▏      | 426/1322 [00:24<00:53, 16.74it/s]Table-ocr rec en:  33%|███▎      | 432/1322 [00:24<00:51, 17.28it/s]Table-ocr rec en:  33%|███▎      | 438/1322 [00:25<00:49, 17.83it/s]Table-ocr rec en:  34%|███▎      | 444/1322 [00:25<00:48, 18.13it/s]Table-ocr rec en:  34%|███▍      | 450/1322 [00:25<00:50, 17.13it/s]Table-ocr rec en:  34%|███▍      | 456/1322 [00:26<00:48, 17.87it/s]Table-ocr rec en:  35%|███▍      | 462/1322 [00:26<00:46, 18.42it/s]Table-ocr rec en:  35%|███▌      | 468/1322 [00:26<00:45, 18.85it/s]Table-ocr rec en:  36%|███▌      | 474/1322 [00:27<00:44, 19.07it/s]Table-ocr rec en:  36%|███▋      | 480/1322 [00:27<01:00, 13.95it/s]Table-ocr rec en:  37%|███▋      | 486/1322 [00:28<00:53, 15.52it/s]Table-ocr rec en:  37%|███▋      | 492/1322 [00:28<00:45, 18.19it/s]Table-ocr rec en:  38%|███▊      | 498/1322 [00:28<00:45, 17.96it/s]Table-ocr rec en:  38%|███▊      | 504/1322 [00:28<00:42, 19.06it/s]Table-ocr rec en:  39%|███▊      | 510/1322 [00:29<00:38, 20.97it/s]Table-ocr rec en:  39%|███▉      | 516/1322 [00:29<00:43, 18.39it/s]Table-ocr rec en:  39%|███▉      | 522/1322 [00:29<00:38, 20.64it/s]Table-ocr rec en:  40%|███▉      | 528/1322 [00:29<00:37, 21.38it/s]Table-ocr rec en:  40%|████      | 534/1322 [00:30<00:37, 20.75it/s]Table-ocr rec en:  41%|████      | 540/1322 [00:30<00:41, 18.73it/s]Table-ocr rec en:  41%|████▏     | 546/1322 [00:30<00:40, 19.10it/s]Table-ocr rec en:  42%|████▏     | 552/1322 [00:31<00:47, 16.28it/s]Table-ocr rec en:  42%|████▏     | 558/1322 [00:32<00:55, 13.77it/s]Table-ocr rec en:  43%|████▎     | 564/1322 [00:32<00:50, 14.92it/s]Table-ocr rec en:  43%|████▎     | 570/1322 [00:32<00:46, 16.27it/s]Table-ocr rec en:  44%|████▎     | 576/1322 [00:33<00:49, 15.06it/s]Table-ocr rec en:  44%|████▍     | 582/1322 [00:33<00:50, 14.66it/s]Table-ocr rec en:  44%|████▍     | 588/1322 [00:33<00:51, 14.18it/s]Table-ocr rec en:  45%|████▍     | 594/1322 [00:34<00:43, 16.83it/s]Table-ocr rec en:  45%|████▌     | 600/1322 [00:34<00:44, 16.31it/s]Table-ocr rec en:  46%|████▌     | 606/1322 [00:35<00:45, 15.70it/s]Table-ocr rec en:  46%|████▋     | 612/1322 [00:35<00:41, 17.20it/s]Table-ocr rec en:  47%|████▋     | 618/1322 [00:35<00:39, 18.03it/s]Table-ocr rec en:  47%|████▋     | 624/1322 [00:35<00:38, 18.22it/s]Table-ocr rec en:  48%|████▊     | 630/1322 [00:36<00:40, 16.96it/s]Table-ocr rec en:  48%|████▊     | 636/1322 [00:36<00:36, 18.76it/s]Table-ocr rec en:  49%|████▊     | 642/1322 [00:36<00:38, 17.50it/s]Table-ocr rec en:  49%|████▉     | 648/1322 [00:37<00:43, 15.33it/s]Table-ocr rec en:  49%|████▉     | 654/1322 [00:37<00:39, 16.75it/s]Table-ocr rec en:  50%|████▉     | 660/1322 [00:37<00:34, 19.13it/s]Table-ocr rec en:  50%|█████     | 666/1322 [00:38<00:36, 17.99it/s]Table-ocr rec en:  51%|█████     | 672/1322 [00:38<00:35, 18.14it/s]Table-ocr rec en:  51%|█████▏    | 678/1322 [00:38<00:35, 18.14it/s]Table-ocr rec en:  52%|█████▏    | 684/1322 [00:39<00:35, 18.03it/s]Table-ocr rec en:  52%|█████▏    | 690/1322 [00:39<00:45, 13.99it/s]Table-ocr rec en:  53%|█████▎    | 696/1322 [00:40<00:38, 16.45it/s]Table-ocr rec en:  53%|█████▎    | 702/1322 [00:40<00:35, 17.71it/s]Table-ocr rec en:  54%|█████▎    | 708/1322 [00:40<00:39, 15.65it/s]Table-ocr rec en:  54%|█████▍    | 714/1322 [00:41<00:40, 15.13it/s]Table-ocr rec en:  54%|█████▍    | 720/1322 [00:41<00:41, 14.55it/s]Table-ocr rec en:  55%|█████▍    | 726/1322 [00:42<00:41, 14.29it/s]Table-ocr rec en:  55%|█████▌    | 732/1322 [00:42<00:35, 16.79it/s]Table-ocr rec en:  56%|█████▌    | 738/1322 [00:42<00:36, 15.87it/s]Table-ocr rec en:  56%|█████▋    | 744/1322 [00:43<00:32, 18.03it/s]Table-ocr rec en:  57%|█████▋    | 750/1322 [00:43<00:26, 21.61it/s]Table-ocr rec en:  57%|█████▋    | 756/1322 [00:43<00:28, 19.56it/s]Table-ocr rec en:  58%|█████▊    | 762/1322 [00:44<00:34, 16.43it/s]Table-ocr rec en:  58%|█████▊    | 768/1322 [00:44<00:32, 16.91it/s]Table-ocr rec en:  59%|█████▊    | 774/1322 [00:44<00:32, 16.65it/s]Table-ocr rec en:  59%|█████▉    | 780/1322 [00:45<00:28, 18.96it/s]Table-ocr rec en:  59%|█████▉    | 786/1322 [00:45<00:32, 16.39it/s]Table-ocr rec en:  60%|█████▉    | 792/1322 [00:45<00:34, 15.58it/s]Table-ocr rec en:  60%|██████    | 798/1322 [00:46<00:35, 14.82it/s]Table-ocr rec en:  61%|██████    | 804/1322 [00:46<00:32, 15.77it/s]Table-ocr rec en:  61%|██████▏   | 810/1322 [00:47<00:33, 15.50it/s]Table-ocr rec en:  62%|██████▏   | 816/1322 [00:47<00:32, 15.66it/s]Table-ocr rec en:  62%|██████▏   | 822/1322 [00:48<00:34, 14.36it/s]Table-ocr rec en:  63%|██████▎   | 828/1322 [00:48<00:30, 16.30it/s]Table-ocr rec en:  63%|██████▎   | 834/1322 [00:48<00:29, 16.30it/s]Table-ocr rec en:  64%|██████▎   | 840/1322 [00:48<00:28, 16.63it/s]Table-ocr rec en:  64%|██████▍   | 846/1322 [00:49<00:24, 19.31it/s]Table-ocr rec en:  64%|██████▍   | 852/1322 [00:49<00:30, 15.43it/s]Table-ocr rec en:  65%|██████▍   | 858/1322 [00:50<00:30, 15.27it/s]Table-ocr rec en:  65%|██████▌   | 864/1322 [00:50<00:30, 15.17it/s]Table-ocr rec en:  66%|██████▌   | 870/1322 [00:50<00:28, 15.66it/s]Table-ocr rec en:  66%|██████▋   | 876/1322 [00:51<00:29, 14.98it/s]Table-ocr rec en:  67%|██████▋   | 882/1322 [00:51<00:25, 17.02it/s]Table-ocr rec en:  67%|██████▋   | 888/1322 [00:51<00:24, 17.98it/s]Table-ocr rec en:  68%|██████▊   | 894/1322 [00:52<00:23, 18.02it/s]Table-ocr rec en:  68%|██████▊   | 900/1322 [00:52<00:24, 17.53it/s]Table-ocr rec en:  69%|██████▊   | 906/1322 [00:53<00:26, 15.94it/s]Table-ocr rec en:  69%|██████▉   | 912/1322 [00:53<00:24, 16.59it/s]Table-ocr rec en:  69%|██████▉   | 918/1322 [00:53<00:23, 16.89it/s]Table-ocr rec en:  70%|██████▉   | 924/1322 [00:54<00:23, 16.81it/s]Table-ocr rec en:  70%|███████   | 930/1322 [00:54<00:21, 18.41it/s]Table-ocr rec en:  71%|███████   | 936/1322 [00:54<00:19, 19.68it/s]Table-ocr rec en:  71%|███████▏  | 942/1322 [00:54<00:17, 21.86it/s]Table-ocr rec en:  72%|███████▏  | 948/1322 [00:55<00:16, 22.44it/s]Table-ocr rec en:  72%|███████▏  | 954/1322 [00:55<00:16, 22.59it/s]Table-ocr rec en:  73%|███████▎  | 960/1322 [00:55<00:17, 20.18it/s]Table-ocr rec en:  73%|███████▎  | 966/1322 [00:55<00:16, 22.18it/s]Table-ocr rec en:  74%|███████▎  | 972/1322 [00:56<00:15, 23.31it/s]Table-ocr rec en:  74%|███████▍  | 978/1322 [00:56<00:17, 19.38it/s]Table-ocr rec en:  74%|███████▍  | 984/1322 [00:56<00:16, 21.08it/s]Table-ocr rec en:  75%|███████▍  | 990/1322 [00:57<00:16, 20.38it/s]Table-ocr rec en:  75%|███████▌  | 996/1322 [00:57<00:15, 21.39it/s]Table-ocr rec en:  76%|███████▌  | 1002/1322 [00:57<00:17, 18.55it/s]Table-ocr rec en:  76%|███████▌  | 1008/1322 [00:57<00:15, 20.35it/s]Table-ocr rec en:  77%|███████▋  | 1014/1322 [00:58<00:15, 20.02it/s]Table-ocr rec en:  77%|███████▋  | 1020/1322 [00:58<00:16, 18.43it/s]Table-ocr rec en:  78%|███████▊  | 1026/1322 [00:58<00:15, 18.57it/s]Table-ocr rec en:  78%|███████▊  | 1032/1322 [00:59<00:16, 17.62it/s]Table-ocr rec en:  79%|███████▊  | 1038/1322 [00:59<00:17, 16.35it/s]Table-ocr rec en:  79%|███████▉  | 1044/1322 [01:00<00:16, 16.83it/s]Table-ocr rec en:  79%|███████▉  | 1050/1322 [01:00<00:16, 16.41it/s]Table-ocr rec en:  80%|███████▉  | 1056/1322 [01:00<00:16, 16.20it/s]Table-ocr rec en:  80%|████████  | 1062/1322 [01:01<00:14, 17.55it/s]Table-ocr rec en:  81%|████████  | 1068/1322 [01:01<00:16, 15.48it/s]Table-ocr rec en:  81%|████████  | 1074/1322 [01:02<00:15, 15.57it/s]Table-ocr rec en:  82%|████████▏ | 1080/1322 [01:02<00:14, 16.71it/s]Table-ocr rec en:  82%|████████▏ | 1086/1322 [01:02<00:12, 18.69it/s]Table-ocr rec en:  83%|████████▎ | 1092/1322 [01:02<00:12, 18.79it/s]Table-ocr rec en:  83%|████████▎ | 1098/1322 [01:03<00:12, 18.28it/s]Table-ocr rec en:  84%|████████▎ | 1104/1322 [01:03<00:11, 19.05it/s]Table-ocr rec en:  84%|████████▍ | 1110/1322 [01:03<00:10, 21.18it/s]Table-ocr rec en:  84%|████████▍ | 1116/1322 [01:04<00:10, 19.96it/s]Table-ocr rec en:  85%|████████▍ | 1122/1322 [01:04<00:09, 21.17it/s]Table-ocr rec en:  85%|████████▌ | 1128/1322 [01:04<00:10, 18.18it/s]Table-ocr rec en:  86%|████████▌ | 1134/1322 [01:05<00:11, 16.90it/s]Table-ocr rec en:  86%|████████▌ | 1140/1322 [01:05<00:09, 19.29it/s]Table-ocr rec en:  87%|████████▋ | 1146/1322 [01:05<00:08, 21.64it/s]Table-ocr rec en:  87%|████████▋ | 1152/1322 [01:05<00:07, 21.80it/s]Table-ocr rec en:  88%|████████▊ | 1158/1322 [01:06<00:08, 19.78it/s]Table-ocr rec en:  88%|████████▊ | 1164/1322 [01:06<00:07, 20.20it/s]Table-ocr rec en:  89%|████████▊ | 1170/1322 [01:06<00:08, 17.88it/s]Table-ocr rec en:  89%|████████▉ | 1176/1322 [01:07<00:08, 17.58it/s]Table-ocr rec en:  89%|████████▉ | 1182/1322 [01:07<00:08, 16.61it/s]Table-ocr rec en:  90%|████████▉ | 1188/1322 [01:07<00:07, 17.41it/s]Table-ocr rec en:  90%|█████████ | 1194/1322 [01:08<00:07, 17.55it/s]Table-ocr rec en:  91%|█████████ | 1200/1322 [01:08<00:07, 16.29it/s]Table-ocr rec en:  91%|█████████ | 1206/1322 [01:08<00:06, 18.31it/s]Table-ocr rec en:  92%|█████████▏| 1212/1322 [01:09<00:05, 18.75it/s]Table-ocr rec en:  92%|█████████▏| 1218/1322 [01:09<00:06, 16.17it/s]Table-ocr rec en:  93%|█████████▎| 1224/1322 [01:10<00:06, 15.19it/s]Table-ocr rec en:  93%|█████████▎| 1230/1322 [01:10<00:06, 13.94it/s]Table-ocr rec en:  93%|█████████▎| 1236/1322 [01:11<00:05, 14.83it/s]Table-ocr rec en:  94%|█████████▍| 1242/1322 [01:11<00:05, 14.98it/s]Table-ocr rec en:  94%|█████████▍| 1248/1322 [01:11<00:04, 15.24it/s]Table-ocr rec en:  95%|█████████▍| 1254/1322 [01:12<00:04, 15.46it/s]Table-ocr rec en:  95%|█████████▌| 1260/1322 [01:12<00:04, 14.83it/s]Table-ocr rec en:  96%|█████████▌| 1266/1322 [01:12<00:03, 16.97it/s]Table-ocr rec en:  96%|█████████▌| 1272/1322 [01:13<00:02, 17.48it/s]Table-ocr rec en:  97%|█████████▋| 1278/1322 [01:13<00:02, 20.75it/s]Table-ocr rec en:  97%|█████████▋| 1284/1322 [01:13<00:01, 20.04it/s]Table-ocr rec en:  98%|█████████▊| 1290/1322 [01:14<00:01, 17.41it/s]Table-ocr rec en:  98%|█████████▊| 1296/1322 [01:14<00:01, 16.82it/s]Table-ocr rec en:  98%|█████████▊| 1302/1322 [01:14<00:01, 15.96it/s]Table-ocr rec en:  99%|█████████▉| 1308/1322 [01:15<00:00, 17.98it/s]Table-ocr rec en:  99%|█████████▉| 1314/1322 [01:15<00:00, 16.30it/s]Table-ocr rec en: 100%|█████████▉| 1320/1322 [01:16<00:00, 16.39it/s]Table-ocr rec en: 100%|██████████| 1322/1322 [01:16<00:00, 15.40it/s]Table-ocr rec en: 100%|██████████| 1322/1322 [01:16<00:00, 17.35it/s]
Table-wireless Predict:   0%|          | 0/29 [00:00<?, ?it/s]Table-wireless Predict:  14%|█▍        | 4/29 [00:04<00:25,  1.02s/it]Table-wireless Predict:  28%|██▊       | 8/29 [00:06<00:17,  1.19it/s]Table-wireless Predict:  41%|████▏     | 12/29 [00:13<00:20,  1.21s/it]Table-wireless Predict:  55%|█████▌    | 16/29 [00:16<00:13,  1.07s/it]Table-wireless Predict:  69%|██████▉   | 20/29 [00:20<00:09,  1.01s/it]Table-wireless Predict:  83%|████████▎ | 24/29 [00:24<00:05,  1.04s/it]Table-wireless Predict:  97%|█████████▋| 28/29 [00:27<00:00,  1.10it/s]Table-wireless Predict: 100%|██████████| 29/29 [00:27<00:00,  1.17it/s]Table-wireless Predict: 100%|██████████| 29/29 [00:27<00:00,  1.04it/s]
Table-wired Predict:   0%|          | 0/24 [00:00<?, ?it/s]Table-wired Predict:   4%|▍         | 1/24 [00:00<00:14,  1.64it/s]Table-wired Predict:   8%|▊         | 2/24 [00:01<00:20,  1.06it/s]Table-wired Predict:  12%|█▎        | 3/24 [00:02<00:16,  1.31it/s]Table-wired Predict:  17%|█▋        | 4/24 [00:02<00:13,  1.48it/s]Table-wired Predict:  21%|██        | 5/24 [00:04<00:20,  1.07s/it]Table-wired Predict:  25%|██▌       | 6/24 [00:05<00:19,  1.06s/it]Table-wired Predict:  29%|██▉       | 7/24 [00:07<00:22,  1.31s/it]Table-wired Predict:  33%|███▎      | 8/24 [00:14<00:47,  2.99s/it]Table-wired Predict:  38%|███▊      | 9/24 [00:21<01:04,  4.33s/it]Table-wired Predict:  42%|████▏     | 10/24 [00:22<00:47,  3.38s/it]Table-wired Predict:  46%|████▌     | 11/24 [00:24<00:36,  2.83s/it]Table-wired Predict:  50%|█████     | 12/24 [00:26<00:32,  2.67s/it]Table-wired Predict:  54%|█████▍    | 13/24 [00:27<00:24,  2.19s/it]Table-wired Predict:  58%|█████▊    | 14/24 [00:28<00:18,  1.90s/it]Table-wired Predict:  62%|██████▎   | 15/24 [00:30<00:16,  1.87s/it]Table-wired Predict:  67%|██████▋   | 16/24 [00:32<00:14,  1.76s/it]Table-wired Predict:  71%|███████   | 17/24 [00:33<00:11,  1.65s/it]Table-wired Predict:  75%|███████▌  | 18/24 [00:34<00:08,  1.38s/it]Table-wired Predict:  79%|███████▉  | 19/24 [00:35<00:05,  1.18s/it]Table-wired Predict:  83%|████████▎ | 20/24 [00:35<00:04,  1.10s/it]Table-wired Predict:  88%|████████▊ | 21/24 [00:39<00:05,  1.71s/it]Table-wired Predict:  92%|█████████▏| 22/24 [00:39<00:02,  1.45s/it]Table-wired Predict:  96%|█████████▌| 23/24 [00:40<00:01,  1.22s/it]Table-wired Predict: 100%|██████████| 24/24 [00:42<00:00,  1.29s/it]Table-wired Predict: 100%|██████████| 24/24 [00:42<00:00,  1.75s/it]
OCR-det en:   0%|          | 0/49 [00:00<?, ?it/s]OCR-det en:   2%|▏         | 1/49 [00:00<00:11,  4.32it/s]OCR-det en:   6%|▌         | 3/49 [00:00<00:07,  5.86it/s]OCR-det en:  12%|█▏        | 6/49 [00:00<00:03, 10.84it/s]OCR-det en:  18%|█▊        | 9/49 [00:00<00:02, 13.86it/s]OCR-det en:  22%|██▏       | 11/49 [00:01<00:03, 11.91it/s]OCR-det en:  27%|██▋       | 13/49 [00:01<00:04,  7.28it/s]OCR-det en:  31%|███       | 15/49 [00:02<00:06,  4.99it/s]OCR-det en:  37%|███▋      | 18/49 [00:03<00:09,  3.18it/s]OCR-det en:  41%|████      | 20/49 [00:04<00:07,  3.63it/s]OCR-det en:  45%|████▍     | 22/49 [00:04<00:07,  3.68it/s]OCR-det en:  47%|████▋     | 23/49 [00:05<00:10,  2.41it/s]OCR-det en:  49%|████▉     | 24/49 [00:06<00:10,  2.49it/s]OCR-det en:  53%|█████▎    | 26/49 [00:06<00:09,  2.38it/s]OCR-det en:  55%|█████▌    | 27/49 [00:07<00:10,  2.01it/s]OCR-det en:  57%|█████▋    | 28/49 [00:07<00:09,  2.30it/s]OCR-det en:  61%|██████    | 30/49 [00:08<00:05,  3.18it/s]OCR-det en:  65%|██████▌   | 32/49 [00:08<00:04,  3.74it/s]OCR-det en:  71%|███████▏  | 35/49 [00:08<00:02,  5.88it/s]OCR-det en:  76%|███████▌  | 37/49 [00:08<00:01,  7.26it/s]OCR-det en:  80%|███████▉  | 39/49 [00:08<00:01,  8.35it/s]OCR-det en:  84%|████████▎ | 41/49 [00:09<00:00,  9.93it/s]OCR-det en:  88%|████████▊ | 43/49 [00:10<00:01,  3.66it/s]OCR-det en:  92%|█████████▏| 45/49 [00:10<00:00,  4.22it/s]OCR-det en:  96%|█████████▌| 47/49 [00:11<00:00,  4.76it/s]OCR-det en: 100%|██████████| 49/49 [00:11<00:00,  4.40it/s]
2026-09-30 15:24:46.737 | DEBUG    | mineru.utils.model_utils:clean_vram:214 - gc time: 0.56
Seal Predict: 0it [00:00, ?it/s]Seal Predict: 0it [00:00, ?it/s]
Processing pages:   0%|          | 0/30 [00:00<?, ?it/s]Processing pages:   3%|▎         | 1/30 [00:00<00:07,  3.94it/s]Processing pages:   7%|▋         | 2/30 [00:00<00:10,  2.66it/s]Processing pages:  10%|█         | 3/30 [00:00<00:08,  3.13it/s]Processing pages:  13%|█▎        | 4/30 [00:01<00:10,  2.37it/s]Processing pages:  17%|█▋        | 5/30 [00:02<00:11,  2.12it/s]Processing pages:  20%|██        | 6/30 [00:02<00:09,  2.61it/s]Processing pages:  23%|██▎       | 7/30 [00:03<00:12,  1.79it/s]Processing pages:  27%|██▋       | 8/30 [00:04<00:20,  1.07it/s]Processing pages:  30%|███       | 9/30 [00:05<00:15,  1.32it/s]Processing pages:  33%|███▎      | 10/30 [00:05<00:13,  1.54it/s]Processing pages:  37%|███▋      | 11/30 [00:06<00:11,  1.62it/s]Processing pages:  40%|████      | 12/30 [00:06<00:09,  1.95it/s]Processing pages:  43%|████▎     | 13/30 [00:07<00:11,  1.46it/s]Processing pages:  47%|████▋     | 14/30 [00:08<00:09,  1.70it/s]Processing pages:  50%|█████     | 15/30 [00:08<00:08,  1.71it/s]Processing pages:  53%|█████▎    | 16/30 [00:09<00:07,  1.85it/s]Processing pages:  57%|█████▋    | 17/30 [00:10<00:09,  1.44it/s]Processing pages:  60%|██████    | 18/30 [00:10<00:07,  1.59it/s]Processing pages:  63%|██████▎   | 19/30 [00:11<00:06,  1.66it/s]Processing pages:  67%|██████▋   | 20/30 [00:11<00:06,  1.45it/s]Processing pages:  70%|███████   | 21/30 [00:12<00:06,  1.44it/s]Processing pages:  73%|███████▎  | 22/30 [00:13<00:05,  1.44it/s]Processing pages:  77%|███████▋  | 23/30 [00:13<00:04,  1.66it/s]Processing pages:  80%|████████  | 24/30 [00:14<00:03,  1.58it/s]Processing pages:  83%|████████▎ | 25/30 [00:14<00:02,  2.00it/s]Processing pages:  87%|████████▋ | 26/30 [00:15<00:02,  1.89it/s]Processing pages:  90%|█████████ | 27/30 [00:15<00:01,  2.30it/s]Processing pages:  93%|█████████▎| 28/30 [00:15<00:00,  2.98it/s]Processing pages:  97%|█████████▋| 29/30 [00:16<00:00,  2.23it/s]Processing pages: 100%|██████████| 30/30 [00:16<00:00,  2.87it/s]
OCR-rec Predict:   0%|          | 0/18 [00:00<?, ?it/s][A
OCR-rec Predict:  33%|███▎      | 6/18 [00:00<00:00, 20.35it/s][A
OCR-rec Predict:  67%|██████▋   | 12/18 [00:00<00:00, 15.46it/s][A
OCR-rec Predict: 100%|██████████| 18/18 [00:03<00:00,  4.73it/s][AOCR-rec Predict: 100%|██████████| 18/18 [00:03<00:00,  5.87it/s]
2026-09-30 15:25:06.798 | DEBUG    | mineru.backend.pipeline.pipeline_analyze:_finalize_processing_window_context:130 - Pipeline doc ready: doc0 pages=30
Processing pages: 100%|██████████| 30/30 [00:19<00:00,  1.53it/s]
2026-09-30 15:25:06.824 | DEBUG    | mineru.backend.pipeline.pipeline_analyze:doc_analyze_streaming:320 - processing-window multi-file infer finished, cost: 274.04, speed: 0.109 page/s
2026-09-30 15:25:08.264 | INFO     | mineru.backend.pipeline.pipeline_analyze:doc_analyze_streaming:209 - Pipeline processing-window multi-file run. doc_count=1, total_pages=12, window_size=64, total_batches=1
2026-09-30 15:25:08.264 | DEBUG    | mineru.utils.pdf_image_tools:_load_images_from_pdf_bytes_range:289 - PDF image rendering uses 1 processes for pages 1-12: [(0, 11)]
2026-09-30 15:25:09.906 | INFO     | mineru.backend.pipeline.pipeline_analyze:doc_analyze_streaming:264 - Pipeline processing window batch 1/1: 12/12 pages, batch_pages=12, doc_slices=doc0:1-12
2026-09-30 15:25:09.907 | INFO     | mineru.backend.pipeline.pipeline_analyze:batch_image_analyze:364 - GPU Memory: 1 GB, Batch Ratio: 1. 
    ✓ Saved: 21. Modification mechanism, heavy metal coupling and ecological security risk assessment of phosphogypsum utilization in self-leveling mortar/auto/21. Modification mechanism, heavy metal coupling and ecological security risk assessment of phosphogypsum utilization in self-leveling mortar.md (121332 chars)

[15/72] Parsing: 22. The effects of admixtures on the durability pr...
Layout Predict:   0%|          | 0/12 [00:00<?, ?it/s]Layout Predict:   8%|▊         | 1/12 [00:00<00:03,  2.86it/s]Layout Predict:  17%|█▋        | 2/12 [00:00<00:03,  2.90it/s]Layout Predict:  25%|██▌       | 3/12 [00:01<00:02,  3.02it/s]Layout Predict:  33%|███▎      | 4/12 [00:01<00:02,  3.04it/s]Layout Predict:  42%|████▏     | 5/12 [00:01<00:02,  3.09it/s]Layout Predict:  50%|█████     | 6/12 [00:01<00:01,  3.12it/s]Layout Predict:  58%|█████▊    | 7/12 [00:02<00:01,  3.16it/s]Layout Predict:  67%|██████▋   | 8/12 [00:02<00:01,  3.18it/s]Layout Predict:  75%|███████▌  | 9/12 [00:02<00:00,  3.19it/s]Layout Predict:  83%|████████▎ | 10/12 [00:03<00:00,  3.16it/s]Layout Predict:  92%|█████████▏| 11/12 [00:03<00:00,  3.16it/s]Layout Predict: 100%|██████████| 12/12 [00:03<00:00,  3.16it/s]Layout Predict: 100%|██████████| 12/12 [00:03<00:00,  3.12it/s]
2026-09-30 15:25:14.276 | DEBUG    | mineru.utils.model_utils:clean_vram:214 - gc time: 0.49
MFR Predict:   0%|          | 0/42 [00:00<?, ?it/s]MFR Predict:  38%|███▊      | 16/42 [00:03<00:06,  4.12it/s]MFR Predict: 100%|██████████| 42/42 [00:11<00:00,  3.76it/s]MFR Predict: 100%|██████████| 42/42 [00:11<00:00,  3.79it/s]
2026-09-30 15:25:25.964 | DEBUG    | mineru.utils.model_utils:clean_vram:214 - gc time: 0.61
Table-ocr det:   0%|          | 0/2 [00:00<?, ?it/s]Table-ocr det:  50%|█████     | 1/2 [00:00<00:00,  4.40it/s]Table-ocr det: 100%|██████████| 2/2 [00:00<00:00,  7.26it/s]
Table-ocr rec en:   0%|          | 0/71 [00:00<?, ?it/s]Table-ocr rec en:   8%|▊         | 6/71 [00:00<00:04, 14.51it/s]Table-ocr rec en:  17%|█▋        | 12/71 [00:00<00:03, 15.88it/s]Table-ocr rec en:  25%|██▌       | 18/71 [00:01<00:03, 15.60it/s]Table-ocr rec en:  34%|███▍      | 24/71 [00:01<00:03, 14.31it/s]Table-ocr rec en:  42%|████▏     | 30/71 [00:01<00:02, 17.52it/s]Table-ocr rec en:  51%|█████     | 36/71 [00:02<00:01, 18.36it/s]Table-ocr rec en:  59%|█████▉    | 42/71 [00:02<00:01, 19.19it/s]Table-ocr rec en:  68%|██████▊   | 48/71 [00:02<00:01, 17.66it/s]Table-ocr rec en:  76%|███████▌  | 54/71 [00:03<00:00, 19.49it/s]Table-ocr rec en:  85%|████████▍ | 60/71 [00:03<00:00, 17.10it/s]Table-ocr rec en:  93%|█████████▎| 66/71 [00:03<00:00, 19.45it/s]Table-ocr rec en: 100%|██████████| 71/71 [00:04<00:00, 15.58it/s]Table-ocr rec en: 100%|██████████| 71/71 [00:04<00:00, 16.87it/s]
Table-wireless Predict:   0%|          | 0/2 [00:00<?, ?it/s]Table-wireless Predict: 100%|██████████| 2/2 [00:01<00:00,  1.49it/s]Table-wireless Predict: 100%|██████████| 2/2 [00:01<00:00,  1.49it/s]
Table-wired Predict:   0%|          | 0/2 [00:00<?, ?it/s]Table-wired Predict:  50%|█████     | 1/2 [00:00<00:00,  1.09it/s]Table-wired Predict: 100%|██████████| 2/2 [00:03<00:00,  2.13s/it]Table-wired Predict: 100%|██████████| 2/2 [00:03<00:00,  1.94s/it]
OCR-det en:   0%|          | 0/39 [00:00<?, ?it/s]OCR-det en:   8%|▊         | 3/39 [00:00<00:04,  8.48it/s]OCR-det en:  10%|█         | 4/39 [00:00<00:07,  4.40it/s]OCR-det en:  13%|█▎        | 5/39 [00:01<00:11,  2.99it/s]OCR-det en:  21%|██        | 8/39 [00:01<00:05,  6.00it/s]OCR-det en:  26%|██▌       | 10/39 [00:01<00:04,  6.63it/s]OCR-det en:  31%|███       | 12/39 [00:01<00:03,  7.20it/s]OCR-det en:  33%|███▎      | 13/39 [00:02<00:04,  5.87it/s]OCR-det en:  36%|███▌      | 14/39 [00:02<00:05,  4.77it/s]OCR-det en:  38%|███▊      | 15/39 [00:02<00:05,  4.71it/s]OCR-det en:  41%|████      | 16/39 [00:03<00:08,  2.80it/s]OCR-det en:  44%|████▎     | 17/39 [00:03<00:06,  3.22it/s]OCR-det en:  46%|████▌     | 18/39 [00:04<00:06,  3.07it/s]OCR-det en:  49%|████▊     | 19/39 [00:04<00:06,  3.07it/s]OCR-det en:  51%|█████▏    | 20/39 [00:04<00:05,  3.79it/s]OCR-det en:  54%|█████▍    | 21/39 [00:04<00:04,  4.08it/s]OCR-det en:  56%|█████▋    | 22/39 [00:05<00:04,  3.88it/s]OCR-det en:  62%|██████▏   | 24/39 [00:05<00:02,  5.47it/s]OCR-det en:  64%|██████▍   | 25/39 [00:05<00:03,  4.40it/s]OCR-det en:  67%|██████▋   | 26/39 [00:05<00:03,  3.92it/s]OCR-det en:  74%|███████▍  | 29/39 [00:06<00:01,  5.95it/s]OCR-det en:  77%|███████▋  | 30/39 [00:06<00:01,  5.75it/s]OCR-det en:  79%|███████▉  | 31/39 [00:08<00:04,  1.94it/s]OCR-det en:  87%|████████▋ | 34/39 [00:08<00:01,  3.53it/s]OCR-det en:  92%|█████████▏| 36/39 [00:08<00:00,  4.66it/s]OCR-det en:  97%|█████████▋| 38/39 [00:08<00:00,  6.10it/s]OCR-det en: 100%|██████████| 39/39 [00:08<00:00,  4.55it/s]
2026-09-30 15:25:45.360 | DEBUG    | mineru.utils.model_utils:clean_vram:214 - gc time: 0.56
Seal Predict: 0it [00:00, ?it/s]Seal Predict: 0it [00:00, ?it/s]
Processing pages:   0%|          | 0/12 [00:00<?, ?it/s]Processing pages:  17%|█▋        | 2/12 [00:00<00:01,  8.92it/s]Processing pages:  25%|██▌       | 3/12 [00:02<00:08,  1.09it/s]Processing pages:  33%|███▎      | 4/12 [00:03<00:08,  1.04s/it]Processing pages:  42%|████▏     | 5/12 [00:07<00:13,  1.92s/it]Processing pages:  50%|█████     | 6/12 [00:09<00:12,  2.09s/it]Processing pages:  58%|█████▊    | 7/12 [00:11<00:09,  1.97s/it]Processing pages:  67%|██████▋   | 8/12 [00:12<00:07,  1.78s/it]Processing pages:  75%|███████▌  | 9/12 [00:13<00:04,  1.62s/it]Processing pages:  83%|████████▎ | 10/12 [00:15<00:03,  1.55s/it]Processing pages:  92%|█████████▏| 11/12 [00:16<00:01,  1.34s/it]Processing pages: 100%|██████████| 12/12 [00:16<00:00,  1.01it/s]
OCR-rec Predict:   0%|          | 0/74 [00:00<?, ?it/s][A
OCR-rec Predict:   8%|▊         | 6/74 [00:00<00:04, 15.85it/s][A
OCR-rec Predict:  16%|█▌        | 12/74 [00:00<00:03, 15.57it/s][A
OCR-rec Predict:  24%|██▍       | 18/74 [00:01<00:03, 17.68it/s][A
OCR-rec Predict:  32%|███▏      | 24/74 [00:01<00:02, 18.05it/s][A
OCR-rec Predict:  41%|████      | 30/74 [00:01<00:02, 17.51it/s][A
OCR-rec Predict:  49%|████▊     | 36/74 [00:02<00:02, 15.23it/s][A
OCR-rec Predict:  57%|█████▋    | 42/74 [00:02<00:02, 13.74it/s][A
OCR-rec Predict:  65%|██████▍   | 48/74 [00:03<00:01, 14.53it/s][A
OCR-rec Predict:  73%|███████▎  | 54/74 [00:03<00:01, 12.44it/s][A
OCR-rec Predict:  81%|████████  | 60/74 [00:04<00:00, 14.13it/s][A
OCR-rec Predict:  89%|████████▉ | 66/74 [00:04<00:00, 12.44it/s][A
OCR-rec Predict:  97%|█████████▋| 72/74 [00:05<00:00, 10.70it/s][A
OCR-rec Predict: 100%|██████████| 74/74 [00:05<00:00,  9.28it/s][AOCR-rec Predict: 100%|██████████| 74/74 [00:05<00:00, 12.73it/s]
2026-09-30 15:26:08.055 | DEBUG    | mineru.backend.pipeline.pipeline_analyze:_finalize_processing_window_context:130 - Pipeline doc ready: doc0 pages=12
Processing pages: 100%|██████████| 12/12 [00:22<00:00,  1.84s/it]
2026-09-30 15:26:08.058 | DEBUG    | mineru.backend.pipeline.pipeline_analyze:doc_analyze_streaming:320 - processing-window multi-file infer finished, cost: 59.79, speed: 0.201 page/s
2026-09-30 15:26:09.798 | INFO     | mineru.backend.pipeline.pipeline_analyze:doc_analyze_streaming:209 - Pipeline processing-window multi-file run. doc_count=1, total_pages=16, window_size=64, total_batches=1
2026-09-30 15:26:09.798 | DEBUG    | mineru.utils.pdf_image_tools:_load_images_from_pdf_bytes_range:289 - PDF image rendering uses 1 processes for pages 1-16: [(0, 15)]
2026-09-30 15:26:10.821 | INFO     | mineru.backend.pipeline.pipeline_analyze:doc_analyze_streaming:264 - Pipeline processing window batch 1/1: 16/16 pages, batch_pages=16, doc_slices=doc0:1-16
2026-09-30 15:26:10.821 | INFO     | mineru.backend.pipeline.pipeline_analyze:batch_image_analyze:364 - GPU Memory: 1 GB, Batch Ratio: 1. 
    ✓ Saved: 22. The effects of admixtures on the durability properties of phosphogypsum-based cementitious materials/auto/22. The effects of admixtures on the durability properties of phosphogypsum-based cementitious materials.md (65386 chars)

[16/72] Parsing: 23. Preparation of Biofertilizer with Phosphogypsu...
Layout Predict:   0%|          | 0/16 [00:00<?, ?it/s]Layout Predict:   6%|▋         | 1/16 [00:00<00:05,  2.93it/s]Layout Predict:  12%|█▎        | 2/16 [00:00<00:04,  3.06it/s]Layout Predict:  19%|█▉        | 3/16 [00:00<00:04,  3.11it/s]Layout Predict:  25%|██▌       | 4/16 [00:01<00:03,  3.16it/s]Layout Predict:  31%|███▏      | 5/16 [00:01<00:03,  3.21it/s]Layout Predict:  38%|███▊      | 6/16 [00:01<00:03,  3.22it/s]Layout Predict:  44%|████▍     | 7/16 [00:02<00:02,  3.23it/s]Layout Predict:  50%|█████     | 8/16 [00:02<00:02,  3.24it/s]Layout Predict:  56%|█████▋    | 9/16 [00:02<00:02,  3.24it/s]Layout Predict:  62%|██████▎   | 10/16 [00:03<00:01,  3.27it/s]Layout Predict:  69%|██████▉   | 11/16 [00:03<00:01,  3.28it/s]Layout Predict:  75%|███████▌  | 12/16 [00:03<00:01,  3.23it/s]Layout Predict:  81%|████████▏ | 13/16 [00:04<00:00,  3.25it/s]Layout Predict:  88%|████████▊ | 14/16 [00:04<00:00,  3.25it/s]Layout Predict:  94%|█████████▍| 15/16 [00:04<00:00,  3.24it/s]Layout Predict: 100%|██████████| 16/16 [00:04<00:00,  3.27it/s]Layout Predict: 100%|██████████| 16/16 [00:04<00:00,  3.22it/s]
2026-09-30 15:26:16.369 | DEBUG    | mineru.utils.model_utils:clean_vram:214 - gc time: 0.54
MFR Predict:   0%|          | 0/147 [00:00<?, ?it/s]MFR Predict:  11%|█         | 16/147 [00:03<00:27,  4.76it/s]MFR Predict:  22%|██▏       | 32/147 [00:07<00:26,  4.36it/s]MFR Predict:  33%|███▎      | 48/147 [00:11<00:24,  4.03it/s]MFR Predict:  44%|████▎     | 64/147 [00:15<00:20,  4.14it/s]MFR Predict:  54%|█████▍    | 80/147 [00:20<00:17,  3.80it/s]MFR Predict:  65%|██████▌   | 96/147 [00:23<00:12,  4.01it/s]MFR Predict:  76%|███████▌  | 112/147 [00:27<00:08,  4.02it/s]MFR Predict:  87%|████████▋ | 128/147 [00:32<00:04,  3.89it/s]MFR Predict: 100%|██████████| 147/147 [00:41<00:00,  2.92it/s]MFR Predict: 100%|██████████| 147/147 [00:41<00:00,  3.54it/s]
2026-09-30 15:26:58.494 | DEBUG    | mineru.utils.model_utils:clean_vram:214 - gc time: 0.58
Table-ocr det:   0%|          | 0/4 [00:00<?, ?it/s]Table-ocr det:  25%|██▌       | 1/4 [00:00<00:00,  4.25it/s]Table-ocr det:  75%|███████▌  | 3/4 [00:00<00:00,  9.23it/s]Table-ocr det: 100%|██████████| 4/4 [00:00<00:00,  9.83it/s]
Table-ocr rec en:   0%|          | 0/50 [00:00<?, ?it/s]Table-ocr rec en:  12%|█▏        | 6/50 [00:00<00:02, 19.92it/s]Table-ocr rec en:  24%|██▍       | 12/50 [00:00<00:02, 16.76it/s]Table-ocr rec en:  36%|███▌      | 18/50 [00:01<00:02, 15.81it/s]Table-ocr rec en:  48%|████▊     | 24/50 [00:01<00:01, 16.52it/s]Table-ocr rec en:  60%|██████    | 30/50 [00:01<00:01, 15.58it/s]Table-ocr rec en:  72%|███████▏  | 36/50 [00:02<00:01, 13.93it/s]Table-ocr rec en:  84%|████████▍ | 42/50 [00:02<00:00, 13.09it/s]Table-ocr rec en:  96%|█████████▌| 48/50 [00:03<00:00, 15.56it/s]Table-ocr rec en: 100%|██████████| 50/50 [00:03<00:00, 13.64it/s]Table-ocr rec en: 100%|██████████| 50/50 [00:03<00:00, 14.72it/s]
Table-wireless Predict:   0%|          | 0/4 [00:00<?, ?it/s]Table-wireless Predict: 100%|██████████| 4/4 [00:02<00:00,  1.86it/s]Table-wireless Predict: 100%|██████████| 4/4 [00:02<00:00,  1.86it/s]
Table-wired Predict:   0%|          | 0/4 [00:00<?, ?it/s]Table-wired Predict:  25%|██▌       | 1/4 [00:02<00:08,  2.81s/it]Table-wired Predict:  50%|█████     | 2/4 [00:08<00:09,  4.52s/it]Table-wired Predict:  75%|███████▌  | 3/4 [00:11<00:03,  3.71s/it]Table-wired Predict: 100%|██████████| 4/4 [00:12<00:00,  2.79s/it]Table-wired Predict: 100%|██████████| 4/4 [00:12<00:00,  3.16s/it]
OCR-det en:   0%|          | 0/37 [00:00<?, ?it/s]OCR-det en:   3%|▎         | 1/37 [00:00<00:26,  1.35it/s]OCR-det en:   5%|▌         | 2/37 [00:01<00:17,  2.03it/s]OCR-det en:  14%|█▎        | 5/37 [00:01<00:05,  5.94it/s]OCR-det en:  19%|█▉        | 7/37 [00:01<00:06,  4.63it/s]OCR-det en:  27%|██▋       | 10/37 [00:01<00:03,  7.24it/s]OCR-det en:  32%|███▏      | 12/37 [00:02<00:03,  6.97it/s]OCR-det en:  38%|███▊      | 14/37 [00:02<00:03,  6.72it/s]OCR-det en:  41%|████      | 15/37 [00:03<00:05,  4.02it/s]OCR-det en:  46%|████▌     | 17/37 [00:03<00:05,  3.78it/s]OCR-det en:  49%|████▊     | 18/37 [00:04<00:04,  4.01it/s]OCR-det en:  51%|█████▏    | 19/37 [00:04<00:05,  3.07it/s]OCR-det en:  54%|█████▍    | 20/37 [00:05<00:06,  2.55it/s]OCR-det en:  59%|█████▉    | 22/37 [00:05<00:04,  3.41it/s]OCR-det en:  65%|██████▍   | 24/37 [00:05<00:02,  4.82it/s]OCR-det en:  68%|██████▊   | 25/37 [00:05<00:02,  5.24it/s]OCR-det en:  70%|███████   | 26/37 [00:05<00:02,  5.04it/s]OCR-det en:  73%|███████▎  | 27/37 [00:06<00:02,  4.95it/s]OCR-det en:  76%|███████▌  | 28/37 [00:06<00:02,  4.50it/s]OCR-det en:  81%|████████  | 30/37 [00:07<00:02,  3.43it/s]OCR-det en:  84%|████████▍ | 31/37 [00:07<00:01,  3.54it/s]OCR-det en:  86%|████████▋ | 32/37 [00:08<00:01,  2.91it/s]OCR-det en:  92%|█████████▏| 34/37 [00:08<00:00,  3.19it/s]OCR-det en: 100%|██████████| 37/37 [00:08<00:00,  4.27it/s]
2026-09-30 15:27:26.486 | DEBUG    | mineru.utils.model_utils:clean_vram:214 - gc time: 0.61
Seal Predict: 0it [00:00, ?it/s]Seal Predict: 0it [00:00, ?it/s]
Processing pages:   0%|          | 0/16 [00:00<?, ?it/s]Processing pages:   6%|▋         | 1/16 [00:00<00:03,  4.18it/s]Processing pages:  19%|█▉        | 3/16 [00:00<00:01,  7.58it/s]Processing pages:  25%|██▌       | 4/16 [00:00<00:02,  5.75it/s]Processing pages:  31%|███▏      | 5/16 [00:01<00:03,  3.01it/s]Processing pages:  38%|███▊      | 6/16 [00:01<00:03,  3.29it/s]Processing pages:  44%|████▍     | 7/16 [00:02<00:04,  2.05it/s]Processing pages:  50%|█████     | 8/16 [00:03<00:04,  1.80it/s]Processing pages:  56%|█████▋    | 9/16 [00:04<00:05,  1.33it/s]Processing pages:  62%|██████▎   | 10/16 [00:04<00:04,  1.44it/s]Processing pages:  69%|██████▉   | 11/16 [00:05<00:03,  1.32it/s]Processing pages:  75%|███████▌  | 12/16 [00:06<00:03,  1.27it/s]Processing pages:  88%|████████▊ | 14/16 [00:07<00:01,  1.98it/s]Processing pages:  94%|█████████▍| 15/16 [00:07<00:00,  2.46it/s]
OCR-rec Predict:   0%|          | 0/7 [00:00<?, ?it/s][A
OCR-rec Predict:  86%|████████▌ | 6/7 [00:00<00:00, 11.69it/s][AOCR-rec Predict: 100%|██████████| 7/7 [00:00<00:00, 11.37it/s]
2026-09-30 15:27:34.992 | DEBUG    | mineru.backend.pipeline.pipeline_analyze:_finalize_processing_window_context:130 - Pipeline doc ready: doc0 pages=16
Processing pages: 100%|██████████| 16/16 [00:07<00:00,  2.03it/s]
2026-09-30 15:27:34.999 | DEBUG    | mineru.backend.pipeline.pipeline_analyze:doc_analyze_streaming:320 - processing-window multi-file infer finished, cost: 85.2, speed: 0.188 page/s
2026-09-30 15:27:36.813 | INFO     | mineru.backend.pipeline.pipeline_analyze:doc_analyze_streaming:209 - Pipeline processing-window multi-file run. doc_count=1, total_pages=16, window_size=64, total_batches=1
2026-09-30 15:27:36.814 | DEBUG    | mineru.utils.pdf_image_tools:_load_images_from_pdf_bytes_range:289 - PDF image rendering uses 1 processes for pages 1-16: [(0, 15)]
2026-09-30 15:27:38.022 | INFO     | mineru.backend.pipeline.pipeline_analyze:doc_analyze_streaming:264 - Pipeline processing window batch 1/1: 16/16 pages, batch_pages=16, doc_slices=doc0:1-16
2026-09-30 15:27:38.023 | INFO     | mineru.backend.pipeline.pipeline_analyze:batch_image_analyze:364 - GPU Memory: 1 GB, Batch Ratio: 1. 
    ✓ Saved: 23. Preparation of Biofertilizer with Phosphogypsum and Straw Microbial Community Changes and Plant Growth Effects/auto/23. Preparation of Biofertilizer with Phosphogypsum and Straw Microbial Community Changes and Plant Growth Effects.md (70481 chars)
[17/72] ⏭ Skipped (up-to-date registry): 24. Treatment of phosphogypsum waste produced from

[18/72] Parsing: 25. Process Optimization and Mechanism Study for S...
Layout Predict:   0%|          | 0/16 [00:00<?, ?it/s]Layout Predict:   6%|▋         | 1/16 [00:00<00:05,  2.92it/s]Layout Predict:  12%|█▎        | 2/16 [00:00<00:04,  3.05it/s]Layout Predict:  19%|█▉        | 3/16 [00:00<00:04,  3.09it/s]Layout Predict:  25%|██▌       | 4/16 [00:01<00:03,  3.09it/s]Layout Predict:  31%|███▏      | 5/16 [00:01<00:03,  3.11it/s]Layout Predict:  38%|███▊      | 6/16 [00:01<00:03,  3.12it/s]Layout Predict:  44%|████▍     | 7/16 [00:02<00:02,  3.06it/s]Layout Predict:  50%|█████     | 8/16 [00:02<00:02,  3.09it/s]Layout Predict:  56%|█████▋    | 9/16 [00:02<00:02,  3.11it/s]Layout Predict:  62%|██████▎   | 10/16 [00:03<00:01,  3.14it/s]Layout Predict:  69%|██████▉   | 11/16 [00:03<00:01,  3.19it/s]Layout Predict:  75%|███████▌  | 12/16 [00:03<00:01,  3.21it/s]Layout Predict:  81%|████████▏ | 13/16 [00:04<00:00,  3.23it/s]Layout Predict:  88%|████████▊ | 14/16 [00:04<00:00,  3.20it/s]Layout Predict:  94%|█████████▍| 15/16 [00:04<00:00,  3.19it/s]Layout Predict: 100%|██████████| 16/16 [00:05<00:00,  3.21it/s]Layout Predict: 100%|██████████| 16/16 [00:05<00:00,  3.15it/s]
2026-09-30 15:27:43.679 | DEBUG    | mineru.utils.model_utils:clean_vram:214 - gc time: 0.54
MFR Predict:   0%|          | 0/327 [00:00<?, ?it/s]MFR Predict:   5%|▍         | 16/327 [00:03<01:03,  4.92it/s]MFR Predict:  10%|▉         | 32/327 [00:06<00:57,  5.13it/s]MFR Predict:  15%|█▍        | 48/327 [00:09<00:54,  5.08it/s]MFR Predict:  20%|█▉        | 64/327 [00:13<00:54,  4.82it/s]MFR Predict:  24%|██▍       | 80/327 [00:16<00:54,  4.54it/s]MFR Predict:  29%|██▉       | 96/327 [00:20<00:52,  4.39it/s]MFR Predict:  34%|███▍      | 112/327 [00:24<00:49,  4.31it/s]MFR Predict:  39%|███▉      | 128/327 [00:28<00:47,  4.23it/s]MFR Predict:  44%|████▍     | 144/327 [00:32<00:44,  4.15it/s]MFR Predict:  49%|████▉     | 160/327 [00:36<00:40,  4.10it/s]MFR Predict:  54%|█████▍    | 176/327 [00:40<00:36,  4.09it/s]MFR Predict:  59%|█████▊    | 192/327 [00:44<00:32,  4.09it/s]MFR Predict:  64%|██████▎   | 208/327 [00:48<00:29,  4.07it/s]MFR Predict:  69%|██████▊   | 224/327 [00:52<00:25,  4.07it/s]MFR Predict:  73%|███████▎  | 240/327 [00:56<00:22,  3.91it/s]MFR Predict:  78%|███████▊  | 256/327 [01:00<00:18,  3.90it/s]MFR Predict:  83%|████████▎ | 272/327 [01:06<00:15,  3.60it/s]MFR Predict:  88%|████████▊ | 288/327 [01:11<00:11,  3.38it/s]MFR Predict:  93%|█████████▎| 304/327 [01:18<00:07,  3.01it/s]MFR Predict: 100%|██████████| 327/327 [01:35<00:00,  2.01it/s]MFR Predict: 100%|██████████| 327/327 [01:35<00:00,  3.41it/s]
2026-09-30 15:29:19.971 | DEBUG    | mineru.utils.model_utils:clean_vram:214 - gc time: 0.48
Table-ocr det:   0%|          | 0/2 [00:00<?, ?it/s]Table-ocr det:  50%|█████     | 1/2 [00:00<00:00,  3.88it/s]Table-ocr det: 100%|██████████| 2/2 [00:00<00:00,  6.39it/s]
Table-ocr rec en:   0%|          | 0/55 [00:00<?, ?it/s]Table-ocr rec en:  11%|█         | 6/55 [00:00<00:03, 13.94it/s]Table-ocr rec en:  22%|██▏       | 12/55 [00:00<00:02, 18.02it/s]Table-ocr rec en:  33%|███▎      | 18/55 [00:01<00:02, 16.16it/s]Table-ocr rec en:  44%|████▎     | 24/55 [00:01<00:02, 15.26it/s]Table-ocr rec en:  55%|█████▍    | 30/55 [00:01<00:01, 15.35it/s]Table-ocr rec en:  65%|██████▌   | 36/55 [00:02<00:01, 15.21it/s]Table-ocr rec en:  76%|███████▋  | 42/55 [00:02<00:00, 16.98it/s]Table-ocr rec en:  87%|████████▋ | 48/55 [00:02<00:00, 18.54it/s]Table-ocr rec en:  98%|█████████▊| 54/55 [00:03<00:00, 18.16it/s]Table-ocr rec en: 100%|██████████| 55/55 [00:03<00:00, 16.77it/s]
Table-wireless Predict:   0%|          | 0/2 [00:00<?, ?it/s]Table-wireless Predict: 100%|██████████| 2/2 [00:01<00:00,  1.38it/s]Table-wireless Predict: 100%|██████████| 2/2 [00:01<00:00,  1.38it/s]
Table-wired Predict:   0%|          | 0/2 [00:00<?, ?it/s]Table-wired Predict:  50%|█████     | 1/2 [00:00<00:00,  1.27it/s]Table-wired Predict: 100%|██████████| 2/2 [00:02<00:00,  1.62s/it]Table-wired Predict: 100%|██████████| 2/2 [00:02<00:00,  1.49s/it]
OCR-det en:   0%|          | 0/40 [00:00<?, ?it/s]OCR-det en:   8%|▊         | 3/40 [00:00<00:02, 15.64it/s]OCR-det en:  12%|█▎        | 5/40 [00:01<00:09,  3.80it/s]OCR-det en:  20%|██        | 8/40 [00:01<00:04,  6.81it/s]OCR-det en:  25%|██▌       | 10/40 [00:01<00:04,  6.78it/s]OCR-det en:  30%|███       | 12/40 [00:03<00:09,  3.00it/s]OCR-det en:  32%|███▎      | 13/40 [00:03<00:10,  2.68it/s]OCR-det en:  40%|████      | 16/40 [00:03<00:06,  3.96it/s]OCR-det en:  42%|████▎     | 17/40 [00:05<00:10,  2.29it/s]OCR-det en:  45%|████▌     | 18/40 [00:05<00:08,  2.69it/s]OCR-det en:  50%|█████     | 20/40 [00:05<00:05,  3.74it/s]OCR-det en:  57%|█████▊    | 23/40 [00:05<00:03,  4.39it/s]OCR-det en:  60%|██████    | 24/40 [00:06<00:03,  4.18it/s]OCR-det en:  65%|██████▌   | 26/40 [00:06<00:03,  4.25it/s]OCR-det en:  68%|██████▊   | 27/40 [00:07<00:03,  3.44it/s]OCR-det en:  70%|███████   | 28/40 [00:07<00:03,  3.31it/s]OCR-det en:  72%|███████▎  | 29/40 [00:08<00:03,  2.96it/s]OCR-det en:  75%|███████▌  | 30/40 [00:08<00:02,  3.44it/s]OCR-det en:  78%|███████▊  | 31/40 [00:08<00:02,  4.14it/s]OCR-det en:  80%|████████  | 32/40 [00:08<00:01,  4.81it/s]OCR-det en:  85%|████████▌ | 34/40 [00:08<00:00,  7.04it/s]OCR-det en:  92%|█████████▎| 37/40 [00:08<00:00, 10.66it/s]OCR-det en: 100%|██████████| 40/40 [00:08<00:00, 14.12it/s]OCR-det en: 100%|██████████| 40/40 [00:08<00:00,  4.56it/s]
2026-09-30 15:29:37.578 | DEBUG    | mineru.utils.model_utils:clean_vram:214 - gc time: 0.52
Seal Predict: 0it [00:00, ?it/s]Seal Predict: 0it [00:00, ?it/s]
Processing pages:   0%|          | 0/16 [00:00<?, ?it/s]Processing pages:   6%|▋         | 1/16 [00:00<00:06,  2.16it/s]Processing pages:  12%|█▎        | 2/16 [00:00<00:03,  3.83it/s]Processing pages:  19%|█▉        | 3/16 [00:01<00:06,  1.98it/s]Processing pages:  25%|██▌       | 4/16 [00:02<00:08,  1.36it/s]Processing pages:  31%|███▏      | 5/16 [00:03<00:08,  1.32it/s]Processing pages:  38%|███▊      | 6/16 [00:03<00:05,  1.69it/s]Processing pages:  44%|████▍     | 7/16 [00:04<00:07,  1.17it/s]Processing pages:  50%|█████     | 8/16 [00:05<00:07,  1.09it/s]Processing pages:  56%|█████▋    | 9/16 [00:07<00:08,  1.17s/it]Processing pages:  62%|██████▎   | 10/16 [00:07<00:05,  1.13it/s]Processing pages:  69%|██████▉   | 11/16 [00:08<00:03,  1.43it/s]Processing pages:  75%|███████▌  | 12/16 [00:08<00:02,  1.79it/s]Processing pages:  81%|████████▏ | 13/16 [00:10<00:02,  1.07it/s]Processing pages:  88%|████████▊ | 14/16 [00:10<00:01,  1.47it/s]Processing pages:  94%|█████████▍| 15/16 [00:10<00:00,  1.94it/s]Processing pages: 100%|██████████| 16/16 [00:10<00:00,  2.31it/s]
OCR-rec Predict:   0%|          | 0/20 [00:00<?, ?it/s][A
OCR-rec Predict:  30%|███       | 6/20 [00:00<00:00, 21.70it/s][A
OCR-rec Predict:  60%|██████    | 12/20 [00:00<00:00, 23.68it/s][A
OCR-rec Predict:  90%|█████████ | 18/20 [00:00<00:00, 19.74it/s][AOCR-rec Predict: 100%|██████████| 20/20 [00:01<00:00, 17.64it/s]
2026-09-30 15:29:50.047 | DEBUG    | mineru.backend.pipeline.pipeline_analyze:_finalize_processing_window_context:130 - Pipeline doc ready: doc0 pages=16
Processing pages: 100%|██████████| 16/16 [00:11<00:00,  1.34it/s]
2026-09-30 15:29:50.059 | DEBUG    | mineru.backend.pipeline.pipeline_analyze:doc_analyze_streaming:320 - processing-window multi-file infer finished, cost: 133.25, speed: 0.12 page/s
2026-09-30 15:29:52.428 | INFO     | mineru.backend.pipeline.pipeline_analyze:doc_analyze_streaming:209 - Pipeline processing-window multi-file run. doc_count=1, total_pages=15, window_size=64, total_batches=1
2026-09-30 15:29:52.429 | DEBUG    | mineru.utils.pdf_image_tools:_load_images_from_pdf_bytes_range:289 - PDF image rendering uses 1 processes for pages 1-15: [(0, 14)]
2026-09-30 15:29:53.313 | INFO     | mineru.backend.pipeline.pipeline_analyze:doc_analyze_streaming:264 - Pipeline processing window batch 1/1: 15/15 pages, batch_pages=15, doc_slices=doc0:1-15
2026-09-30 15:29:53.314 | INFO     | mineru.backend.pipeline.pipeline_analyze:batch_image_analyze:364 - GPU Memory: 1 GB, Batch Ratio: 1. 
    ✓ Saved: 25. Process Optimization and Mechanism Study for Sulfur Recovery from High-Silica Phosphogypsum via Carbothermal Reduction Smelting/auto/25. Process Optimization and Mechanism Study for Sulfur Recovery from High-Silica Phosphogypsum via Carbothermal Reduction Smelting.md (75848 chars)
[19/72] ⏭ Skipped (up-to-date registry): 26. Thermal behaviour of Moroccan phosphogypsum.pd
[20/72] ⏭ Skipped (up-to-date registry): 27. An effective treatment method for phosphogypsu

[21/72] Parsing: 28. Utilization of phosphogypsum in CO2 mineral se...
Layout Predict:   0%|          | 0/15 [00:00<?, ?it/s]Layout Predict:   7%|▋         | 1/15 [00:00<00:04,  2.81it/s]Layout Predict:  13%|█▎        | 2/15 [00:00<00:04,  3.00it/s]Layout Predict:  20%|██        | 3/15 [00:01<00:03,  3.03it/s]Layout Predict:  27%|██▋       | 4/15 [00:01<00:03,  3.06it/s]Layout Predict:  33%|███▎      | 5/15 [00:01<00:03,  3.09it/s]Layout Predict:  40%|████      | 6/15 [00:01<00:02,  3.14it/s]Layout Predict:  47%|████▋     | 7/15 [00:02<00:02,  3.17it/s]Layout Predict:  53%|█████▎    | 8/15 [00:02<00:02,  3.17it/s]Layout Predict:  60%|██████    | 9/15 [00:02<00:01,  3.16it/s]Layout Predict:  67%|██████▋   | 10/15 [00:03<00:01,  3.17it/s]Layout Predict:  73%|███████▎  | 11/15 [00:03<00:01,  3.18it/s]Layout Predict:  80%|████████  | 12/15 [00:03<00:00,  3.20it/s]Layout Predict:  87%|████████▋ | 13/15 [00:04<00:00,  3.21it/s]Layout Predict:  93%|█████████▎| 14/15 [00:04<00:00,  3.17it/s]Layout Predict: 100%|██████████| 15/15 [00:04<00:00,  3.17it/s]Layout Predict: 100%|██████████| 15/15 [00:04<00:00,  3.14it/s]
2026-09-30 15:29:58.655 | DEBUG    | mineru.utils.model_utils:clean_vram:214 - gc time: 0.53
MFR Predict:   0%|          | 0/169 [00:00<?, ?it/s]MFR Predict:   9%|▉         | 16/169 [00:04<00:39,  3.92it/s]MFR Predict:  19%|█▉        | 32/169 [00:07<00:31,  4.31it/s]MFR Predict:  28%|██▊       | 48/169 [00:11<00:28,  4.22it/s]MFR Predict:  38%|███▊      | 64/169 [00:15<00:26,  4.01it/s]MFR Predict:  47%|████▋     | 80/169 [00:20<00:22,  3.89it/s]MFR Predict:  57%|█████▋    | 96/169 [00:24<00:18,  3.89it/s]MFR Predict:  66%|██████▋   | 112/169 [00:28<00:14,  3.85it/s]MFR Predict:  76%|███████▌  | 128/169 [00:32<00:10,  3.95it/s]MFR Predict:  85%|████████▌ | 144/169 [00:36<00:06,  3.79it/s]MFR Predict: 100%|██████████| 169/169 [00:53<00:00,  2.32it/s]MFR Predict: 100%|██████████| 169/169 [00:53<00:00,  3.15it/s]
2026-09-30 15:30:52.800 | DEBUG    | mineru.utils.model_utils:clean_vram:214 - gc time: 0.53
Table-ocr det:   0%|          | 0/4 [00:00<?, ?it/s]Table-ocr det:  25%|██▌       | 1/4 [00:00<00:00,  3.90it/s]Table-ocr det:  75%|███████▌  | 3/4 [00:00<00:00,  9.22it/s]Table-ocr det: 100%|██████████| 4/4 [00:00<00:00,  9.18it/s]
Table-ocr rec en:   0%|          | 0/291 [00:00<?, ?it/s]Table-ocr rec en:   2%|▏         | 6/291 [00:00<00:13, 21.26it/s]Table-ocr rec en:   4%|▍         | 12/291 [00:00<00:18, 14.78it/s]Table-ocr rec en:   6%|▌         | 18/291 [00:00<00:14, 18.74it/s]Table-ocr rec en:   8%|▊         | 24/291 [00:01<00:14, 18.33it/s]Table-ocr rec en:  10%|█         | 30/291 [00:01<00:14, 18.49it/s]Table-ocr rec en:  12%|█▏        | 36/291 [00:02<00:15, 16.57it/s]Table-ocr rec en:  14%|█▍        | 42/291 [00:02<00:15, 16.58it/s]Table-ocr rec en:  16%|█▋        | 48/291 [00:02<00:14, 17.28it/s]Table-ocr rec en:  19%|█▊        | 54/291 [00:03<00:12, 19.00it/s]Table-ocr rec en:  21%|██        | 60/291 [00:03<00:15, 14.55it/s]Table-ocr rec en:  23%|██▎       | 66/291 [00:03<00:13, 16.52it/s]Table-ocr rec en:  25%|██▍       | 72/291 [00:04<00:12, 17.75it/s]Table-ocr rec en:  27%|██▋       | 78/291 [00:04<00:11, 18.48it/s]Table-ocr rec en:  29%|██▉       | 84/291 [00:04<00:12, 15.98it/s]Table-ocr rec en:  31%|███       | 90/291 [00:05<00:13, 14.56it/s]Table-ocr rec en:  33%|███▎      | 96/291 [00:05<00:12, 15.58it/s]Table-ocr rec en:  35%|███▌      | 102/291 [00:06<00:11, 17.13it/s]Table-ocr rec en:  37%|███▋      | 108/291 [00:06<00:09, 19.15it/s]Table-ocr rec en:  39%|███▉      | 114/291 [00:06<00:09, 18.00it/s]Table-ocr rec en:  41%|████      | 120/291 [00:07<00:10, 15.59it/s]Table-ocr rec en:  43%|████▎     | 126/291 [00:07<00:11, 14.71it/s]Table-ocr rec en:  45%|████▌     | 132/291 [00:08<00:10, 14.70it/s]Table-ocr rec en:  47%|████▋     | 138/291 [00:08<00:08, 17.35it/s]Table-ocr rec en:  49%|████▉     | 144/291 [00:08<00:08, 16.37it/s]Table-ocr rec en:  52%|█████▏    | 150/291 [00:08<00:08, 16.59it/s]Table-ocr rec en:  54%|█████▎    | 156/291 [00:09<00:08, 16.20it/s]Table-ocr rec en:  56%|█████▌    | 162/291 [00:09<00:07, 16.33it/s]Table-ocr rec en:  58%|█████▊    | 168/291 [00:10<00:07, 15.40it/s]Table-ocr rec en:  60%|█████▉    | 174/291 [00:10<00:06, 17.67it/s]Table-ocr rec en:  62%|██████▏   | 180/291 [00:10<00:05, 19.36it/s]Table-ocr rec en:  64%|██████▍   | 186/291 [00:11<00:06, 17.21it/s]Table-ocr rec en:  66%|██████▌   | 192/291 [00:11<00:06, 15.01it/s]Table-ocr rec en:  68%|██████▊   | 198/291 [00:11<00:05, 16.64it/s]Table-ocr rec en:  70%|███████   | 204/291 [00:12<00:04, 18.21it/s]Table-ocr rec en:  72%|███████▏  | 210/291 [00:12<00:04, 18.89it/s]Table-ocr rec en:  74%|███████▍  | 216/291 [00:12<00:04, 17.12it/s]Table-ocr rec en:  76%|███████▋  | 222/291 [00:13<00:04, 16.71it/s]Table-ocr rec en:  78%|███████▊  | 228/291 [00:13<00:03, 18.66it/s]Table-ocr rec en:  80%|████████  | 234/291 [00:13<00:03, 18.93it/s]Table-ocr rec en:  82%|████████▏ | 240/291 [00:14<00:02, 20.06it/s]Table-ocr rec en:  85%|████████▍ | 246/291 [00:14<00:02, 22.36it/s]Table-ocr rec en:  87%|████████▋ | 252/291 [00:14<00:01, 20.70it/s]Table-ocr rec en:  89%|████████▊ | 258/291 [00:15<00:01, 17.00it/s]Table-ocr rec en:  91%|█████████ | 264/291 [00:15<00:01, 14.70it/s]Table-ocr rec en:  93%|█████████▎| 270/291 [00:15<00:01, 16.16it/s]Table-ocr rec en:  95%|█████████▍| 276/291 [00:16<00:00, 16.36it/s]Table-ocr rec en:  97%|█████████▋| 282/291 [00:16<00:00, 16.27it/s]Table-ocr rec en:  99%|█████████▉| 288/291 [00:17<00:00, 14.32it/s]Table-ocr rec en: 100%|██████████| 291/291 [00:17<00:00, 13.85it/s]Table-ocr rec en: 100%|██████████| 291/291 [00:17<00:00, 16.72it/s]
Table-wireless Predict:   0%|          | 0/4 [00:00<?, ?it/s]Table-wireless Predict: 100%|██████████| 4/4 [00:03<00:00,  1.19it/s]Table-wireless Predict: 100%|██████████| 4/4 [00:03<00:00,  1.19it/s]
Table-wired Predict:   0%|          | 0/2 [00:00<?, ?it/s]Table-wired Predict:  50%|█████     | 1/2 [00:01<00:01,  1.03s/it]Table-wired Predict: 100%|██████████| 2/2 [00:06<00:00,  3.83s/it]Table-wired Predict: 100%|██████████| 2/2 [00:06<00:00,  3.41s/it]
OCR-det en:   0%|          | 0/39 [00:00<?, ?it/s]OCR-det en:   5%|▌         | 2/39 [00:00<00:01, 18.97it/s]OCR-det en:  10%|█         | 4/39 [00:00<00:01, 19.19it/s]OCR-det en:  18%|█▊        | 7/39 [00:00<00:01, 22.96it/s]OCR-det en:  26%|██▌       | 10/39 [00:00<00:01, 23.62it/s]OCR-det en:  33%|███▎      | 13/39 [00:00<00:01, 14.72it/s]OCR-det en:  38%|███▊      | 15/39 [00:00<00:01, 14.46it/s]OCR-det en:  44%|████▎     | 17/39 [00:02<00:04,  4.73it/s]OCR-det en:  49%|████▊     | 19/39 [00:04<00:10,  1.97it/s]OCR-det en:  56%|█████▋    | 22/39 [00:05<00:06,  2.66it/s]OCR-det en:  59%|█████▉    | 23/39 [00:05<00:05,  2.84it/s]OCR-det en:  62%|██████▏   | 24/39 [00:05<00:05,  2.82it/s]OCR-det en:  64%|██████▍   | 25/39 [00:05<00:04,  3.17it/s]OCR-det en:  69%|██████▉   | 27/39 [00:06<00:03,  3.73it/s]OCR-det en:  77%|███████▋  | 30/39 [00:06<00:01,  5.22it/s]OCR-det en:  79%|███████▉  | 31/39 [00:06<00:01,  4.93it/s]OCR-det en:  87%|████████▋ | 34/39 [00:06<00:00,  7.50it/s]OCR-det en:  92%|█████████▏| 36/39 [00:07<00:00,  7.65it/s]OCR-det en: 100%|██████████| 39/39 [00:07<00:00, 10.52it/s]OCR-det en: 100%|██████████| 39/39 [00:07<00:00,  5.41it/s]
2026-09-30 15:31:28.751 | DEBUG    | mineru.utils.model_utils:clean_vram:214 - gc time: 0.61
Seal Predict: 0it [00:00, ?it/s]Seal Predict: 0it [00:00, ?it/s]
Processing pages:   0%|          | 0/15 [00:00<?, ?it/s]Processing pages:   7%|▋         | 1/15 [00:00<00:03,  3.80it/s]Processing pages:  13%|█▎        | 2/15 [00:00<00:04,  2.72it/s]Processing pages:  20%|██        | 3/15 [00:01<00:05,  2.15it/s]Processing pages:  27%|██▋       | 4/15 [00:01<00:04,  2.55it/s]Processing pages:  33%|███▎      | 5/15 [00:02<00:04,  2.19it/s]Processing pages:  40%|████      | 6/15 [00:02<00:03,  2.38it/s]Processing pages:  47%|████▋     | 7/15 [00:02<00:03,  2.35it/s]Processing pages:  53%|█████▎    | 8/15 [00:03<00:04,  1.58it/s]Processing pages:  60%|██████    | 9/15 [00:05<00:04,  1.33it/s]Processing pages:  67%|██████▋   | 10/15 [00:05<00:03,  1.46it/s]Processing pages:  73%|███████▎  | 11/15 [00:05<00:02,  1.70it/s]Processing pages:  80%|████████  | 12/15 [00:06<00:01,  1.85it/s]Processing pages:  87%|████████▋ | 13/15 [00:07<00:01,  1.70it/s]Processing pages:  93%|█████████▎| 14/15 [00:07<00:00,  2.17it/s]
OCR-rec Predict:   0%|          | 0/7 [00:00<?, ?it/s][A
OCR-rec Predict:  86%|████████▌ | 6/7 [00:00<00:00, 11.55it/s][AOCR-rec Predict: 100%|██████████| 7/7 [00:00<00:00, 10.40it/s]
2026-09-30 15:31:37.245 | DEBUG    | mineru.backend.pipeline.pipeline_analyze:_finalize_processing_window_context:130 - Pipeline doc ready: doc0 pages=15
Processing pages: 100%|██████████| 15/15 [00:07<00:00,  1.89it/s]
2026-09-30 15:31:37.249 | DEBUG    | mineru.backend.pipeline.pipeline_analyze:doc_analyze_streaming:320 - processing-window multi-file infer finished, cost: 104.82, speed: 0.143 page/s
2026-09-30 15:31:38.626 | INFO     | mineru.backend.pipeline.pipeline_analyze:doc_analyze_streaming:209 - Pipeline processing-window multi-file run. doc_count=1, total_pages=8, window_size=64, total_batches=1
2026-09-30 15:31:38.626 | DEBUG    | mineru.utils.pdf_image_tools:_load_images_from_pdf_bytes_range:289 - PDF image rendering uses 1 processes for pages 1-8: [(0, 7)]
2026-09-30 15:31:39.014 | INFO     | mineru.backend.pipeline.pipeline_analyze:doc_analyze_streaming:264 - Pipeline processing window batch 1/1: 8/8 pages, batch_pages=8, doc_slices=doc0:1-8
2026-09-30 15:31:39.014 | INFO     | mineru.backend.pipeline.pipeline_analyze:batch_image_analyze:364 - GPU Memory: 1 GB, Batch Ratio: 1. 
    ✓ Saved: 28. Utilization of phosphogypsum in CO2 mineral sequestration by producing potassium sulphate and calcium carbonate/auto/28. Utilization of phosphogypsum in CO2 mineral sequestration by producing potassium sulphate and calcium carbonate.md (62287 chars)

[22/72] Parsing: 29. Chemical treatment of phosphogypsum and its po...
Layout Predict:   0%|          | 0/8 [00:00<?, ?it/s]Layout Predict:  12%|█▎        | 1/8 [00:00<00:02,  2.79it/s]Layout Predict:  25%|██▌       | 2/8 [00:00<00:01,  3.03it/s]Layout Predict:  38%|███▊      | 3/8 [00:00<00:01,  3.14it/s]Layout Predict:  50%|█████     | 4/8 [00:01<00:01,  3.20it/s]Layout Predict:  62%|██████▎   | 5/8 [00:01<00:00,  3.19it/s]Layout Predict:  75%|███████▌  | 6/8 [00:01<00:00,  3.20it/s]Layout Predict:  88%|████████▊ | 7/8 [00:02<00:00,  3.23it/s]Layout Predict: 100%|██████████| 8/8 [00:02<00:00,  3.25it/s]Layout Predict: 100%|██████████| 8/8 [00:02<00:00,  3.19it/s]
2026-09-30 15:31:42.036 | DEBUG    | mineru.utils.model_utils:clean_vram:214 - gc time: 0.49
MFR Predict:   0%|          | 0/64 [00:00<?, ?it/s]MFR Predict:  25%|██▌       | 16/64 [00:03<00:11,  4.17it/s]MFR Predict:  50%|█████     | 32/64 [00:07<00:07,  4.32it/s]MFR Predict:  75%|███████▌  | 48/64 [00:11<00:03,  4.08it/s]MFR Predict: 100%|██████████| 64/64 [00:20<00:00,  2.69it/s]MFR Predict: 100%|██████████| 64/64 [00:20<00:00,  3.09it/s]
2026-09-30 15:32:03.264 | DEBUG    | mineru.utils.model_utils:clean_vram:214 - gc time: 0.53
Table-ocr det:   0%|          | 0/4 [00:00<?, ?it/s]Table-ocr det:  25%|██▌       | 1/4 [00:00<00:00,  4.66it/s]Table-ocr det:  75%|███████▌  | 3/4 [00:00<00:00, 10.34it/s]Table-ocr det: 100%|██████████| 4/4 [00:00<00:00, 10.12it/s]
Table-ocr rec en:   0%|          | 0/146 [00:00<?, ?it/s]Table-ocr rec en:   4%|▍         | 6/146 [00:00<00:08, 15.57it/s]Table-ocr rec en:   8%|▊         | 12/146 [00:00<00:06, 21.94it/s]Table-ocr rec en:  12%|█▏        | 18/146 [00:00<00:06, 20.73it/s]Table-ocr rec en:  16%|█▋        | 24/146 [00:01<00:08, 15.03it/s]Table-ocr rec en:  21%|██        | 30/146 [00:01<00:07, 15.26it/s]Table-ocr rec en:  25%|██▍       | 36/146 [00:02<00:07, 15.23it/s]Table-ocr rec en:  29%|██▉       | 42/146 [00:02<00:07, 14.26it/s]Table-ocr rec en:  33%|███▎      | 48/146 [00:03<00:06, 15.22it/s]Table-ocr rec en:  37%|███▋      | 54/146 [00:03<00:05, 15.87it/s]Table-ocr rec en:  41%|████      | 60/146 [00:03<00:05, 15.83it/s]Table-ocr rec en:  45%|████▌     | 66/146 [00:04<00:04, 16.25it/s]Table-ocr rec en:  49%|████▉     | 72/146 [00:04<00:03, 18.92it/s]Table-ocr rec en:  53%|█████▎    | 78/146 [00:04<00:03, 19.11it/s]Table-ocr rec en:  58%|█████▊    | 84/146 [00:05<00:03, 17.34it/s]Table-ocr rec en:  62%|██████▏   | 90/146 [00:05<00:03, 17.12it/s]Table-ocr rec en:  66%|██████▌   | 96/146 [00:05<00:03, 16.45it/s]Table-ocr rec en:  70%|██████▉   | 102/146 [00:06<00:02, 17.53it/s]Table-ocr rec en:  74%|███████▍  | 108/146 [00:06<00:02, 16.31it/s]Table-ocr rec en:  78%|███████▊  | 114/146 [00:06<00:01, 18.45it/s]Table-ocr rec en:  82%|████████▏ | 120/146 [00:07<00:01, 19.11it/s]Table-ocr rec en:  86%|████████▋ | 126/146 [00:07<00:00, 20.90it/s]Table-ocr rec en:  90%|█████████ | 132/146 [00:07<00:00, 15.91it/s]Table-ocr rec en:  95%|█████████▍| 138/146 [00:08<00:00, 15.95it/s]Table-ocr rec en:  99%|█████████▊| 144/146 [00:08<00:00, 16.05it/s]Table-ocr rec en: 100%|██████████| 146/146 [00:09<00:00, 11.76it/s]Table-ocr rec en: 100%|██████████| 146/146 [00:09<00:00, 16.09it/s]
Table-wireless Predict:   0%|          | 0/4 [00:00<?, ?it/s]Table-wireless Predict: 100%|██████████| 4/4 [00:02<00:00,  1.35it/s]Table-wireless Predict: 100%|██████████| 4/4 [00:02<00:00,  1.35it/s]
Table-wired Predict:   0%|          | 0/4 [00:00<?, ?it/s]Table-wired Predict:  25%|██▌       | 1/4 [00:00<00:02,  1.05it/s]Table-wired Predict:  50%|█████     | 2/4 [00:02<00:02,  1.18s/it]Table-wired Predict:  75%|███████▌  | 3/4 [00:05<00:02,  2.23s/it]Table-wired Predict: 100%|██████████| 4/4 [00:09<00:00,  2.70s/it]Table-wired Predict: 100%|██████████| 4/4 [00:09<00:00,  2.30s/it]
OCR-det en:   0%|          | 0/47 [00:00<?, ?it/s]OCR-det en:   9%|▊         | 4/47 [00:00<00:01, 28.48it/s]OCR-det en:  15%|█▍        | 7/47 [00:00<00:01, 25.75it/s]OCR-det en:  21%|██▏       | 10/47 [00:00<00:03, 11.08it/s]OCR-det en:  28%|██▊       | 13/47 [00:00<00:02, 13.19it/s]OCR-det en:  32%|███▏      | 15/47 [00:01<00:02, 12.11it/s]OCR-det en:  36%|███▌      | 17/47 [00:01<00:03,  8.67it/s]OCR-det en:  43%|████▎     | 20/47 [00:01<00:03,  8.55it/s]OCR-det en:  47%|████▋     | 22/47 [00:01<00:02, 10.04it/s]OCR-det en:  55%|█████▌    | 26/47 [00:02<00:01, 14.07it/s]OCR-det en:  62%|██████▏   | 29/47 [00:02<00:01, 15.75it/s]OCR-det en:  68%|██████▊   | 32/47 [00:02<00:00, 16.40it/s]OCR-det en:  74%|███████▍  | 35/47 [00:02<00:00, 18.93it/s]OCR-det en:  83%|████████▎ | 39/47 [00:02<00:00, 18.07it/s]OCR-det en:  91%|█████████▏| 43/47 [00:02<00:00, 20.95it/s]OCR-det en: 100%|██████████| 47/47 [00:02<00:00, 24.17it/s]OCR-det en: 100%|██████████| 47/47 [00:02<00:00, 15.68it/s]
2026-09-30 15:32:28.592 | DEBUG    | mineru.utils.model_utils:clean_vram:214 - gc time: 0.54
Seal Predict: 0it [00:00, ?it/s]Seal Predict: 0it [00:00, ?it/s]
Processing pages:   0%|          | 0/8 [00:00<?, ?it/s]Processing pages:  25%|██▌       | 2/8 [00:00<00:00, 11.99it/s]Processing pages:  50%|█████     | 4/8 [00:01<00:01,  3.26it/s]Processing pages:  62%|██████▎   | 5/8 [00:01<00:01,  2.92it/s]Processing pages:  88%|████████▊ | 7/8 [00:01<00:00,  3.77it/s]
OCR-rec Predict:   0%|          | 0/3 [00:00<?, ?it/s][A
OCR-rec Predict: 100%|██████████| 3/3 [00:00<00:00,  9.91it/s][AOCR-rec Predict: 100%|██████████| 3/3 [00:00<00:00,  9.90it/s]
2026-09-30 15:32:31.377 | DEBUG    | mineru.backend.pipeline.pipeline_analyze:_finalize_processing_window_context:130 - Pipeline doc ready: doc0 pages=8
Processing pages: 100%|██████████| 8/8 [00:02<00:00,  3.60it/s]
2026-09-30 15:32:31.379 | DEBUG    | mineru.backend.pipeline.pipeline_analyze:doc_analyze_streaming:320 - processing-window multi-file infer finished, cost: 52.75, speed: 0.152 page/s
2026-09-30 15:32:32.990 | INFO     | mineru.backend.pipeline.pipeline_analyze:doc_analyze_streaming:209 - Pipeline processing-window multi-file run. doc_count=1, total_pages=22, window_size=64, total_batches=1
2026-09-30 15:32:32.991 | DEBUG    | mineru.utils.pdf_image_tools:_load_images_from_pdf_bytes_range:289 - PDF image rendering uses 1 processes for pages 1-22: [(0, 21)]
2026-09-30 15:32:34.217 | INFO     | mineru.backend.pipeline.pipeline_analyze:doc_analyze_streaming:264 - Pipeline processing window batch 1/1: 22/22 pages, batch_pages=22, doc_slices=doc0:1-22
2026-09-30 15:32:34.218 | INFO     | mineru.backend.pipeline.pipeline_analyze:batch_image_analyze:364 - GPU Memory: 1 GB, Batch Ratio: 1. 
    ✓ Saved: 29. Chemical treatment of phosphogypsum and its potential application for building and construction/auto/29. Chemical treatment of phosphogypsum and its potential application for building and construction.md (28900 chars)
[23/72] ⏭ Skipped (up-to-date registry): 3. Research progress on resource utilization of ph

[24/72] Parsing: 30. Effective and innovative procedures to use pho...
Layout Predict:   0%|          | 0/22 [00:00<?, ?it/s]Layout Predict:   5%|▍         | 1/22 [00:00<00:07,  2.89it/s]Layout Predict:   9%|▉         | 2/22 [00:00<00:06,  3.07it/s]Layout Predict:  14%|█▎        | 3/22 [00:00<00:06,  3.11it/s]Layout Predict:  18%|█▊        | 4/22 [00:01<00:05,  3.18it/s]Layout Predict:  23%|██▎       | 5/22 [00:01<00:05,  3.22it/s]Layout Predict:  27%|██▋       | 6/22 [00:01<00:04,  3.24it/s]Layout Predict:  32%|███▏      | 7/22 [00:02<00:04,  3.24it/s]Layout Predict:  36%|███▋      | 8/22 [00:02<00:04,  3.23it/s]Layout Predict:  41%|████      | 9/22 [00:02<00:04,  3.22it/s]Layout Predict:  45%|████▌     | 10/22 [00:03<00:03,  3.23it/s]Layout Predict:  50%|█████     | 11/22 [00:03<00:03,  3.24it/s]Layout Predict:  55%|█████▍    | 12/22 [00:03<00:03,  3.26it/s]Layout Predict:  59%|█████▉    | 13/22 [00:04<00:02,  3.25it/s]Layout Predict:  64%|██████▎   | 14/22 [00:04<00:02,  3.25it/s]Layout Predict:  68%|██████▊   | 15/22 [00:04<00:02,  3.24it/s]Layout Predict:  73%|███████▎  | 16/22 [00:04<00:01,  3.25it/s]Layout Predict:  77%|███████▋  | 17/22 [00:05<00:01,  3.27it/s]Layout Predict:  82%|████████▏ | 18/22 [00:05<00:01,  3.26it/s]Layout Predict:  86%|████████▋ | 19/22 [00:05<00:00,  3.25it/s]Layout Predict:  91%|█████████ | 20/22 [00:06<00:00,  3.23it/s]Layout Predict:  95%|█████████▌| 21/22 [00:06<00:00,  3.21it/s]Layout Predict: 100%|██████████| 22/22 [00:06<00:00,  3.24it/s]Layout Predict: 100%|██████████| 22/22 [00:06<00:00,  3.23it/s]
2026-09-30 15:32:41.634 | DEBUG    | mineru.utils.model_utils:clean_vram:214 - gc time: 0.54
MFR Predict:   0%|          | 0/196 [00:00<?, ?it/s]MFR Predict:   8%|▊         | 16/196 [00:03<00:38,  4.68it/s]MFR Predict:  16%|█▋        | 32/196 [00:06<00:34,  4.81it/s]MFR Predict:  24%|██▍       | 48/196 [00:10<00:33,  4.39it/s]MFR Predict:  33%|███▎      | 64/196 [00:14<00:31,  4.17it/s]MFR Predict:  41%|████      | 80/196 [00:18<00:28,  4.14it/s]MFR Predict:  49%|████▉     | 96/196 [00:22<00:24,  4.12it/s]MFR Predict:  57%|█████▋    | 112/196 [00:26<00:20,  4.07it/s]MFR Predict:  65%|██████▌   | 128/196 [00:31<00:17,  3.87it/s]MFR Predict:  73%|███████▎  | 144/196 [00:35<00:13,  3.85it/s]MFR Predict:  82%|████████▏ | 160/196 [00:40<00:09,  3.66it/s]MFR Predict:  90%|████████▉ | 176/196 [00:45<00:05,  3.41it/s]MFR Predict: 100%|██████████| 196/196 [00:57<00:00,  2.46it/s]MFR Predict: 100%|██████████| 196/196 [00:57<00:00,  3.38it/s]
2026-09-30 15:33:40.229 | DEBUG    | mineru.utils.model_utils:clean_vram:214 - gc time: 0.6
Table-ocr det:   0%|          | 0/10 [00:00<?, ?it/s]Table-ocr det:  10%|█         | 1/10 [00:00<00:01,  6.24it/s]Table-ocr det:  30%|███       | 3/10 [00:00<00:00, 10.58it/s]Table-ocr det:  50%|█████     | 5/10 [00:00<00:00, 11.88it/s]Table-ocr det:  70%|███████   | 7/10 [00:00<00:00, 12.60it/s]Table-ocr det:  90%|█████████ | 9/10 [00:00<00:00, 13.22it/s]Table-ocr det: 100%|██████████| 10/10 [00:00<00:00, 12.23it/s]
Table-ocr rec en:   0%|          | 0/577 [00:00<?, ?it/s]Table-ocr rec en:   1%|          | 6/577 [00:00<00:28, 19.71it/s]Table-ocr rec en:   2%|▏         | 12/577 [00:00<00:26, 21.64it/s]Table-ocr rec en:   3%|▎         | 18/577 [00:01<00:33, 16.47it/s]Table-ocr rec en:   4%|▍         | 24/577 [00:01<00:37, 14.56it/s]Table-ocr rec en:   5%|▌         | 30/577 [00:01<00:35, 15.37it/s]Table-ocr rec en:   6%|▌         | 36/577 [00:02<00:38, 14.10it/s]Table-ocr rec en:   7%|▋         | 42/577 [00:02<00:35, 14.91it/s]Table-ocr rec en:   8%|▊         | 48/577 [00:03<00:33, 15.75it/s]Table-ocr rec en:   9%|▉         | 54/577 [00:03<00:32, 16.26it/s]Table-ocr rec en:  10%|█         | 60/577 [00:03<00:32, 16.15it/s]Table-ocr rec en:  11%|█▏        | 66/577 [00:04<00:32, 15.50it/s]Table-ocr rec en:  12%|█▏        | 72/577 [00:04<00:33, 14.92it/s]Table-ocr rec en:  14%|█▎        | 78/577 [00:05<00:33, 14.89it/s]Table-ocr rec en:  15%|█▍        | 84/577 [00:05<00:29, 16.58it/s]Table-ocr rec en:  16%|█▌        | 90/577 [00:05<00:30, 15.82it/s]Table-ocr rec en:  17%|█▋        | 96/577 [00:06<00:29, 16.47it/s]Table-ocr rec en:  18%|█▊        | 102/577 [00:06<00:24, 19.29it/s]Table-ocr rec en:  19%|█▊        | 108/577 [00:06<00:24, 19.27it/s]Table-ocr rec en:  20%|█▉        | 114/577 [00:06<00:26, 17.72it/s]Table-ocr rec en:  21%|██        | 120/577 [00:07<00:27, 16.66it/s]Table-ocr rec en:  22%|██▏       | 126/577 [00:07<00:23, 19.44it/s]Table-ocr rec en:  23%|██▎       | 132/577 [00:07<00:24, 17.91it/s]Table-ocr rec en:  24%|██▍       | 138/577 [00:08<00:26, 16.57it/s]Table-ocr rec en:  25%|██▍       | 144/577 [00:08<00:27, 15.94it/s]Table-ocr rec en:  26%|██▌       | 150/577 [00:09<00:29, 14.63it/s]Table-ocr rec en:  27%|██▋       | 156/577 [00:09<00:28, 14.63it/s]Table-ocr rec en:  28%|██▊       | 162/577 [00:10<00:28, 14.37it/s]Table-ocr rec en:  29%|██▉       | 168/577 [00:10<00:28, 14.18it/s]Table-ocr rec en:  30%|███       | 174/577 [00:10<00:26, 15.43it/s]Table-ocr rec en:  31%|███       | 180/577 [00:11<00:24, 16.18it/s]Table-ocr rec en:  32%|███▏      | 186/577 [00:11<00:22, 17.02it/s]Table-ocr rec en:  33%|███▎      | 192/577 [00:11<00:23, 16.68it/s]Table-ocr rec en:  34%|███▍      | 198/577 [00:12<00:25, 14.62it/s]Table-ocr rec en:  35%|███▌      | 204/577 [00:12<00:24, 15.09it/s]Table-ocr rec en:  36%|███▋      | 210/577 [00:13<00:22, 15.98it/s]Table-ocr rec en:  37%|███▋      | 216/577 [00:13<00:20, 17.65it/s]Table-ocr rec en:  38%|███▊      | 222/577 [00:13<00:20, 17.68it/s]Table-ocr rec en:  40%|███▉      | 228/577 [00:14<00:20, 17.35it/s]Table-ocr rec en:  41%|████      | 234/577 [00:14<00:21, 15.62it/s]Table-ocr rec en:  42%|████▏     | 240/577 [00:14<00:22, 15.08it/s]Table-ocr rec en:  43%|████▎     | 246/577 [00:15<00:20, 16.26it/s]Table-ocr rec en:  44%|████▎     | 252/577 [00:15<00:19, 17.03it/s]Table-ocr rec en:  45%|████▍     | 258/577 [00:15<00:17, 18.75it/s]Table-ocr rec en:  46%|████▌     | 264/577 [00:16<00:15, 19.87it/s]Table-ocr rec en:  47%|████▋     | 270/577 [00:16<00:14, 20.86it/s]Table-ocr rec en:  48%|████▊     | 276/577 [00:16<00:14, 20.68it/s]Table-ocr rec en:  49%|████▉     | 282/577 [00:16<00:15, 19.23it/s]Table-ocr rec en:  50%|████▉     | 288/577 [00:17<00:17, 16.99it/s]Table-ocr rec en:  51%|█████     | 294/577 [00:17<00:15, 18.31it/s]Table-ocr rec en:  52%|█████▏    | 300/577 [00:18<00:15, 17.70it/s]Table-ocr rec en:  53%|█████▎    | 306/577 [00:18<00:16, 16.80it/s]Table-ocr rec en:  54%|█████▍    | 312/577 [00:18<00:15, 17.44it/s]Table-ocr rec en:  55%|█████▌    | 318/577 [00:19<00:14, 17.87it/s]Table-ocr rec en:  56%|█████▌    | 324/577 [00:19<00:13, 18.35it/s]Table-ocr rec en:  57%|█████▋    | 330/577 [00:19<00:14, 17.61it/s]Table-ocr rec en:  58%|█████▊    | 336/577 [00:20<00:12, 18.96it/s]Table-ocr rec en:  59%|█████▉    | 342/577 [00:20<00:12, 19.10it/s]Table-ocr rec en:  60%|██████    | 348/577 [00:20<00:13, 16.79it/s]Table-ocr rec en:  61%|██████▏   | 354/577 [00:21<00:15, 14.60it/s]Table-ocr rec en:  62%|██████▏   | 360/577 [00:21<00:13, 15.71it/s]Table-ocr rec en:  63%|██████▎   | 366/577 [00:21<00:12, 16.56it/s]Table-ocr rec en:  64%|██████▍   | 372/577 [00:22<00:13, 15.36it/s]Table-ocr rec en:  66%|██████▌   | 378/577 [00:22<00:14, 13.59it/s]Table-ocr rec en:  67%|██████▋   | 384/577 [00:23<00:14, 13.57it/s]Table-ocr rec en:  68%|██████▊   | 390/577 [00:23<00:12, 14.86it/s]Table-ocr rec en:  69%|██████▊   | 396/577 [00:24<00:11, 15.71it/s]Table-ocr rec en:  70%|██████▉   | 402/577 [00:24<00:11, 15.46it/s]Table-ocr rec en:  71%|███████   | 408/577 [00:24<00:11, 15.34it/s]Table-ocr rec en:  72%|███████▏  | 414/577 [00:25<00:09, 16.84it/s]Table-ocr rec en:  73%|███████▎  | 420/577 [00:25<00:09, 16.22it/s]Table-ocr rec en:  74%|███████▍  | 426/577 [00:25<00:08, 17.46it/s]Table-ocr rec en:  75%|███████▍  | 432/577 [00:26<00:08, 17.40it/s]Table-ocr rec en:  76%|███████▌  | 438/577 [00:26<00:08, 16.82it/s]Table-ocr rec en:  77%|███████▋  | 444/577 [00:26<00:07, 16.79it/s]Table-ocr rec en:  78%|███████▊  | 450/577 [00:27<00:07, 18.08it/s]Table-ocr rec en:  79%|███████▉  | 456/577 [00:27<00:07, 16.51it/s]Table-ocr rec en:  80%|████████  | 462/577 [00:27<00:06, 17.19it/s]Table-ocr rec en:  81%|████████  | 468/577 [00:28<00:06, 17.66it/s]Table-ocr rec en:  82%|████████▏ | 474/577 [00:28<00:06, 17.06it/s]Table-ocr rec en:  83%|████████▎ | 480/577 [00:29<00:05, 16.74it/s]Table-ocr rec en:  84%|████████▍ | 486/577 [00:29<00:05, 17.47it/s]Table-ocr rec en:  85%|████████▌ | 492/577 [00:29<00:04, 17.48it/s]Table-ocr rec en:  86%|████████▋ | 498/577 [00:30<00:04, 16.37it/s]Table-ocr rec en:  87%|████████▋ | 504/577 [00:30<00:04, 15.81it/s]Table-ocr rec en:  88%|████████▊ | 510/577 [00:30<00:04, 15.14it/s]Table-ocr rec en:  89%|████████▉ | 516/577 [00:31<00:03, 15.67it/s]Table-ocr rec en:  90%|█████████ | 522/577 [00:31<00:03, 16.60it/s]Table-ocr rec en:  92%|█████████▏| 528/577 [00:32<00:03, 14.56it/s]Table-ocr rec en:  93%|█████████▎| 534/577 [00:32<00:03, 14.24it/s]Table-ocr rec en:  94%|█████████▎| 540/577 [00:33<00:02, 13.96it/s]Table-ocr rec en:  95%|█████████▍| 546/577 [00:33<00:02, 13.38it/s]Table-ocr rec en:  96%|█████████▌| 552/577 [00:33<00:01, 15.19it/s]Table-ocr rec en:  97%|█████████▋| 558/577 [00:34<00:01, 13.41it/s]Table-ocr rec en:  98%|█████████▊| 564/577 [00:34<00:01, 12.03it/s]Table-ocr rec en:  99%|█████████▉| 570/577 [00:35<00:00, 12.39it/s]Table-ocr rec en: 100%|█████████▉| 576/577 [00:35<00:00, 11.89it/s]Table-ocr rec en: 100%|██████████| 577/577 [00:36<00:00, 15.97it/s]
Table-wireless Predict:   0%|          | 0/10 [00:00<?, ?it/s]Table-wireless Predict:  40%|████      | 4/10 [00:04<00:06,  1.02s/it]Table-wireless Predict:  80%|████████  | 8/10 [00:10<00:02,  1.37s/it]Table-wireless Predict: 100%|██████████| 10/10 [00:12<00:00,  1.28s/it]Table-wireless Predict: 100%|██████████| 10/10 [00:12<00:00,  1.27s/it]
Table-wired Predict:   0%|          | 0/3 [00:00<?, ?it/s]Table-wired Predict:  33%|███▎      | 1/3 [00:05<00:10,  5.23s/it]Table-wired Predict:  67%|██████▋   | 2/3 [00:07<00:03,  3.28s/it]Table-wired Predict: 100%|██████████| 3/3 [00:08<00:00,  2.26s/it]Table-wired Predict: 100%|██████████| 3/3 [00:08<00:00,  2.73s/it]
OCR-det en:   0%|          | 0/44 [00:00<?, ?it/s]OCR-det en:   2%|▏         | 1/44 [00:00<00:09,  4.64it/s]OCR-det en:   9%|▉         | 4/44 [00:00<00:05,  7.88it/s]OCR-det en:  14%|█▎        | 6/44 [00:01<00:10,  3.79it/s]OCR-det en:  16%|█▌        | 7/44 [00:02<00:17,  2.09it/s]OCR-det en:  23%|██▎       | 10/44 [00:02<00:10,  3.34it/s]OCR-det en:  27%|██▋       | 12/44 [00:03<00:08,  3.89it/s]OCR-det en:  30%|██▉       | 13/44 [00:04<00:15,  1.94it/s]OCR-det en:  32%|███▏      | 14/44 [00:05<00:13,  2.24it/s]OCR-det en:  36%|███▋      | 16/44 [00:05<00:08,  3.33it/s]OCR-det en:  41%|████      | 18/44 [00:06<00:11,  2.25it/s]OCR-det en:  43%|████▎     | 19/44 [00:07<00:10,  2.34it/s]OCR-det en:  45%|████▌     | 20/44 [00:07<00:10,  2.36it/s]OCR-det en:  48%|████▊     | 21/44 [00:07<00:09,  2.46it/s]OCR-det en:  50%|█████     | 22/44 [00:08<00:08,  2.69it/s]OCR-det en:  55%|█████▍    | 24/44 [00:08<00:06,  3.04it/s]OCR-det en:  57%|█████▋    | 25/44 [00:11<00:16,  1.15it/s]OCR-det en:  59%|█████▉    | 26/44 [00:12<00:15,  1.14it/s]OCR-det en:  64%|██████▎   | 28/44 [00:12<00:08,  1.86it/s]OCR-det en:  66%|██████▌   | 29/44 [00:12<00:07,  1.91it/s]OCR-det en:  68%|██████▊   | 30/44 [00:12<00:05,  2.35it/s]OCR-det en:  70%|███████   | 31/44 [00:13<00:05,  2.36it/s]OCR-det en:  77%|███████▋  | 34/44 [00:13<00:02,  4.58it/s]OCR-det en:  84%|████████▍ | 37/44 [00:13<00:00,  7.05it/s]OCR-det en:  89%|████████▊ | 39/44 [00:13<00:00,  8.27it/s]OCR-det en:  95%|█████████▌| 42/44 [00:13<00:00, 10.54it/s]OCR-det en: 100%|██████████| 44/44 [00:13<00:00, 12.05it/s]OCR-det en: 100%|██████████| 44/44 [00:13<00:00,  3.16it/s]
2026-09-30 15:34:55.707 | DEBUG    | mineru.utils.model_utils:clean_vram:214 - gc time: 0.52
Seal Predict: 0it [00:00, ?it/s]Seal Predict: 0it [00:00, ?it/s]
Processing pages:   0%|          | 0/22 [00:00<?, ?it/s]Processing pages:   5%|▍         | 1/22 [00:00<00:04,  4.38it/s]Processing pages:   9%|▉         | 2/22 [00:00<00:04,  4.63it/s]Processing pages:  14%|█▎        | 3/22 [00:00<00:04,  4.55it/s]Processing pages:  18%|█▊        | 4/22 [00:01<00:05,  3.41it/s]Processing pages:  23%|██▎       | 5/22 [00:01<00:08,  2.11it/s]Processing pages:  27%|██▋       | 6/22 [00:02<00:06,  2.55it/s]Processing pages:  32%|███▏      | 7/22 [00:02<00:05,  2.95it/s]Processing pages:  36%|███▋      | 8/22 [00:03<00:06,  2.11it/s]Processing pages:  41%|████      | 9/22 [00:03<00:05,  2.48it/s]Processing pages:  45%|████▌     | 10/22 [00:03<00:04,  2.48it/s]Processing pages:  50%|█████     | 11/22 [00:04<00:05,  1.98it/s]Processing pages:  55%|█████▍    | 12/22 [00:05<00:08,  1.25it/s]Processing pages:  59%|█████▉    | 13/22 [00:06<00:07,  1.21it/s]Processing pages:  64%|██████▎   | 14/22 [00:06<00:04,  1.60it/s]Processing pages:  68%|██████▊   | 15/22 [00:07<00:03,  1.94it/s]Processing pages:  77%|███████▋  | 17/22 [00:07<00:01,  2.79it/s]Processing pages:  82%|████████▏ | 18/22 [00:07<00:01,  3.39it/s]Processing pages:  86%|████████▋ | 19/22 [00:07<00:00,  4.06it/s]Processing pages:  91%|█████████ | 20/22 [00:07<00:00,  4.78it/s]Processing pages:  95%|█████████▌| 21/22 [00:08<00:00,  5.51it/s]Processing pages: 100%|██████████| 22/22 [00:08<00:00,  3.13it/s]
OCR-rec Predict:   0%|          | 0/17 [00:00<?, ?it/s][A
OCR-rec Predict:  35%|███▌      | 6/17 [00:00<00:00, 15.58it/s][A
OCR-rec Predict:  71%|███████   | 12/17 [00:00<00:00, 12.55it/s][A
OCR-rec Predict: 100%|██████████| 17/17 [00:02<00:00,  7.21it/s][AOCR-rec Predict: 100%|██████████| 17/17 [00:02<00:00,  8.32it/s]
2026-09-30 15:35:07.095 | DEBUG    | mineru.backend.pipeline.pipeline_analyze:_finalize_processing_window_context:130 - Pipeline doc ready: doc0 pages=22
Processing pages: 100%|██████████| 22/22 [00:10<00:00,  2.04it/s]
2026-09-30 15:35:07.107 | DEBUG    | mineru.backend.pipeline.pipeline_analyze:doc_analyze_streaming:320 - processing-window multi-file infer finished, cost: 154.12, speed: 0.143 page/s
2026-09-30 15:35:08.837 | INFO     | mineru.backend.pipeline.pipeline_analyze:doc_analyze_streaming:209 - Pipeline processing-window multi-file run. doc_count=1, total_pages=12, window_size=64, total_batches=1
2026-09-30 15:35:08.837 | DEBUG    | mineru.utils.pdf_image_tools:_load_images_from_pdf_bytes_range:289 - PDF image rendering uses 1 processes for pages 1-12: [(0, 11)]
2026-09-30 15:35:09.491 | INFO     | mineru.backend.pipeline.pipeline_analyze:doc_analyze_streaming:264 - Pipeline processing window batch 1/1: 12/12 pages, batch_pages=12, doc_slices=doc0:1-12
2026-09-30 15:35:09.492 | INFO     | mineru.backend.pipeline.pipeline_analyze:batch_image_analyze:364 - GPU Memory: 1 GB, Batch Ratio: 1. 
    ✓ Saved: 30. Effective and innovative procedures to use phosphogypsum waste in different application domains review of the environmental, economic challenges and life cycle assessment/auto/30. Effective and innovative procedures to use phosphogypsum waste in different application domains review of the environmental, economic challenges and life cycle assessment.md (104408 chars)
[25/72] ⏭ Skipped (up-to-date registry): 31. A systematic review of cemented paste backfill

[26/72] Parsing: 32. Comparison of alternative management methods f...
Layout Predict:   0%|          | 0/12 [00:00<?, ?it/s]Layout Predict:   8%|▊         | 1/12 [00:00<00:03,  2.80it/s]Layout Predict:  17%|█▋        | 2/12 [00:00<00:03,  2.96it/s]Layout Predict:  25%|██▌       | 3/12 [00:01<00:02,  3.02it/s]Layout Predict:  33%|███▎      | 4/12 [00:01<00:02,  3.07it/s]Layout Predict:  42%|████▏     | 5/12 [00:01<00:02,  3.11it/s]Layout Predict:  50%|█████     | 6/12 [00:01<00:01,  3.13it/s]Layout Predict:  58%|█████▊    | 7/12 [00:02<00:01,  3.14it/s]Layout Predict:  67%|██████▋   | 8/12 [00:02<00:01,  3.12it/s]Layout Predict:  75%|███████▌  | 9/12 [00:02<00:00,  3.11it/s]Layout Predict:  83%|████████▎ | 10/12 [00:03<00:00,  3.13it/s]Layout Predict:  92%|█████████▏| 11/12 [00:03<00:00,  3.13it/s]Layout Predict: 100%|██████████| 12/12 [00:03<00:00,  3.16it/s]Layout Predict: 100%|██████████| 12/12 [00:03<00:00,  3.11it/s]
2026-09-30 15:35:13.994 | DEBUG    | mineru.utils.model_utils:clean_vram:214 - gc time: 0.61
MFR Predict:   0%|          | 0/90 [00:00<?, ?it/s]MFR Predict:  18%|█▊        | 16/90 [00:03<00:17,  4.24it/s]MFR Predict:  36%|███▌      | 32/90 [00:07<00:13,  4.36it/s]MFR Predict:  53%|█████▎    | 48/90 [00:11<00:09,  4.37it/s]MFR Predict:  71%|███████   | 64/90 [00:15<00:06,  4.17it/s]MFR Predict: 100%|██████████| 90/90 [00:26<00:00,  3.07it/s]MFR Predict: 100%|██████████| 90/90 [00:26<00:00,  3.45it/s]
2026-09-30 15:35:40.630 | DEBUG    | mineru.utils.model_utils:clean_vram:214 - gc time: 0.58
Table-ocr det:   0%|          | 0/7 [00:00<?, ?it/s]Table-ocr det:  14%|█▍        | 1/7 [00:00<00:01,  5.33it/s]Table-ocr det:  43%|████▎     | 3/7 [00:00<00:00, 10.04it/s]Table-ocr det:  71%|███████▏  | 5/7 [00:00<00:00, 10.28it/s]Table-ocr det: 100%|██████████| 7/7 [00:00<00:00, 11.30it/s]Table-ocr det: 100%|██████████| 7/7 [00:00<00:00, 10.47it/s]
Table-ocr rec en:   0%|          | 0/252 [00:00<?, ?it/s]Table-ocr rec en:   2%|▏         | 6/252 [00:00<00:14, 17.01it/s]Table-ocr rec en:   5%|▍         | 12/252 [00:00<00:11, 21.49it/s]Table-ocr rec en:   7%|▋         | 18/252 [00:00<00:11, 20.49it/s]Table-ocr rec en:  10%|▉         | 24/252 [00:01<00:10, 21.77it/s]Table-ocr rec en:  12%|█▏        | 30/252 [00:01<00:12, 18.30it/s]Table-ocr rec en:  14%|█▍        | 36/252 [00:01<00:11, 18.08it/s]Table-ocr rec en:  17%|█▋        | 42/252 [00:02<00:12, 16.63it/s]Table-ocr rec en:  19%|█▉        | 48/252 [00:02<00:11, 17.49it/s]Table-ocr rec en:  21%|██▏       | 54/252 [00:03<00:11, 16.86it/s]Table-ocr rec en:  24%|██▍       | 60/252 [00:03<00:11, 16.93it/s]Table-ocr rec en:  26%|██▌       | 66/252 [00:03<00:10, 18.37it/s]Table-ocr rec en:  29%|██▊       | 72/252 [00:03<00:09, 19.08it/s]Table-ocr rec en:  31%|███       | 78/252 [00:04<00:08, 19.41it/s]Table-ocr rec en:  33%|███▎      | 84/252 [00:04<00:08, 18.97it/s]Table-ocr rec en:  36%|███▌      | 90/252 [00:05<00:10, 15.39it/s]Table-ocr rec en:  38%|███▊      | 96/252 [00:05<00:10, 14.44it/s]Table-ocr rec en:  40%|████      | 102/252 [00:05<00:08, 17.14it/s]Table-ocr rec en:  43%|████▎     | 108/252 [00:06<00:09, 15.97it/s]Table-ocr rec en:  45%|████▌     | 114/252 [00:06<00:11, 12.07it/s]Table-ocr rec en:  48%|████▊     | 120/252 [00:07<00:10, 12.77it/s]Table-ocr rec en:  50%|█████     | 126/252 [00:07<00:09, 13.42it/s]Table-ocr rec en:  52%|█████▏    | 132/252 [00:08<00:08, 13.96it/s]Table-ocr rec en:  55%|█████▍    | 138/252 [00:08<00:08, 13.28it/s]Table-ocr rec en:  57%|█████▋    | 144/252 [00:08<00:07, 14.90it/s]Table-ocr rec en:  60%|█████▉    | 150/252 [00:09<00:06, 14.94it/s]Table-ocr rec en:  62%|██████▏   | 156/252 [00:09<00:06, 14.38it/s]Table-ocr rec en:  64%|██████▍   | 162/252 [00:10<00:06, 14.34it/s]Table-ocr rec en:  67%|██████▋   | 168/252 [00:10<00:05, 15.66it/s]Table-ocr rec en:  69%|██████▉   | 174/252 [00:10<00:04, 17.44it/s]Table-ocr rec en:  71%|███████▏  | 180/252 [00:11<00:03, 18.34it/s]Table-ocr rec en:  74%|███████▍  | 186/252 [00:11<00:03, 18.80it/s]Table-ocr rec en:  76%|███████▌  | 192/252 [00:11<00:03, 17.78it/s]Table-ocr rec en:  79%|███████▊  | 198/252 [00:12<00:02, 18.26it/s]Table-ocr rec en:  81%|████████  | 204/252 [00:12<00:02, 18.08it/s]Table-ocr rec en:  83%|████████▎ | 210/252 [00:12<00:02, 17.82it/s]Table-ocr rec en:  86%|████████▌ | 216/252 [00:12<00:01, 19.63it/s]Table-ocr rec en:  88%|████████▊ | 222/252 [00:13<00:01, 19.30it/s]Table-ocr rec en:  90%|█████████ | 228/252 [00:13<00:01, 17.99it/s]Table-ocr rec en:  93%|█████████▎| 234/252 [00:13<00:00, 19.17it/s]Table-ocr rec en:  95%|█████████▌| 240/252 [00:14<00:00, 17.85it/s]Table-ocr rec en:  98%|█████████▊| 246/252 [00:14<00:00, 16.96it/s]Table-ocr rec en: 100%|██████████| 252/252 [00:15<00:00, 14.75it/s]Table-ocr rec en: 100%|██████████| 252/252 [00:15<00:00, 16.49it/s]
Table-wireless Predict:   0%|          | 0/7 [00:00<?, ?it/s]Table-wireless Predict:  57%|█████▋    | 4/7 [00:05<00:03,  1.30s/it]Table-wireless Predict: 100%|██████████| 7/7 [00:07<00:00,  1.06it/s]Table-wireless Predict: 100%|██████████| 7/7 [00:07<00:00,  1.01s/it]
Table-wired Predict:   0%|          | 0/4 [00:00<?, ?it/s]Table-wired Predict:  25%|██▌       | 1/4 [00:02<00:07,  2.36s/it]Table-wired Predict:  50%|█████     | 2/4 [00:05<00:05,  2.56s/it]Table-wired Predict:  75%|███████▌  | 3/4 [00:06<00:01,  1.99s/it]Table-wired Predict: 100%|██████████| 4/4 [00:10<00:00,  2.74s/it]Table-wired Predict: 100%|██████████| 4/4 [00:10<00:00,  2.56s/it]
OCR-det en:   0%|          | 0/43 [00:00<?, ?it/s]OCR-det en:   2%|▏         | 1/43 [00:00<00:10,  4.07it/s]OCR-det en:   7%|▋         | 3/43 [00:00<00:06,  5.99it/s]OCR-det en:  12%|█▏        | 5/43 [00:02<00:24,  1.53it/s]OCR-det en:  14%|█▍        | 6/43 [00:02<00:18,  1.97it/s]OCR-det en:  21%|██        | 9/43 [00:02<00:08,  3.93it/s]OCR-det en:  28%|██▊       | 12/43 [00:03<00:04,  6.26it/s]OCR-det en:  33%|███▎      | 14/43 [00:03<00:05,  5.79it/s]OCR-det en:  37%|███▋      | 16/43 [00:04<00:06,  4.22it/s]OCR-det en:  44%|████▍     | 19/43 [00:04<00:04,  5.52it/s]OCR-det en:  49%|████▉     | 21/43 [00:05<00:04,  4.99it/s]OCR-det en:  51%|█████     | 22/43 [00:05<00:03,  5.29it/s]OCR-det en:  53%|█████▎    | 23/43 [00:05<00:04,  4.29it/s]OCR-det en:  58%|█████▊    | 25/43 [00:05<00:03,  4.69it/s]OCR-det en:  63%|██████▎   | 27/43 [00:06<00:02,  6.12it/s]OCR-det en:  65%|██████▌   | 28/43 [00:06<00:02,  5.50it/s]OCR-det en:  70%|██████▉   | 30/43 [00:06<00:01,  7.19it/s]OCR-det en:  74%|███████▍  | 32/43 [00:06<00:01,  8.91it/s]OCR-det en:  84%|████████▎ | 36/43 [00:06<00:00, 13.05it/s]OCR-det en:  88%|████████▊ | 38/43 [00:06<00:00, 11.27it/s]OCR-det en:  98%|█████████▊| 42/43 [00:07<00:00, 16.03it/s]OCR-det en: 100%|██████████| 43/43 [00:07<00:00,  6.02it/s]
2026-09-30 15:36:22.253 | DEBUG    | mineru.utils.model_utils:clean_vram:214 - gc time: 0.63
Seal Predict: 0it [00:00, ?it/s]Seal Predict: 0it [00:00, ?it/s]
Processing pages:   0%|          | 0/12 [00:00<?, ?it/s]Processing pages:   8%|▊         | 1/12 [00:00<00:05,  1.92it/s]Processing pages:  17%|█▋        | 2/12 [00:00<00:02,  3.55it/s]Processing pages:  25%|██▌       | 3/12 [00:00<00:02,  3.52it/s]Processing pages:  33%|███▎      | 4/12 [00:01<00:02,  3.58it/s]Processing pages:  42%|████▏     | 5/12 [00:01<00:01,  3.55it/s]Processing pages:  50%|█████     | 6/12 [00:02<00:02,  2.29it/s]Processing pages:  58%|█████▊    | 7/12 [00:02<00:02,  2.21it/s]Processing pages:  67%|██████▋   | 8/12 [00:03<00:02,  1.91it/s]Processing pages:  75%|███████▌  | 9/12 [00:03<00:01,  1.90it/s]Processing pages:  83%|████████▎ | 10/12 [00:04<00:01,  1.47it/s]Processing pages:  92%|█████████▏| 11/12 [00:05<00:00,  1.94it/s]
OCR-rec Predict:   0%|          | 0/8 [00:00<?, ?it/s][A
OCR-rec Predict:  75%|███████▌  | 6/8 [00:00<00:00, 14.51it/s][A
OCR-rec Predict: 100%|██████████| 8/8 [00:00<00:00, 11.95it/s][AOCR-rec Predict: 100%|██████████| 8/8 [00:00<00:00, 12.44it/s]
2026-09-30 15:36:28.605 | DEBUG    | mineru.backend.pipeline.pipeline_analyze:_finalize_processing_window_context:130 - Pipeline doc ready: doc0 pages=12
Processing pages: 100%|██████████| 12/12 [00:05<00:00,  2.07it/s]
2026-09-30 15:36:28.607 | DEBUG    | mineru.backend.pipeline.pipeline_analyze:doc_analyze_streaming:320 - processing-window multi-file infer finished, cost: 79.77, speed: 0.15 page/s
2026-09-30 15:36:32.766 | INFO     | mineru.backend.pipeline.pipeline_analyze:doc_analyze_streaming:209 - Pipeline processing-window multi-file run. doc_count=1, total_pages=13, window_size=64, total_batches=1
2026-09-30 15:36:32.767 | DEBUG    | mineru.utils.pdf_image_tools:_load_images_from_pdf_bytes_range:289 - PDF image rendering uses 1 processes for pages 1-13: [(0, 12)]
2026-09-30 15:36:33.829 | INFO     | mineru.backend.pipeline.pipeline_analyze:doc_analyze_streaming:264 - Pipeline processing window batch 1/1: 13/13 pages, batch_pages=13, doc_slices=doc0:1-13
2026-09-30 15:36:33.829 | INFO     | mineru.backend.pipeline.pipeline_analyze:batch_image_analyze:364 - GPU Memory: 1 GB, Batch Ratio: 1. 
    ✓ Saved: 32. Comparison of alternative management methods for phosphogypsum waste using life cycle analysis/auto/32. Comparison of alternative management methods for phosphogypsum waste using life cycle analysis.md (62421 chars)
[27/72] ⏭ Skipped (up-to-date registry): 33. Reaction Mechanism and Kinetic Analysis of the
[28/72] ⏭ Skipped (up-to-date registry): 34. Using cemented paste backfill to tackle the ph
[29/72] ⏭ Skipped (up-to-date registry): 35. In vitro bioactivity, mechanical, and cell int
[30/72] ⏭ Skipped (up-to-date registry): 36. Life cycle environmental and economic assessme
[31/72] ⏭ Skipped (up-to-date registry): 37. Status and development trends of phosphogypsum
[32/72] ⏭ Skipped (up-to-date registry): 38. Surface modification of hierarchical hydroxyap

[33/72] Parsing: 39. A systematic review of phosphogypsum recycling...
Layout Predict:   0%|          | 0/13 [00:00<?, ?it/s]Layout Predict:   8%|▊         | 1/13 [00:00<00:04,  2.91it/s]Layout Predict:  15%|█▌        | 2/13 [00:00<00:03,  3.05it/s]Layout Predict:  23%|██▎       | 3/13 [00:00<00:03,  3.10it/s]Layout Predict:  31%|███       | 4/13 [00:01<00:02,  3.15it/s]Layout Predict:  38%|███▊      | 5/13 [00:01<00:02,  3.20it/s]Layout Predict:  46%|████▌     | 6/13 [00:01<00:02,  3.25it/s]Layout Predict:  54%|█████▍    | 7/13 [00:02<00:01,  3.25it/s]Layout Predict:  62%|██████▏   | 8/13 [00:02<00:01,  3.23it/s]Layout Predict:  69%|██████▉   | 9/13 [00:02<00:01,  3.21it/s]Layout Predict:  77%|███████▋  | 10/13 [00:03<00:00,  3.24it/s]Layout Predict:  85%|████████▍ | 11/13 [00:03<00:00,  3.27it/s]Layout Predict:  92%|█████████▏| 12/13 [00:03<00:00,  3.28it/s]Layout Predict: 100%|██████████| 13/13 [00:04<00:00,  3.27it/s]Layout Predict: 100%|██████████| 13/13 [00:04<00:00,  3.22it/s]
2026-09-30 15:36:38.494 | DEBUG    | mineru.utils.model_utils:clean_vram:214 - gc time: 0.59
MFR Predict:   0%|          | 0/14 [00:00<?, ?it/s]MFR Predict:  57%|█████▋    | 8/14 [00:01<00:01,  4.36it/s]MFR Predict: 100%|██████████| 14/14 [00:03<00:00,  4.55it/s]MFR Predict: 100%|██████████| 14/14 [00:03<00:00,  4.51it/s]
2026-09-30 15:36:42.206 | DEBUG    | mineru.utils.model_utils:clean_vram:214 - gc time: 0.61
Table-ocr det:   0%|          | 0/4 [00:00<?, ?it/s]Table-ocr det:  25%|██▌       | 1/4 [00:00<00:00,  3.23it/s]Table-ocr det:  50%|█████     | 2/4 [00:00<00:00,  5.03it/s]Table-ocr det:  75%|███████▌  | 3/4 [00:00<00:00,  5.91it/s]Table-ocr det: 100%|██████████| 4/4 [00:00<00:00,  6.21it/s]
Table-ocr rec en:   0%|          | 0/653 [00:00<?, ?it/s]Table-ocr rec en:   1%|          | 6/653 [00:00<00:35, 18.43it/s]Table-ocr rec en:   2%|▏         | 12/653 [00:00<00:33, 18.91it/s]Table-ocr rec en:   3%|▎         | 18/653 [00:01<00:37, 16.85it/s]Table-ocr rec en:   4%|▎         | 24/653 [00:01<00:35, 17.61it/s]Table-ocr rec en:   5%|▍         | 30/653 [00:01<00:34, 18.12it/s]Table-ocr rec en:   6%|▌         | 36/653 [00:01<00:32, 19.22it/s]Table-ocr rec en:   6%|▋         | 42/653 [00:02<00:30, 20.24it/s]Table-ocr rec en:   7%|▋         | 48/653 [00:02<00:30, 20.06it/s]Table-ocr rec en:   8%|▊         | 54/653 [00:03<00:38, 15.39it/s]Table-ocr rec en:   9%|▉         | 60/653 [00:03<00:43, 13.78it/s]Table-ocr rec en:  10%|█         | 66/653 [00:03<00:39, 14.79it/s]Table-ocr rec en:  11%|█         | 72/653 [00:04<00:36, 15.98it/s]Table-ocr rec en:  12%|█▏        | 78/653 [00:04<00:41, 13.99it/s]Table-ocr rec en:  13%|█▎        | 84/653 [00:05<00:43, 12.97it/s]Table-ocr rec en:  14%|█▍        | 90/653 [00:05<00:40, 13.99it/s]Table-ocr rec en:  15%|█▍        | 96/653 [00:06<00:42, 13.23it/s]Table-ocr rec en:  16%|█▌        | 102/653 [00:06<00:36, 14.98it/s]Table-ocr rec en:  17%|█▋        | 108/653 [00:06<00:32, 16.80it/s]Table-ocr rec en:  17%|█▋        | 114/653 [00:07<00:34, 15.68it/s]Table-ocr rec en:  18%|█▊        | 120/653 [00:07<00:34, 15.39it/s]Table-ocr rec en:  19%|█▉        | 126/653 [00:07<00:31, 16.48it/s]Table-ocr rec en:  20%|██        | 132/653 [00:08<00:31, 16.39it/s]Table-ocr rec en:  21%|██        | 138/653 [00:08<00:36, 14.00it/s]Table-ocr rec en:  22%|██▏       | 144/653 [00:09<00:33, 15.36it/s]Table-ocr rec en:  23%|██▎       | 150/653 [00:09<00:35, 14.00it/s]Table-ocr rec en:  24%|██▍       | 156/653 [00:10<00:36, 13.80it/s]Table-ocr rec en:  25%|██▍       | 162/653 [00:10<00:29, 16.88it/s]Table-ocr rec en:  26%|██▌       | 168/653 [00:10<00:27, 17.47it/s]Table-ocr rec en:  27%|██▋       | 174/653 [00:11<00:30, 15.64it/s]Table-ocr rec en:  28%|██▊       | 180/653 [00:11<00:29, 16.28it/s]Table-ocr rec en:  28%|██▊       | 186/653 [00:11<00:29, 15.97it/s]Table-ocr rec en:  29%|██▉       | 192/653 [00:12<00:27, 16.51it/s]Table-ocr rec en:  30%|███       | 198/653 [00:12<00:29, 15.37it/s]Table-ocr rec en:  31%|███       | 204/653 [00:12<00:27, 16.51it/s]Table-ocr rec en:  32%|███▏      | 210/653 [00:13<00:24, 17.90it/s]Table-ocr rec en:  33%|███▎      | 216/653 [00:13<00:26, 16.19it/s]Table-ocr rec en:  34%|███▍      | 222/653 [00:14<00:31, 13.88it/s]Table-ocr rec en:  35%|███▍      | 228/653 [00:14<00:28, 14.80it/s]Table-ocr rec en:  36%|███▌      | 234/653 [00:14<00:28, 14.90it/s]Table-ocr rec en:  37%|███▋      | 240/653 [00:15<00:28, 14.66it/s]Table-ocr rec en:  38%|███▊      | 246/653 [00:15<00:25, 15.78it/s]Table-ocr rec en:  39%|███▊      | 252/653 [00:15<00:20, 19.31it/s]Table-ocr rec en:  40%|███▉      | 258/653 [00:16<00:23, 16.51it/s]Table-ocr rec en:  40%|████      | 264/653 [00:16<00:24, 16.05it/s]Table-ocr rec en:  41%|████▏     | 270/653 [00:17<00:25, 14.97it/s]Table-ocr rec en:  42%|████▏     | 276/653 [00:17<00:28, 13.20it/s]Table-ocr rec en:  43%|████▎     | 282/653 [00:18<00:28, 12.81it/s]Table-ocr rec en:  44%|████▍     | 288/653 [00:18<00:26, 13.66it/s]Table-ocr rec en:  45%|████▌     | 294/653 [00:19<00:27, 13.29it/s]Table-ocr rec en:  46%|████▌     | 300/653 [00:19<00:24, 14.51it/s]Table-ocr rec en:  47%|████▋     | 306/653 [00:19<00:24, 13.97it/s]Table-ocr rec en:  48%|████▊     | 312/653 [00:20<00:23, 14.74it/s]Table-ocr rec en:  49%|████▊     | 318/653 [00:20<00:20, 16.08it/s]Table-ocr rec en:  50%|████▉     | 324/653 [00:20<00:19, 16.87it/s]Table-ocr rec en:  51%|█████     | 330/653 [00:21<00:19, 16.45it/s]Table-ocr rec en:  51%|█████▏    | 336/653 [00:21<00:18, 17.09it/s]Table-ocr rec en:  52%|█████▏    | 342/653 [00:21<00:17, 17.80it/s]Table-ocr rec en:  53%|█████▎    | 348/653 [00:22<00:16, 18.61it/s]Table-ocr rec en:  54%|█████▍    | 354/653 [00:22<00:16, 17.80it/s]Table-ocr rec en:  55%|█████▌    | 360/653 [00:22<00:14, 19.92it/s]Table-ocr rec en:  56%|█████▌    | 366/653 [00:23<00:15, 18.45it/s]Table-ocr rec en:  57%|█████▋    | 372/653 [00:23<00:13, 20.08it/s]Table-ocr rec en:  58%|█████▊    | 378/653 [00:23<00:15, 17.63it/s]Table-ocr rec en:  59%|█████▉    | 384/653 [00:24<00:15, 17.47it/s]Table-ocr rec en:  60%|█████▉    | 390/653 [00:24<00:14, 18.36it/s]Table-ocr rec en:  61%|██████    | 396/653 [00:24<00:14, 18.03it/s]Table-ocr rec en:  62%|██████▏   | 402/653 [00:25<00:13, 18.84it/s]Table-ocr rec en:  62%|██████▏   | 408/653 [00:25<00:12, 19.41it/s]Table-ocr rec en:  63%|██████▎   | 414/653 [00:25<00:12, 18.94it/s]Table-ocr rec en:  64%|██████▍   | 420/653 [00:25<00:11, 21.09it/s]Table-ocr rec en:  65%|██████▌   | 426/653 [00:26<00:12, 17.97it/s]Table-ocr rec en:  66%|██████▌   | 432/653 [00:26<00:12, 18.30it/s]Table-ocr rec en:  67%|██████▋   | 438/653 [00:27<00:12, 17.72it/s]Table-ocr rec en:  68%|██████▊   | 444/653 [00:27<00:11, 18.56it/s]Table-ocr rec en:  69%|██████▉   | 450/653 [00:27<00:09, 21.00it/s]Table-ocr rec en:  70%|██████▉   | 456/653 [00:27<00:10, 18.18it/s]Table-ocr rec en:  71%|███████   | 462/653 [00:28<00:09, 19.57it/s]Table-ocr rec en:  72%|███████▏  | 468/653 [00:28<00:08, 22.20it/s]Table-ocr rec en:  73%|███████▎  | 474/653 [00:28<00:08, 20.62it/s]Table-ocr rec en:  74%|███████▎  | 480/653 [00:29<00:08, 20.17it/s]Table-ocr rec en:  74%|███████▍  | 486/653 [00:29<00:08, 19.57it/s]Table-ocr rec en:  75%|███████▌  | 492/653 [00:29<00:09, 17.36it/s]Table-ocr rec en:  76%|███████▋  | 498/653 [00:30<00:07, 19.65it/s]Table-ocr rec en:  77%|███████▋  | 504/653 [00:30<00:08, 18.62it/s]Table-ocr rec en:  78%|███████▊  | 510/653 [00:30<00:07, 20.09it/s]Table-ocr rec en:  79%|███████▉  | 516/653 [00:31<00:08, 16.95it/s]Table-ocr rec en:  80%|███████▉  | 522/653 [00:31<00:07, 18.14it/s]Table-ocr rec en:  81%|████████  | 528/653 [00:31<00:06, 20.50it/s]Table-ocr rec en:  82%|████████▏ | 534/653 [00:31<00:06, 18.76it/s]Table-ocr rec en:  83%|████████▎ | 540/653 [00:32<00:05, 20.34it/s]Table-ocr rec en:  84%|████████▎ | 546/653 [00:32<00:05, 18.37it/s]Table-ocr rec en:  85%|████████▍ | 552/653 [00:33<00:06, 15.87it/s]Table-ocr rec en:  85%|████████▌ | 558/653 [00:33<00:05, 17.07it/s]Table-ocr rec en:  86%|████████▋ | 564/653 [00:33<00:05, 17.62it/s]Table-ocr rec en:  87%|████████▋ | 570/653 [00:33<00:04, 18.76it/s]Table-ocr rec en:  88%|████████▊ | 576/653 [00:34<00:04, 18.99it/s]Table-ocr rec en:  89%|████████▉ | 582/653 [00:34<00:03, 19.27it/s]Table-ocr rec en:  90%|█████████ | 588/653 [00:34<00:03, 21.36it/s]Table-ocr rec en:  91%|█████████ | 594/653 [00:35<00:03, 18.93it/s]Table-ocr rec en:  92%|█████████▏| 600/653 [00:35<00:02, 18.77it/s]Table-ocr rec en:  93%|█████████▎| 606/653 [00:35<00:02, 18.33it/s]Table-ocr rec en:  94%|█████████▎| 612/653 [00:36<00:02, 19.13it/s]Table-ocr rec en:  95%|█████████▍| 618/653 [00:36<00:01, 19.31it/s]Table-ocr rec en:  96%|█████████▌| 624/653 [00:36<00:01, 16.74it/s]Table-ocr rec en:  96%|█████████▋| 630/653 [00:37<00:01, 16.53it/s]Table-ocr rec en:  97%|█████████▋| 636/653 [00:37<00:01, 16.90it/s]Table-ocr rec en:  98%|█████████▊| 642/653 [00:38<00:00, 13.87it/s]Table-ocr rec en:  99%|█████████▉| 648/653 [00:38<00:00, 14.44it/s]Table-ocr rec en: 100%|██████████| 653/653 [00:39<00:00, 13.23it/s]Table-ocr rec en: 100%|██████████| 653/653 [00:39<00:00, 16.70it/s]
Table-wireless Predict:   0%|          | 0/4 [00:00<?, ?it/s]Table-wireless Predict: 100%|██████████| 4/4 [00:09<00:00,  2.30s/it]Table-wireless Predict: 100%|██████████| 4/4 [00:09<00:00,  2.30s/it]
Table-wired Predict:   0%|          | 0/2 [00:00<?, ?it/s]Table-wired Predict:  50%|█████     | 1/2 [00:07<00:07,  7.88s/it]Table-wired Predict: 100%|██████████| 2/2 [00:16<00:00,  8.57s/it]Table-wired Predict: 100%|██████████| 2/2 [00:16<00:00,  8.46s/it]
OCR-det en:   0%|          | 0/38 [00:00<?, ?it/s]OCR-det en:   3%|▎         | 1/38 [00:00<00:05,  6.69it/s]OCR-det en:  11%|█         | 4/38 [00:00<00:04,  8.41it/s]OCR-det en:  13%|█▎        | 5/38 [00:00<00:06,  5.36it/s]OCR-det en:  21%|██        | 8/38 [00:00<00:03,  9.33it/s]OCR-det en:  29%|██▉       | 11/38 [00:01<00:03,  8.32it/s]OCR-det en:  34%|███▍      | 13/38 [00:01<00:02,  8.65it/s]OCR-det en:  39%|███▉      | 15/38 [00:02<00:04,  4.91it/s]OCR-det en:  47%|████▋     | 18/38 [00:03<00:04,  4.86it/s]OCR-det en:  50%|█████     | 19/38 [00:03<00:04,  4.13it/s]OCR-det en:  53%|█████▎    | 20/38 [00:04<00:05,  3.27it/s]OCR-det en:  55%|█████▌    | 21/38 [00:04<00:05,  3.02it/s]OCR-det en:  58%|█████▊    | 22/38 [00:05<00:05,  2.69it/s]OCR-det en:  61%|██████    | 23/38 [00:05<00:05,  2.50it/s]OCR-det en:  66%|██████▌   | 25/38 [00:05<00:03,  3.72it/s]OCR-det en:  71%|███████   | 27/38 [00:06<00:02,  4.04it/s]OCR-det en:  74%|███████▎  | 28/38 [00:06<00:02,  4.11it/s]OCR-det en:  76%|███████▋  | 29/38 [00:09<00:08,  1.10it/s]OCR-det en:  79%|███████▉  | 30/38 [00:09<00:06,  1.32it/s]OCR-det en:  84%|████████▍ | 32/38 [00:09<00:02,  2.07it/s]OCR-det en:  87%|████████▋ | 33/38 [00:10<00:01,  2.52it/s]OCR-det en:  89%|████████▉ | 34/38 [00:10<00:01,  2.75it/s]OCR-det en:  92%|█████████▏| 35/38 [00:10<00:00,  3.05it/s]OCR-det en: 100%|██████████| 38/38 [00:10<00:00,  5.70it/s]OCR-det en: 100%|██████████| 38/38 [00:10<00:00,  3.57it/s]
2026-09-30 15:37:59.694 | DEBUG    | mineru.utils.model_utils:clean_vram:214 - gc time: 0.56
Seal Predict: 0it [00:00, ?it/s]Seal Predict: 0it [00:00, ?it/s]
Processing pages:   0%|          | 0/13 [00:00<?, ?it/s]Processing pages:   8%|▊         | 1/13 [00:00<00:03,  3.90it/s]Processing pages:  15%|█▌        | 2/13 [00:00<00:01,  5.54it/s]Processing pages:  23%|██▎       | 3/13 [00:00<00:02,  4.66it/s]Processing pages:  31%|███       | 4/13 [00:00<00:02,  4.44it/s]Processing pages:  38%|███▊      | 5/13 [00:01<00:01,  5.31it/s]Processing pages:  46%|████▌     | 6/13 [00:01<00:01,  3.89it/s]Processing pages:  54%|█████▍    | 7/13 [00:01<00:01,  3.96it/s]Processing pages:  62%|██████▏   | 8/13 [00:01<00:01,  4.67it/s]Processing pages:  69%|██████▉   | 9/13 [00:01<00:00,  5.28it/s]Processing pages:  77%|███████▋  | 10/13 [00:02<00:00,  4.90it/s]Processing pages:  85%|████████▍ | 11/13 [00:02<00:00,  4.64it/s]Processing pages:  92%|█████████▏| 12/13 [00:02<00:00,  4.00it/s]
OCR-rec Predict:   0%|          | 0/8 [00:00<?, ?it/s][A
OCR-rec Predict:  75%|███████▌  | 6/8 [00:01<00:00,  5.12it/s][A
OCR-rec Predict: 100%|██████████| 8/8 [00:01<00:00,  4.87it/s][AOCR-rec Predict: 100%|██████████| 8/8 [00:01<00:00,  4.92it/s]
2026-09-30 15:38:04.756 | DEBUG    | mineru.backend.pipeline.pipeline_analyze:_finalize_processing_window_context:130 - Pipeline doc ready: doc0 pages=13
Processing pages: 100%|██████████| 13/13 [00:04<00:00,  2.92it/s]
2026-09-30 15:38:04.758 | DEBUG    | mineru.backend.pipeline.pipeline_analyze:doc_analyze_streaming:320 - processing-window multi-file infer finished, cost: 91.99, speed: 0.141 page/s
2026-09-30 15:38:06.943 | INFO     | mineru.backend.pipeline.pipeline_analyze:doc_analyze_streaming:209 - Pipeline processing-window multi-file run. doc_count=1, total_pages=10, window_size=64, total_batches=1
2026-09-30 15:38:06.944 | DEBUG    | mineru.utils.pdf_image_tools:_load_images_from_pdf_bytes_range:289 - PDF image rendering uses 1 processes for pages 1-10: [(0, 9)]
2026-09-30 15:38:07.572 | INFO     | mineru.backend.pipeline.pipeline_analyze:doc_analyze_streaming:264 - Pipeline processing window batch 1/1: 10/10 pages, batch_pages=10, doc_slices=doc0:1-10
2026-09-30 15:38:07.573 | INFO     | mineru.backend.pipeline.pipeline_analyze:batch_image_analyze:364 - GPU Memory: 1 GB, Batch Ratio: 1. 
    ✓ Saved: 39. A systematic review of phosphogypsum recycling industry based on the survey data in China – applications, drivers, obstacles, and solutions/auto/39. A systematic review of phosphogypsum recycling industry based on the survey data in China – applications, drivers, obstacles, and solutions.md (81300 chars)
[34/72] ⏭ Skipped (up-to-date registry): 4. Application of phosphogypsum in soil stabilizat
[35/72] ⏭ Skipped (up-to-date registry): 40. Synthesis of hydroxyapatite by hydrothermal an

[36/72] Parsing: 41. Crystal structure modification of nano-hydroxy...
Layout Predict:   0%|          | 0/10 [00:00<?, ?it/s]Layout Predict:  10%|█         | 1/10 [00:00<00:03,  2.92it/s]Layout Predict:  20%|██        | 2/10 [00:00<00:02,  3.11it/s]Layout Predict:  30%|███       | 3/10 [00:00<00:02,  3.14it/s]Layout Predict:  40%|████      | 4/10 [00:01<00:01,  3.14it/s]Layout Predict:  50%|█████     | 5/10 [00:01<00:01,  3.12it/s]Layout Predict:  60%|██████    | 6/10 [00:01<00:01,  3.14it/s]Layout Predict:  70%|███████   | 7/10 [00:02<00:00,  3.18it/s]Layout Predict:  80%|████████  | 8/10 [00:02<00:00,  3.22it/s]Layout Predict:  90%|█████████ | 9/10 [00:02<00:00,  3.22it/s]Layout Predict: 100%|██████████| 10/10 [00:03<00:00,  3.21it/s]Layout Predict: 100%|██████████| 10/10 [00:03<00:00,  3.17it/s]
2026-09-30 15:38:11.306 | DEBUG    | mineru.utils.model_utils:clean_vram:214 - gc time: 0.55
MFR Predict:   0%|          | 0/152 [00:00<?, ?it/s]MFR Predict:  11%|█         | 16/152 [00:03<00:30,  4.52it/s]MFR Predict:  21%|██        | 32/152 [00:06<00:25,  4.67it/s]MFR Predict:  32%|███▏      | 48/152 [00:10<00:22,  4.59it/s]MFR Predict:  42%|████▏     | 64/152 [00:14<00:20,  4.32it/s]MFR Predict:  53%|█████▎    | 80/152 [00:18<00:17,  4.14it/s]MFR Predict:  63%|██████▎   | 96/152 [00:22<00:13,  4.26it/s]MFR Predict:  74%|███████▎  | 112/152 [00:26<00:09,  4.00it/s]MFR Predict:  84%|████████▍ | 128/152 [00:31<00:06,  3.75it/s]MFR Predict: 100%|██████████| 152/152 [00:45<00:00,  2.56it/s]MFR Predict: 100%|██████████| 152/152 [00:45<00:00,  3.36it/s]
2026-09-30 15:38:57.058 | DEBUG    | mineru.utils.model_utils:clean_vram:214 - gc time: 0.51
Table-ocr det:   0%|          | 0/5 [00:00<?, ?it/s]Table-ocr det:  20%|██        | 1/5 [00:00<00:01,  3.67it/s]Table-ocr det:  60%|██████    | 3/5 [00:00<00:00,  8.86it/s]Table-ocr det: 100%|██████████| 5/5 [00:00<00:00, 12.01it/s]Table-ocr det: 100%|██████████| 5/5 [00:00<00:00, 10.06it/s]
Table-ocr rec en:   0%|          | 0/140 [00:00<?, ?it/s]Table-ocr rec en:   4%|▍         | 6/140 [00:00<00:10, 13.18it/s]Table-ocr rec en:   9%|▊         | 12/140 [00:00<00:10, 12.43it/s]Table-ocr rec en:  13%|█▎        | 18/140 [00:01<00:08, 13.79it/s]Table-ocr rec en:  17%|█▋        | 24/140 [00:01<00:07, 15.44it/s]Table-ocr rec en:  21%|██▏       | 30/140 [00:02<00:08, 13.24it/s]Table-ocr rec en:  26%|██▌       | 36/140 [00:02<00:06, 14.86it/s]Table-ocr rec en:  30%|███       | 42/140 [00:02<00:05, 16.92it/s]Table-ocr rec en:  34%|███▍      | 48/140 [00:03<00:05, 16.59it/s]Table-ocr rec en:  39%|███▊      | 54/140 [00:03<00:06, 13.05it/s]Table-ocr rec en:  43%|████▎     | 60/140 [00:04<00:05, 14.14it/s]Table-ocr rec en:  47%|████▋     | 66/140 [00:04<00:05, 13.22it/s]Table-ocr rec en:  51%|█████▏    | 72/140 [00:05<00:04, 13.76it/s]Table-ocr rec en:  56%|█████▌    | 78/140 [00:05<00:05, 12.06it/s]Table-ocr rec en:  60%|██████    | 84/140 [00:06<00:04, 12.13it/s]Table-ocr rec en:  64%|██████▍   | 90/140 [00:06<00:04, 11.77it/s]Table-ocr rec en:  69%|██████▊   | 96/140 [00:07<00:03, 12.16it/s]Table-ocr rec en:  73%|███████▎  | 102/140 [00:07<00:02, 13.96it/s]Table-ocr rec en:  77%|███████▋  | 108/140 [00:07<00:01, 16.89it/s]Table-ocr rec en:  81%|████████▏ | 114/140 [00:08<00:01, 14.49it/s]Table-ocr rec en:  86%|████████▌ | 120/140 [00:08<00:01, 15.93it/s]Table-ocr rec en:  90%|█████████ | 126/140 [00:08<00:00, 16.03it/s]Table-ocr rec en:  94%|█████████▍| 132/140 [00:09<00:00, 15.56it/s]Table-ocr rec en:  99%|█████████▊| 138/140 [00:09<00:00, 14.30it/s]Table-ocr rec en: 100%|██████████| 140/140 [00:10<00:00, 11.96it/s]Table-ocr rec en: 100%|██████████| 140/140 [00:10<00:00, 13.77it/s]
Table-wireless Predict:   0%|          | 0/5 [00:00<?, ?it/s]Table-wireless Predict:  80%|████████  | 4/5 [00:05<00:01,  1.44s/it]Table-wireless Predict: 100%|██████████| 5/5 [00:06<00:00,  1.25s/it]Table-wireless Predict: 100%|██████████| 5/5 [00:06<00:00,  1.29s/it]
Table-wired Predict:   0%|          | 0/2 [00:00<?, ?it/s]Table-wired Predict:  50%|█████     | 1/2 [00:05<00:05,  5.04s/it]Table-wired Predict: 100%|██████████| 2/2 [00:08<00:00,  3.98s/it]Table-wired Predict: 100%|██████████| 2/2 [00:08<00:00,  4.14s/it]
OCR-det en:   0%|          | 0/31 [00:00<?, ?it/s]OCR-det en:   3%|▎         | 1/31 [00:00<00:07,  4.01it/s]OCR-det en:   6%|▋         | 2/31 [00:00<00:10,  2.67it/s]OCR-det en:  16%|█▌        | 5/31 [00:01<00:05,  5.13it/s]OCR-det en:  19%|█▉        | 6/31 [00:01<00:05,  4.46it/s]OCR-det en:  29%|██▉       | 9/31 [00:01<00:02,  7.51it/s]OCR-det en:  35%|███▌      | 11/31 [00:02<00:03,  5.55it/s]OCR-det en:  42%|████▏     | 13/31 [00:04<00:08,  2.11it/s]OCR-det en:  45%|████▌     | 14/31 [00:04<00:07,  2.28it/s]OCR-det en:  52%|█████▏    | 16/31 [00:05<00:07,  1.95it/s]OCR-det en:  55%|█████▍    | 17/31 [00:06<00:07,  1.79it/s]OCR-det en:  61%|██████▏   | 19/31 [00:06<00:04,  2.42it/s]OCR-det en:  68%|██████▊   | 21/31 [00:07<00:03,  3.02it/s]OCR-det en:  71%|███████   | 22/31 [00:08<00:04,  1.89it/s]OCR-det en:  74%|███████▍  | 23/31 [00:09<00:04,  1.99it/s]OCR-det en:  77%|███████▋  | 24/31 [00:09<00:03,  2.21it/s]OCR-det en:  87%|████████▋ | 27/31 [00:09<00:01,  3.95it/s]OCR-det en:  94%|█████████▎| 29/31 [00:09<00:00,  5.13it/s]OCR-det en: 100%|██████████| 31/31 [00:09<00:00,  3.20it/s]
2026-09-30 15:39:33.008 | DEBUG    | mineru.utils.model_utils:clean_vram:214 - gc time: 0.55
Seal Predict: 0it [00:00, ?it/s]Seal Predict: 0it [00:00, ?it/s]
Processing pages:   0%|          | 0/10 [00:00<?, ?it/s]Processing pages:  20%|██        | 2/10 [00:00<00:01,  4.57it/s]Processing pages:  30%|███       | 3/10 [00:01<00:04,  1.59it/s]Processing pages:  40%|████      | 4/10 [00:04<00:08,  1.45s/it]Processing pages:  50%|█████     | 5/10 [00:06<00:08,  1.80s/it]Processing pages:  60%|██████    | 6/10 [00:11<00:10,  2.69s/it]Processing pages:  70%|███████   | 7/10 [00:13<00:07,  2.46s/it]Processing pages:  80%|████████  | 8/10 [00:16<00:05,  2.52s/it]Processing pages:  90%|█████████ | 9/10 [00:16<00:01,  1.84s/it]
OCR-rec Predict:   0%|          | 0/17 [00:00<?, ?it/s][A
OCR-rec Predict:  35%|███▌      | 6/17 [00:00<00:00, 20.34it/s][A
OCR-rec Predict:  71%|███████   | 12/17 [00:00<00:00, 14.88it/s][A
OCR-rec Predict: 100%|██████████| 17/17 [00:01<00:00, 10.39it/s][AOCR-rec Predict: 100%|██████████| 17/17 [00:01<00:00, 11.62it/s]
2026-09-30 15:39:51.573 | DEBUG    | mineru.backend.pipeline.pipeline_analyze:_finalize_processing_window_context:130 - Pipeline doc ready: doc0 pages=10
Processing pages: 100%|██████████| 10/10 [00:17<00:00,  1.79s/it]
2026-09-30 15:39:51.576 | DEBUG    | mineru.backend.pipeline.pipeline_analyze:doc_analyze_streaming:320 - processing-window multi-file infer finished, cost: 104.63, speed: 0.096 page/s
2026-09-30 15:39:53.747 | INFO     | mineru.backend.pipeline.pipeline_analyze:doc_analyze_streaming:209 - Pipeline processing-window multi-file run. doc_count=1, total_pages=11, window_size=64, total_batches=1
2026-09-30 15:39:53.748 | DEBUG    | mineru.utils.pdf_image_tools:_load_images_from_pdf_bytes_range:289 - PDF image rendering uses 1 processes for pages 1-11: [(0, 10)]
2026-09-30 15:39:54.721 | INFO     | mineru.backend.pipeline.pipeline_analyze:doc_analyze_streaming:264 - Pipeline processing window batch 1/1: 11/11 pages, batch_pages=11, doc_slices=doc0:1-11
2026-09-30 15:39:54.721 | INFO     | mineru.backend.pipeline.pipeline_analyze:batch_image_analyze:364 - GPU Memory: 1 GB, Batch Ratio: 1. 
    ✓ Saved: 41. Crystal structure modification of nano-hydroxyapatite using organic modifiers and hydrothermal technique/auto/41. Crystal structure modification of nano-hydroxyapatite using organic modifiers and hydrothermal technique.md (50191 chars)
[37/72] ⏭ Skipped (up-to-date registry): 42. Investigating effects of phosphogypsum disposa
[38/72] ⏭ Skipped (up-to-date registry): 43. A facile strategy for one-step hydrothermal.pd

[39/72] Parsing: 44. Integrated evaluation of the performance of ph...
Layout Predict:   0%|          | 0/11 [00:00<?, ?it/s]Layout Predict:   9%|▉         | 1/11 [00:00<00:03,  2.94it/s]Layout Predict:  18%|█▊        | 2/11 [00:00<00:02,  3.12it/s]Layout Predict:  27%|██▋       | 3/11 [00:00<00:02,  3.20it/s]Layout Predict:  36%|███▋      | 4/11 [00:01<00:02,  3.23it/s]Layout Predict:  45%|████▌     | 5/11 [00:01<00:01,  3.20it/s]Layout Predict:  55%|█████▍    | 6/11 [00:01<00:01,  3.23it/s]Layout Predict:  64%|██████▎   | 7/11 [00:02<00:01,  3.25it/s]Layout Predict:  73%|███████▎  | 8/11 [00:02<00:00,  3.29it/s]Layout Predict:  82%|████████▏ | 9/11 [00:02<00:00,  3.30it/s]Layout Predict:  91%|█████████ | 10/11 [00:03<00:00,  3.32it/s]Layout Predict: 100%|██████████| 11/11 [00:03<00:00,  3.30it/s]Layout Predict: 100%|██████████| 11/11 [00:03<00:00,  3.25it/s]
2026-09-30 15:39:58.722 | DEBUG    | mineru.utils.model_utils:clean_vram:214 - gc time: 0.59
MFR Predict:   0%|          | 0/55 [00:00<?, ?it/s]MFR Predict:  29%|██▉       | 16/55 [00:02<00:06,  5.92it/s]MFR Predict:  58%|█████▊    | 32/55 [00:06<00:04,  4.67it/s]MFR Predict: 100%|██████████| 55/55 [00:23<00:00,  1.98it/s]MFR Predict: 100%|██████████| 55/55 [00:23<00:00,  2.31it/s]
2026-09-30 15:40:23.021 | DEBUG    | mineru.utils.model_utils:clean_vram:214 - gc time: 0.48
Table-ocr det:   0%|          | 0/3 [00:00<?, ?it/s]Table-ocr det:  33%|███▎      | 1/3 [00:00<00:00,  3.13it/s]Table-ocr det: 100%|██████████| 3/3 [00:00<00:00,  7.15it/s]Table-ocr det: 100%|██████████| 3/3 [00:00<00:00,  6.33it/s]
Table-ocr rec en:   0%|          | 0/410 [00:00<?, ?it/s]Table-ocr rec en:   1%|▏         | 6/410 [00:00<00:27, 14.65it/s]Table-ocr rec en:   3%|▎         | 12/410 [00:00<00:23, 17.01it/s]Table-ocr rec en:   4%|▍         | 18/410 [00:01<00:33, 11.75it/s]Table-ocr rec en:   6%|▌         | 24/410 [00:01<00:26, 14.75it/s]Table-ocr rec en:   7%|▋         | 30/410 [00:01<00:22, 17.04it/s]Table-ocr rec en:   9%|▉         | 36/410 [00:02<00:21, 17.39it/s]Table-ocr rec en:  10%|█         | 42/410 [00:02<00:19, 18.42it/s]Table-ocr rec en:  12%|█▏        | 48/410 [00:02<00:18, 19.37it/s]Table-ocr rec en:  13%|█▎        | 54/410 [00:03<00:18, 18.96it/s]Table-ocr rec en:  15%|█▍        | 60/410 [00:03<00:16, 20.83it/s]Table-ocr rec en:  16%|█▌        | 66/410 [00:03<00:17, 19.91it/s]Table-ocr rec en:  18%|█▊        | 72/410 [00:04<00:17, 19.43it/s]Table-ocr rec en:  19%|█▉        | 78/410 [00:04<00:16, 20.43it/s]Table-ocr rec en:  20%|██        | 84/410 [00:04<00:17, 18.54it/s]Table-ocr rec en:  22%|██▏       | 90/410 [00:05<00:17, 18.20it/s]Table-ocr rec en:  23%|██▎       | 96/410 [00:05<00:16, 19.03it/s]Table-ocr rec en:  25%|██▍       | 102/410 [00:05<00:14, 21.17it/s]Table-ocr rec en:  26%|██▋       | 108/410 [00:05<00:13, 21.71it/s]Table-ocr rec en:  28%|██▊       | 114/410 [00:06<00:13, 21.46it/s]Table-ocr rec en:  29%|██▉       | 120/410 [00:06<00:16, 17.93it/s]Table-ocr rec en:  31%|███       | 126/410 [00:06<00:14, 19.74it/s]Table-ocr rec en:  32%|███▏      | 132/410 [00:06<00:12, 21.74it/s]Table-ocr rec en:  34%|███▎      | 138/410 [00:07<00:12, 22.55it/s]Table-ocr rec en:  35%|███▌      | 144/410 [00:07<00:10, 25.43it/s]Table-ocr rec en:  37%|███▋      | 150/410 [00:07<00:11, 22.65it/s]Table-ocr rec en:  38%|███▊      | 156/410 [00:08<00:14, 17.19it/s]Table-ocr rec en:  40%|███▉      | 162/410 [00:08<00:15, 16.11it/s]Table-ocr rec en:  41%|████      | 168/410 [00:09<00:14, 16.83it/s]Table-ocr rec en:  42%|████▏     | 174/410 [00:09<00:12, 18.59it/s]Table-ocr rec en:  44%|████▍     | 180/410 [00:09<00:12, 18.01it/s]Table-ocr rec en:  45%|████▌     | 186/410 [00:09<00:11, 19.19it/s]Table-ocr rec en:  47%|████▋     | 192/410 [00:10<00:12, 17.43it/s]Table-ocr rec en:  48%|████▊     | 198/410 [00:10<00:12, 16.56it/s]Table-ocr rec en:  50%|████▉     | 204/410 [00:11<00:13, 15.83it/s]Table-ocr rec en:  51%|█████     | 210/410 [00:11<00:12, 16.11it/s]Table-ocr rec en:  53%|█████▎    | 216/410 [00:11<00:11, 17.06it/s]Table-ocr rec en:  54%|█████▍    | 222/410 [00:12<00:11, 16.95it/s]Table-ocr rec en:  56%|█████▌    | 228/410 [00:12<00:11, 16.07it/s]Table-ocr rec en:  57%|█████▋    | 234/410 [00:12<00:10, 16.05it/s]Table-ocr rec en:  59%|█████▊    | 240/410 [00:13<00:10, 16.51it/s]Table-ocr rec en:  60%|██████    | 246/410 [00:13<00:10, 16.31it/s]Table-ocr rec en:  61%|██████▏   | 252/410 [00:14<00:09, 16.22it/s]Table-ocr rec en:  63%|██████▎   | 258/410 [00:14<00:09, 16.04it/s]Table-ocr rec en:  64%|██████▍   | 264/410 [00:14<00:08, 18.01it/s]Table-ocr rec en:  66%|██████▌   | 270/410 [00:15<00:08, 16.95it/s]Table-ocr rec en:  67%|██████▋   | 276/410 [00:15<00:08, 16.69it/s]Table-ocr rec en:  69%|██████▉   | 282/410 [00:15<00:08, 14.60it/s]Table-ocr rec en:  70%|███████   | 288/410 [00:16<00:07, 15.69it/s]Table-ocr rec en:  72%|███████▏  | 294/410 [00:16<00:08, 13.63it/s]Table-ocr rec en:  73%|███████▎  | 300/410 [00:17<00:07, 15.14it/s]Table-ocr rec en:  75%|███████▍  | 306/410 [00:17<00:06, 16.43it/s]Table-ocr rec en:  76%|███████▌  | 312/410 [00:17<00:06, 15.43it/s]Table-ocr rec en:  78%|███████▊  | 318/410 [00:18<00:06, 14.08it/s]Table-ocr rec en:  79%|███████▉  | 324/410 [00:18<00:06, 13.66it/s]Table-ocr rec en:  80%|████████  | 330/410 [00:19<00:05, 14.35it/s]Table-ocr rec en:  82%|████████▏ | 336/410 [00:19<00:04, 15.25it/s]Table-ocr rec en:  83%|████████▎ | 342/410 [00:19<00:04, 15.56it/s]Table-ocr rec en:  85%|████████▍ | 348/410 [00:20<00:04, 13.89it/s]Table-ocr rec en:  86%|████████▋ | 354/410 [00:20<00:03, 15.61it/s]Table-ocr rec en:  88%|████████▊ | 360/410 [00:21<00:03, 14.79it/s]Table-ocr rec en:  89%|████████▉ | 366/410 [00:21<00:02, 16.07it/s]Table-ocr rec en:  91%|█████████ | 372/410 [00:21<00:02, 15.59it/s]Table-ocr rec en:  92%|█████████▏| 378/410 [00:22<00:02, 14.17it/s]Table-ocr rec en:  94%|█████████▎| 384/410 [00:22<00:01, 14.78it/s]Table-ocr rec en:  95%|█████████▌| 390/410 [00:23<00:01, 14.80it/s]Table-ocr rec en:  97%|█████████▋| 396/410 [00:23<00:00, 16.19it/s]Table-ocr rec en:  98%|█████████▊| 402/410 [00:23<00:00, 14.97it/s]Table-ocr rec en: 100%|█████████▉| 408/410 [00:24<00:00, 12.87it/s]Table-ocr rec en: 100%|██████████| 410/410 [00:24<00:00, 11.53it/s]Table-ocr rec en: 100%|██████████| 410/410 [00:24<00:00, 16.49it/s]
Table-wireless Predict:   0%|          | 0/3 [00:00<?, ?it/s]Table-wireless Predict: 100%|██████████| 3/3 [00:05<00:00,  1.95s/it]Table-wireless Predict: 100%|██████████| 3/3 [00:05<00:00,  1.95s/it]
Table-wired Predict:   0%|          | 0/2 [00:00<?, ?it/s]Table-wired Predict:  50%|█████     | 1/2 [00:06<00:06,  6.68s/it]Table-wired Predict: 100%|██████████| 2/2 [00:08<00:00,  3.77s/it]Table-wired Predict: 100%|██████████| 2/2 [00:08<00:00,  4.21s/it]
OCR-det en:   0%|          | 0/41 [00:00<?, ?it/s]OCR-det en:   2%|▏         | 1/41 [00:00<00:07,  5.10it/s]OCR-det en:   7%|▋         | 3/41 [00:00<00:05,  6.62it/s]OCR-det en:  10%|▉         | 4/41 [00:00<00:06,  5.84it/s]OCR-det en:  17%|█▋        | 7/41 [00:00<00:03, 10.78it/s]OCR-det en:  24%|██▍       | 10/41 [00:01<00:03,  9.17it/s]OCR-det en:  29%|██▉       | 12/41 [00:01<00:03,  8.41it/s]OCR-det en:  34%|███▍      | 14/41 [00:01<00:04,  6.59it/s]OCR-det en:  37%|███▋      | 15/41 [00:02<00:06,  4.04it/s]OCR-det en:  39%|███▉      | 16/41 [00:03<00:08,  2.88it/s]OCR-det en:  44%|████▍     | 18/41 [00:03<00:05,  4.13it/s]OCR-det en:  46%|████▋     | 19/41 [00:03<00:05,  4.33it/s]OCR-det en:  51%|█████     | 21/41 [00:03<00:04,  4.80it/s]OCR-det en:  54%|█████▎    | 22/41 [00:04<00:04,  4.33it/s]OCR-det en:  56%|█████▌    | 23/41 [00:04<00:03,  4.97it/s]OCR-det en:  59%|█████▊    | 24/41 [00:04<00:03,  4.47it/s]OCR-det en:  63%|██████▎   | 26/41 [00:05<00:03,  4.19it/s]OCR-det en:  66%|██████▌   | 27/41 [00:07<00:08,  1.59it/s]OCR-det en:  68%|██████▊   | 28/41 [00:07<00:08,  1.49it/s]OCR-det en:  73%|███████▎  | 30/41 [00:08<00:04,  2.27it/s]OCR-det en:  80%|████████  | 33/41 [00:08<00:02,  3.93it/s]OCR-det en:  85%|████████▌ | 35/41 [00:08<00:01,  5.07it/s]OCR-det en:  90%|█████████ | 37/41 [00:08<00:00,  6.40it/s]OCR-det en:  95%|█████████▌| 39/41 [00:08<00:00,  7.46it/s]OCR-det en: 100%|██████████| 41/41 [00:08<00:00,  4.63it/s]
2026-09-30 15:41:12.267 | DEBUG    | mineru.utils.model_utils:clean_vram:214 - gc time: 0.58
Seal Predict: 0it [00:00, ?it/s]Seal Predict: 0it [00:00, ?it/s]
Processing pages:   0%|          | 0/11 [00:00<?, ?it/s]Processing pages:   9%|▉         | 1/11 [00:00<00:02,  3.59it/s]Processing pages:  18%|█▊        | 2/11 [00:00<00:01,  5.46it/s]Processing pages:  27%|██▋       | 3/11 [00:00<00:01,  4.74it/s]Processing pages:  36%|███▋      | 4/11 [00:02<00:05,  1.28it/s]Processing pages:  45%|████▌     | 5/11 [00:05<00:10,  1.77s/it]Processing pages:  55%|█████▍    | 6/11 [00:06<00:06,  1.35s/it]Processing pages:  64%|██████▎   | 7/11 [00:06<00:04,  1.02s/it]Processing pages:  73%|███████▎  | 8/11 [00:07<00:03,  1.10s/it]Processing pages:  82%|████████▏ | 9/11 [00:08<00:01,  1.26it/s]Processing pages:  91%|█████████ | 10/11 [00:08<00:00,  1.70it/s]Processing pages: 100%|██████████| 11/11 [00:08<00:00,  2.25it/s]
OCR-rec Predict:   0%|          | 0/19 [00:00<?, ?it/s][A
OCR-rec Predict:  32%|███▏      | 6/19 [00:00<00:00, 17.38it/s][A
OCR-rec Predict:  63%|██████▎   | 12/19 [00:00<00:00, 16.79it/s][A
OCR-rec Predict:  95%|█████████▍| 18/19 [00:01<00:00, 11.56it/s][AOCR-rec Predict: 100%|██████████| 19/19 [00:01<00:00, 11.96it/s]
2026-09-30 15:41:22.794 | DEBUG    | mineru.backend.pipeline.pipeline_analyze:_finalize_processing_window_context:130 - Pipeline doc ready: doc0 pages=11
Processing pages: 100%|██████████| 11/11 [00:09<00:00,  1.11it/s]
2026-09-30 15:41:22.796 | DEBUG    | mineru.backend.pipeline.pipeline_analyze:doc_analyze_streaming:320 - processing-window multi-file infer finished, cost: 89.05, speed: 0.124 page/s
2026-09-30 15:41:24.901 | INFO     | mineru.backend.pipeline.pipeline_analyze:doc_analyze_streaming:209 - Pipeline processing-window multi-file run. doc_count=1, total_pages=16, window_size=64, total_batches=1
2026-09-30 15:41:24.901 | DEBUG    | mineru.utils.pdf_image_tools:_load_images_from_pdf_bytes_range:289 - PDF image rendering uses 1 processes for pages 1-16: [(0, 15)]
2026-09-30 15:41:25.953 | INFO     | mineru.backend.pipeline.pipeline_analyze:doc_analyze_streaming:264 - Pipeline processing window batch 1/1: 16/16 pages, batch_pages=16, doc_slices=doc0:1-16
2026-09-30 15:41:25.953 | INFO     | mineru.backend.pipeline.pipeline_analyze:batch_image_analyze:364 - GPU Memory: 1 GB, Batch Ratio: 1. 
    ✓ Saved: 44. Integrated evaluation of the performance of phosphogypsum recycling technologies in China/auto/44. Integrated evaluation of the performance of phosphogypsum recycling technologies in China.md (66740 chars)
[40/72] ⏭ Skipped (up-to-date registry): 45. Hydrothermal synthesis of hydroxyapatite coati
[41/72] ⏭ Skipped (up-to-date registry): 46. 磷石膏综合利用背景下的环境影响研究现状.pdf
[42/72] ⏭ Skipped (up-to-date registry): 47. One-step hydrothermal synthesis with in situ m

[43/72] Parsing: 48. Influence of hydrothermal synthesis parameters...
Layout Predict:   0%|          | 0/16 [00:00<?, ?it/s]Layout Predict:   6%|▋         | 1/16 [00:00<00:05,  2.77it/s]Layout Predict:  12%|█▎        | 2/16 [00:00<00:04,  3.00it/s]Layout Predict:  19%|█▉        | 3/16 [00:00<00:04,  3.05it/s]Layout Predict:  25%|██▌       | 4/16 [00:01<00:03,  3.13it/s]Layout Predict:  31%|███▏      | 5/16 [00:01<00:03,  3.17it/s]Layout Predict:  38%|███▊      | 6/16 [00:01<00:03,  3.19it/s]Layout Predict:  44%|████▍     | 7/16 [00:02<00:02,  3.18it/s]Layout Predict:  50%|█████     | 8/16 [00:02<00:02,  3.18it/s]Layout Predict:  56%|█████▋    | 9/16 [00:02<00:02,  3.18it/s]Layout Predict:  62%|██████▎   | 10/16 [00:03<00:01,  3.21it/s]Layout Predict:  69%|██████▉   | 11/16 [00:03<00:01,  3.22it/s]Layout Predict:  75%|███████▌  | 12/16 [00:03<00:01,  3.23it/s]Layout Predict:  81%|████████▏ | 13/16 [00:04<00:00,  3.22it/s]Layout Predict:  88%|████████▊ | 14/16 [00:04<00:00,  3.22it/s]Layout Predict:  94%|█████████▍| 15/16 [00:04<00:00,  3.21it/s]Layout Predict: 100%|██████████| 16/16 [00:05<00:00,  3.22it/s]Layout Predict: 100%|██████████| 16/16 [00:05<00:00,  3.18it/s]
2026-09-30 15:41:31.548 | DEBUG    | mineru.utils.model_utils:clean_vram:214 - gc time: 0.52
MFR Predict:   0%|          | 0/165 [00:00<?, ?it/s]MFR Predict:  10%|▉         | 16/165 [00:03<00:28,  5.30it/s]MFR Predict:  19%|█▉        | 32/165 [00:06<00:28,  4.73it/s]MFR Predict:  29%|██▉       | 48/165 [00:10<00:26,  4.46it/s]MFR Predict:  39%|███▉      | 64/165 [00:14<00:23,  4.38it/s]MFR Predict:  48%|████▊     | 80/165 [00:18<00:19,  4.27it/s]MFR Predict:  58%|█████▊    | 96/165 [00:22<00:16,  4.09it/s]MFR Predict:  68%|██████▊   | 112/165 [00:26<00:12,  4.08it/s]MFR Predict:  78%|███████▊  | 128/165 [00:30<00:09,  4.03it/s]MFR Predict:  87%|████████▋ | 144/165 [00:35<00:05,  3.74it/s]MFR Predict: 100%|██████████| 165/165 [00:47<00:00,  2.59it/s]MFR Predict: 100%|██████████| 165/165 [00:47<00:00,  3.46it/s]
2026-09-30 15:42:19.771 | DEBUG    | mineru.utils.model_utils:clean_vram:214 - gc time: 0.51
Table-ocr det:   0%|          | 0/8 [00:00<?, ?it/s]Table-ocr det:  12%|█▎        | 1/8 [00:00<00:01,  4.32it/s]Table-ocr det:  38%|███▊      | 3/8 [00:00<00:00,  9.86it/s]Table-ocr det:  62%|██████▎   | 5/8 [00:00<00:00, 12.35it/s]Table-ocr det:  88%|████████▊ | 7/8 [00:00<00:00, 13.25it/s]Table-ocr det: 100%|██████████| 8/8 [00:00<00:00, 12.33it/s]
Table-ocr rec en:   0%|          | 0/192 [00:00<?, ?it/s]Table-ocr rec en:   3%|▎         | 6/192 [00:00<00:06, 28.73it/s]Table-ocr rec en:   6%|▋         | 12/192 [00:00<00:09, 18.65it/s]Table-ocr rec en:   9%|▉         | 18/192 [00:00<00:09, 18.20it/s]Table-ocr rec en:  12%|█▎        | 24/192 [00:01<00:10, 16.11it/s]Table-ocr rec en:  16%|█▌        | 30/192 [00:02<00:12, 12.62it/s]Table-ocr rec en:  19%|█▉        | 36/192 [00:02<00:10, 14.51it/s]Table-ocr rec en:  22%|██▏       | 42/192 [00:02<00:10, 14.67it/s]Table-ocr rec en:  25%|██▌       | 48/192 [00:02<00:08, 16.73it/s]Table-ocr rec en:  28%|██▊       | 54/192 [00:03<00:07, 17.32it/s]Table-ocr rec en:  31%|███▏      | 60/192 [00:03<00:09, 14.32it/s]Table-ocr rec en:  34%|███▍      | 66/192 [00:04<00:08, 14.55it/s]Table-ocr rec en:  38%|███▊      | 72/192 [00:04<00:08, 14.65it/s]Table-ocr rec en:  41%|████      | 78/192 [00:05<00:07, 15.12it/s]Table-ocr rec en:  44%|████▍     | 84/192 [00:05<00:06, 15.99it/s]Table-ocr rec en:  47%|████▋     | 90/192 [00:05<00:07, 14.08it/s]Table-ocr rec en:  50%|█████     | 96/192 [00:06<00:06, 14.89it/s]Table-ocr rec en:  53%|█████▎    | 102/192 [00:06<00:06, 14.74it/s]Table-ocr rec en:  56%|█████▋    | 108/192 [00:07<00:06, 13.77it/s]Table-ocr rec en:  59%|█████▉    | 114/192 [00:07<00:05, 14.48it/s]Table-ocr rec en:  62%|██████▎   | 120/192 [00:07<00:04, 15.64it/s]Table-ocr rec en:  66%|██████▌   | 126/192 [00:08<00:04, 13.22it/s]Table-ocr rec en:  69%|██████▉   | 132/192 [00:08<00:04, 13.22it/s]Table-ocr rec en:  72%|███████▏  | 138/192 [00:09<00:03, 13.90it/s]Table-ocr rec en:  75%|███████▌  | 144/192 [00:09<00:03, 12.23it/s]Table-ocr rec en:  78%|███████▊  | 150/192 [00:10<00:02, 15.30it/s]Table-ocr rec en:  81%|████████▏ | 156/192 [00:10<00:02, 16.14it/s]Table-ocr rec en:  84%|████████▍ | 162/192 [00:10<00:01, 17.82it/s]Table-ocr rec en:  88%|████████▊ | 168/192 [00:11<00:01, 17.49it/s]Table-ocr rec en:  91%|█████████ | 174/192 [00:11<00:00, 18.40it/s]Table-ocr rec en:  94%|█████████▍| 180/192 [00:11<00:00, 17.61it/s]Table-ocr rec en:  97%|█████████▋| 186/192 [00:12<00:00, 15.44it/s]Table-ocr rec en: 100%|██████████| 192/192 [00:12<00:00, 14.07it/s]Table-ocr rec en: 100%|██████████| 192/192 [00:12<00:00, 15.09it/s]
Table-wireless Predict:   0%|          | 0/8 [00:00<?, ?it/s]Table-wireless Predict:  50%|█████     | 4/8 [00:02<00:02,  1.80it/s]Table-wireless Predict: 100%|██████████| 8/8 [00:04<00:00,  1.80it/s]Table-wireless Predict: 100%|██████████| 8/8 [00:04<00:00,  1.80it/s]
Table-wired Predict:   0%|          | 0/6 [00:00<?, ?it/s]Table-wired Predict:  17%|█▋        | 1/6 [00:01<00:07,  1.58s/it]Table-wired Predict:  33%|███▎      | 2/6 [00:04<00:10,  2.58s/it]Table-wired Predict:  50%|█████     | 3/6 [00:10<00:12,  4.03s/it]Table-wired Predict:  67%|██████▋   | 4/6 [00:14<00:07,  3.99s/it]Table-wired Predict:  83%|████████▎ | 5/6 [00:17<00:03,  3.76s/it]Table-wired Predict: 100%|██████████| 6/6 [00:19<00:00,  2.95s/it]Table-wired Predict: 100%|██████████| 6/6 [00:19<00:00,  3.21s/it]
OCR-det en:   0%|          | 0/38 [00:00<?, ?it/s]OCR-det en:   5%|▌         | 2/38 [00:00<00:05,  6.12it/s]OCR-det en:  13%|█▎        | 5/38 [00:00<00:02, 11.68it/s]OCR-det en:  18%|█▊        | 7/38 [00:01<00:07,  3.88it/s]OCR-det en:  21%|██        | 8/38 [00:01<00:07,  4.28it/s]OCR-det en:  24%|██▎       | 9/38 [00:02<00:11,  2.59it/s]OCR-det en:  26%|██▋       | 10/38 [00:02<00:08,  3.18it/s]OCR-det en:  29%|██▉       | 11/38 [00:02<00:07,  3.79it/s]OCR-det en:  32%|███▏      | 12/38 [00:02<00:06,  4.33it/s]OCR-det en:  34%|███▍      | 13/38 [00:03<00:05,  4.92it/s]OCR-det en:  37%|███▋      | 14/38 [00:03<00:05,  4.20it/s]OCR-det en:  39%|███▉      | 15/38 [00:03<00:06,  3.58it/s]OCR-det en:  42%|████▏     | 16/38 [00:04<00:08,  2.64it/s]OCR-det en:  45%|████▍     | 17/38 [00:05<00:09,  2.13it/s]OCR-det en:  47%|████▋     | 18/38 [00:05<00:09,  2.16it/s]OCR-det en:  50%|█████     | 19/38 [00:05<00:07,  2.63it/s]OCR-det en:  53%|█████▎    | 20/38 [00:05<00:05,  3.26it/s]OCR-det en:  58%|█████▊    | 22/38 [00:05<00:03,  5.16it/s]OCR-det en:  63%|██████▎   | 24/38 [00:06<00:02,  6.94it/s]OCR-det en:  68%|██████▊   | 26/38 [00:06<00:02,  5.35it/s]OCR-det en:  74%|███████▎  | 28/38 [00:07<00:02,  3.78it/s]OCR-det en:  79%|███████▉  | 30/38 [00:08<00:02,  3.40it/s]OCR-det en:  84%|████████▍ | 32/38 [00:08<00:01,  4.57it/s]OCR-det en:  89%|████████▉ | 34/38 [00:08<00:00,  5.92it/s]OCR-det en:  95%|█████████▍| 36/38 [00:08<00:00,  6.11it/s]OCR-det en: 100%|██████████| 38/38 [00:08<00:00,  4.33it/s]
2026-09-30 15:43:06.456 | DEBUG    | mineru.utils.model_utils:clean_vram:214 - gc time: 0.54
Seal Predict: 0it [00:00, ?it/s]Seal Predict: 0it [00:00, ?it/s]
Processing pages:   0%|          | 0/16 [00:00<?, ?it/s]Processing pages:  12%|█▎        | 2/16 [00:00<00:01, 13.05it/s]Processing pages:  25%|██▌       | 4/16 [00:02<00:06,  1.72it/s]Processing pages:  38%|███▊      | 6/16 [00:02<00:04,  2.28it/s]Processing pages:  44%|████▍     | 7/16 [00:03<00:04,  2.25it/s]Processing pages:  50%|█████     | 8/16 [00:04<00:05,  1.34it/s]Processing pages:  56%|█████▋    | 9/16 [00:05<00:04,  1.47it/s]Processing pages:  62%|██████▎   | 10/16 [00:05<00:03,  1.78it/s]Processing pages:  69%|██████▉   | 11/16 [00:06<00:03,  1.40it/s]Processing pages:  75%|███████▌  | 12/16 [00:07<00:03,  1.09it/s]Processing pages:  81%|████████▏ | 13/16 [00:08<00:02,  1.36it/s]Processing pages:  88%|████████▊ | 14/16 [00:08<00:01,  1.67it/s]Processing pages:  94%|█████████▍| 15/16 [00:08<00:00,  2.22it/s]
OCR-rec Predict:   0%|          | 0/3 [00:00<?, ?it/s][A
OCR-rec Predict: 100%|██████████| 3/3 [00:00<00:00,  8.48it/s][AOCR-rec Predict: 100%|██████████| 3/3 [00:00<00:00,  8.48it/s]
2026-09-30 15:43:15.960 | DEBUG    | mineru.backend.pipeline.pipeline_analyze:_finalize_processing_window_context:130 - Pipeline doc ready: doc0 pages=16
Processing pages: 100%|██████████| 16/16 [00:09<00:00,  1.78it/s]
2026-09-30 15:43:15.961 | DEBUG    | mineru.backend.pipeline.pipeline_analyze:doc_analyze_streaming:320 - processing-window multi-file infer finished, cost: 111.06, speed: 0.144 page/s
2026-09-30 15:43:17.180 | INFO     | mineru.backend.pipeline.pipeline_analyze:doc_analyze_streaming:209 - Pipeline processing-window multi-file run. doc_count=1, total_pages=8, window_size=64, total_batches=1
2026-09-30 15:43:17.180 | DEBUG    | mineru.utils.pdf_image_tools:_load_images_from_pdf_bytes_range:289 - PDF image rendering uses 1 processes for pages 1-8: [(0, 7)]
2026-09-30 15:43:17.697 | INFO     | mineru.backend.pipeline.pipeline_analyze:doc_analyze_streaming:264 - Pipeline processing window batch 1/1: 8/8 pages, batch_pages=8, doc_slices=doc0:1-8
2026-09-30 15:43:17.698 | INFO     | mineru.backend.pipeline.pipeline_analyze:batch_image_analyze:364 - GPU Memory: 1 GB, Batch Ratio: 1. 
    ✓ Saved: 48. Influence of hydrothermal synthesis parameters on the properties of hydroxyapatite nanoparticles/auto/48. Influence of hydrothermal synthesis parameters on the properties of hydroxyapatite nanoparticles.md (67432 chars)

[44/72] Parsing: 49. A novel process approach of a circular economy...
Layout Predict:   0%|          | 0/8 [00:00<?, ?it/s]Layout Predict:  12%|█▎        | 1/8 [00:00<00:02,  2.82it/s]Layout Predict:  25%|██▌       | 2/8 [00:00<00:01,  3.00it/s]Layout Predict:  38%|███▊      | 3/8 [00:00<00:01,  3.08it/s]Layout Predict:  50%|█████     | 4/8 [00:01<00:01,  3.13it/s]Layout Predict:  62%|██████▎   | 5/8 [00:01<00:00,  3.17it/s]Layout Predict:  75%|███████▌  | 6/8 [00:01<00:00,  3.19it/s]Layout Predict:  88%|████████▊ | 7/8 [00:02<00:00,  3.15it/s]Layout Predict: 100%|██████████| 8/8 [00:02<00:00,  3.15it/s]Layout Predict: 100%|██████████| 8/8 [00:02<00:00,  3.12it/s]
2026-09-30 15:43:20.837 | DEBUG    | mineru.utils.model_utils:clean_vram:214 - gc time: 0.56
MFR Predict:   0%|          | 0/38 [00:00<?, ?it/s]MFR Predict:  42%|████▏     | 16/38 [00:03<00:05,  4.22it/s]MFR Predict: 100%|██████████| 38/38 [00:17<00:00,  2.06it/s]MFR Predict: 100%|██████████| 38/38 [00:17<00:00,  2.20it/s]
2026-09-30 15:43:38.727 | DEBUG    | mineru.utils.model_utils:clean_vram:214 - gc time: 0.61
Table-ocr det:   0%|          | 0/2 [00:00<?, ?it/s]Table-ocr det:  50%|█████     | 1/2 [00:00<00:00,  6.20it/s]Table-ocr det: 100%|██████████| 2/2 [00:00<00:00,  9.58it/s]
Table-ocr rec en:   0%|          | 0/29 [00:00<?, ?it/s]Table-ocr rec en:  21%|██        | 6/29 [00:00<00:01, 13.88it/s]Table-ocr rec en:  41%|████▏     | 12/29 [00:00<00:00, 18.21it/s]Table-ocr rec en:  62%|██████▏   | 18/29 [00:00<00:00, 20.18it/s]Table-ocr rec en:  83%|████████▎ | 24/29 [00:01<00:00, 19.87it/s]Table-ocr rec en: 100%|██████████| 29/29 [00:01<00:00, 17.38it/s]Table-ocr rec en: 100%|██████████| 29/29 [00:01<00:00, 17.87it/s]
Table-wireless Predict:   0%|          | 0/2 [00:00<?, ?it/s]Table-wireless Predict: 100%|██████████| 2/2 [00:01<00:00,  1.54it/s]Table-wireless Predict: 100%|██████████| 2/2 [00:01<00:00,  1.54it/s]
Table-wired Predict:   0%|          | 0/2 [00:00<?, ?it/s]Table-wired Predict:  50%|█████     | 1/2 [00:01<00:01,  1.38s/it]Table-wired Predict: 100%|██████████| 2/2 [00:03<00:00,  1.53s/it]Table-wired Predict: 100%|██████████| 2/2 [00:03<00:00,  1.51s/it]
OCR-det en:   0%|          | 0/37 [00:00<?, ?it/s]OCR-det en:   5%|▌         | 2/37 [00:00<00:02, 16.81it/s]OCR-det en:  11%|█         | 4/37 [00:00<00:04,  6.63it/s]OCR-det en:  19%|█▉        | 7/37 [00:00<00:03,  8.54it/s]OCR-det en:  27%|██▋       | 10/37 [00:00<00:02, 11.04it/s]OCR-det en:  32%|███▏      | 12/37 [00:01<00:03,  6.90it/s]OCR-det en:  41%|████      | 15/37 [00:01<00:02,  8.50it/s]OCR-det en:  49%|████▊     | 18/37 [00:01<00:01, 11.03it/s]OCR-det en:  57%|█████▋    | 21/37 [00:02<00:01, 12.29it/s]OCR-det en:  62%|██████▏   | 23/37 [00:02<00:01, 12.12it/s]OCR-det en:  68%|██████▊   | 25/37 [00:03<00:01,  6.07it/s]OCR-det en:  73%|███████▎  | 27/37 [00:03<00:01,  5.72it/s]OCR-det en:  76%|███████▌  | 28/37 [00:03<00:01,  5.72it/s]OCR-det en:  78%|███████▊  | 29/37 [00:04<00:01,  4.42it/s]OCR-det en:  81%|████████  | 30/37 [00:04<00:01,  4.80it/s]OCR-det en:  84%|████████▍ | 31/37 [00:04<00:01,  3.71it/s]OCR-det en:  89%|████████▉ | 33/37 [00:05<00:01,  3.32it/s]OCR-det en:  95%|█████████▍| 35/37 [00:05<00:00,  4.56it/s]OCR-det en: 100%|██████████| 37/37 [00:05<00:00,  6.58it/s]
2026-09-30 15:43:51.237 | DEBUG    | mineru.utils.model_utils:clean_vram:214 - gc time: 0.57
Seal Predict: 0it [00:00, ?it/s]Seal Predict: 0it [00:00, ?it/s]
Processing pages:   0%|          | 0/8 [00:00<?, ?it/s]Processing pages:  12%|█▎        | 1/8 [00:01<00:07,  1.09s/it]Processing pages:  25%|██▌       | 2/8 [00:01<00:03,  1.64it/s]Processing pages:  38%|███▊      | 3/8 [00:01<00:02,  2.02it/s]Processing pages:  50%|█████     | 4/8 [00:02<00:01,  2.19it/s]Processing pages:  62%|██████▎   | 5/8 [00:02<00:01,  1.64it/s]Processing pages:  75%|███████▌  | 6/8 [00:03<00:01,  1.85it/s]Processing pages:  88%|████████▊ | 7/8 [00:03<00:00,  2.46it/s]
OCR-rec Predict:   0%|          | 0/20 [00:00<?, ?it/s][A
OCR-rec Predict:  30%|███       | 6/20 [00:00<00:00, 15.56it/s][A
OCR-rec Predict:  60%|██████    | 12/20 [00:00<00:00, 17.66it/s][A
OCR-rec Predict:  90%|█████████ | 18/20 [00:01<00:00, 17.58it/s][A
OCR-rec Predict: 100%|██████████| 20/20 [00:01<00:00, 13.65it/s][AOCR-rec Predict: 100%|██████████| 20/20 [00:01<00:00, 15.00it/s]
2026-09-30 15:43:56.688 | DEBUG    | mineru.backend.pipeline.pipeline_analyze:_finalize_processing_window_context:130 - Pipeline doc ready: doc0 pages=8
Processing pages: 100%|██████████| 8/8 [00:04<00:00,  1.62it/s]
2026-09-30 15:43:56.690 | DEBUG    | mineru.backend.pipeline.pipeline_analyze:doc_analyze_streaming:320 - processing-window multi-file infer finished, cost: 39.51, speed: 0.202 page/s
2026-09-30 15:43:58.195 | INFO     | mineru.backend.pipeline.pipeline_analyze:doc_analyze_streaming:209 - Pipeline processing-window multi-file run. doc_count=1, total_pages=12, window_size=64, total_batches=1
2026-09-30 15:43:58.196 | DEBUG    | mineru.utils.pdf_image_tools:_load_images_from_pdf_bytes_range:289 - PDF image rendering uses 1 processes for pages 1-12: [(0, 11)]
2026-09-30 15:43:59.302 | INFO     | mineru.backend.pipeline.pipeline_analyze:doc_analyze_streaming:264 - Pipeline processing window batch 1/1: 12/12 pages, batch_pages=12, doc_slices=doc0:1-12
2026-09-30 15:43:59.303 | INFO     | mineru.backend.pipeline.pipeline_analyze:batch_image_analyze:364 - GPU Memory: 1 GB, Batch Ratio: 1. 
    ✓ Saved: 49. A novel process approach of a circular economy practice in the production of hydroxyapatite from phosphogypsum/auto/49. A novel process approach of a circular economy practice in the production of hydroxyapatite from phosphogypsum.md (32997 chars)

[45/72] Parsing: 5. Utilization path of bulk industrial solid waste...
Layout Predict:   0%|          | 0/12 [00:00<?, ?it/s]Layout Predict:   8%|▊         | 1/12 [00:00<00:03,  2.89it/s]Layout Predict:  17%|█▋        | 2/12 [00:00<00:03,  3.07it/s]Layout Predict:  25%|██▌       | 3/12 [00:00<00:02,  3.12it/s]Layout Predict:  33%|███▎      | 4/12 [00:01<00:02,  3.18it/s]Layout Predict:  42%|████▏     | 5/12 [00:01<00:02,  3.21it/s]Layout Predict:  50%|█████     | 6/12 [00:01<00:01,  3.25it/s]Layout Predict:  58%|█████▊    | 7/12 [00:02<00:01,  3.23it/s]Layout Predict:  67%|██████▋   | 8/12 [00:02<00:01,  3.25it/s]Layout Predict:  75%|███████▌  | 9/12 [00:02<00:00,  3.24it/s]Layout Predict:  83%|████████▎ | 10/12 [00:03<00:00,  3.24it/s]Layout Predict:  92%|█████████▏| 11/12 [00:03<00:00,  3.25it/s]Layout Predict: 100%|██████████| 12/12 [00:03<00:00,  3.27it/s]Layout Predict: 100%|██████████| 12/12 [00:03<00:00,  3.22it/s]
2026-09-30 15:44:03.674 | DEBUG    | mineru.utils.model_utils:clean_vram:214 - gc time: 0.61
MFR Predict:   0%|          | 0/93 [00:00<?, ?it/s]MFR Predict:  17%|█▋        | 16/93 [00:03<00:16,  4.55it/s]MFR Predict:  34%|███▍      | 32/93 [00:07<00:13,  4.57it/s]MFR Predict:  52%|█████▏    | 48/93 [00:11<00:10,  4.19it/s]MFR Predict:  69%|██████▉   | 64/93 [00:16<00:08,  3.52it/s]MFR Predict: 100%|██████████| 93/93 [00:34<00:00,  2.27it/s]MFR Predict: 100%|██████████| 93/93 [00:34<00:00,  2.73it/s]
2026-09-30 15:44:38.237 | DEBUG    | mineru.utils.model_utils:clean_vram:214 - gc time: 0.49
Table-ocr det:   0%|          | 0/2 [00:00<?, ?it/s]Table-ocr det:  50%|█████     | 1/2 [00:00<00:00,  3.73it/s]Table-ocr det: 100%|██████████| 2/2 [00:00<00:00,  5.83it/s]
Table-ocr rec en:   0%|          | 0/53 [00:00<?, ?it/s]Table-ocr rec en:  11%|█▏        | 6/53 [00:00<00:02, 15.77it/s]Table-ocr rec en:  23%|██▎       | 12/53 [00:00<00:01, 21.39it/s]Table-ocr rec en:  34%|███▍      | 18/53 [00:00<00:01, 22.38it/s]Table-ocr rec en:  45%|████▌     | 24/53 [00:01<00:01, 21.96it/s]Table-ocr rec en:  57%|█████▋    | 30/53 [00:01<00:01, 20.04it/s]Table-ocr rec en:  68%|██████▊   | 36/53 [00:01<00:00, 18.31it/s]Table-ocr rec en:  79%|███████▉  | 42/53 [00:02<00:00, 15.93it/s]Table-ocr rec en:  91%|█████████ | 48/53 [00:02<00:00, 15.94it/s]Table-ocr rec en: 100%|██████████| 53/53 [00:03<00:00, 14.61it/s]Table-ocr rec en: 100%|██████████| 53/53 [00:03<00:00, 16.96it/s]
Table-wireless Predict:   0%|          | 0/2 [00:00<?, ?it/s]Table-wireless Predict: 100%|██████████| 2/2 [00:00<00:00,  2.50it/s]Table-wireless Predict: 100%|██████████| 2/2 [00:00<00:00,  2.50it/s]
Table-wired Predict:   0%|          | 0/2 [00:00<?, ?it/s]Table-wired Predict:  50%|█████     | 1/2 [00:03<00:03,  3.56s/it]Table-wired Predict: 100%|██████████| 2/2 [00:06<00:00,  3.08s/it]Table-wired Predict: 100%|██████████| 2/2 [00:06<00:00,  3.15s/it]
OCR-det en:   0%|          | 0/45 [00:00<?, ?it/s]OCR-det en:   2%|▏         | 1/45 [00:00<00:13,  3.14it/s]OCR-det en:   7%|▋         | 3/45 [00:00<00:07,  5.75it/s]OCR-det en:   9%|▉         | 4/45 [00:05<01:08,  1.68s/it]OCR-det en:  11%|█         | 5/45 [00:05<00:49,  1.23s/it]OCR-det en:  18%|█▊        | 8/45 [00:05<00:19,  1.88it/s]OCR-det en:  27%|██▋       | 12/45 [00:05<00:08,  3.76it/s]OCR-det en:  31%|███       | 14/45 [00:06<00:07,  4.01it/s]OCR-det en:  36%|███▌      | 16/45 [00:06<00:08,  3.30it/s]OCR-det en:  42%|████▏     | 19/45 [00:07<00:05,  4.94it/s]OCR-det en:  47%|████▋     | 21/45 [00:07<00:05,  4.35it/s]OCR-det en:  51%|█████     | 23/45 [00:07<00:04,  5.26it/s]OCR-det en:  56%|█████▌    | 25/45 [00:07<00:03,  6.29it/s]OCR-det en:  60%|██████    | 27/45 [00:08<00:03,  5.98it/s]OCR-det en:  67%|██████▋   | 30/45 [00:08<00:01,  8.00it/s]OCR-det en:  71%|███████   | 32/45 [00:08<00:01,  8.99it/s]OCR-det en:  76%|███████▌  | 34/45 [00:09<00:01,  7.19it/s]OCR-det en:  80%|████████  | 36/45 [00:09<00:01,  5.79it/s]OCR-det en:  84%|████████▍ | 38/45 [00:09<00:01,  6.48it/s]OCR-det en:  89%|████████▉ | 40/45 [00:09<00:00,  7.75it/s]OCR-det en:  93%|█████████▎| 42/45 [00:10<00:00,  9.24it/s]OCR-det en:  98%|█████████▊| 44/45 [00:10<00:00, 10.98it/s]OCR-det en: 100%|██████████| 45/45 [00:10<00:00,  4.40it/s]
2026-09-30 15:44:59.817 | DEBUG    | mineru.utils.model_utils:clean_vram:214 - gc time: 0.49
Seal Predict: 0it [00:00, ?it/s]Seal Predict: 0it [00:00, ?it/s]
Processing pages:   0%|          | 0/12 [00:00<?, ?it/s]Processing pages:   8%|▊         | 1/12 [00:00<00:04,  2.41it/s]Processing pages:  17%|█▋        | 2/12 [00:01<00:09,  1.07it/s]Processing pages:  25%|██▌       | 3/12 [00:01<00:05,  1.75it/s]Processing pages:  33%|███▎      | 4/12 [00:02<00:03,  2.15it/s]Processing pages:  42%|████▏     | 5/12 [00:03<00:06,  1.08it/s]Processing pages:  50%|█████     | 6/12 [00:04<00:04,  1.43it/s]Processing pages:  58%|█████▊    | 7/12 [00:07<00:07,  1.48s/it]Processing pages:  67%|██████▋   | 8/12 [00:07<00:04,  1.09s/it]Processing pages:  75%|███████▌  | 9/12 [00:07<00:02,  1.23it/s]Processing pages:  83%|████████▎ | 10/12 [00:07<00:01,  1.62it/s]Processing pages:  92%|█████████▏| 11/12 [00:08<00:00,  1.54it/s]Processing pages: 100%|██████████| 12/12 [00:08<00:00,  2.03it/s]
OCR-rec Predict:   0%|          | 0/25 [00:00<?, ?it/s][A
OCR-rec Predict:  24%|██▍       | 6/25 [00:00<00:01, 12.49it/s][A
OCR-rec Predict:  48%|████▊     | 12/25 [00:01<00:01, 10.01it/s][A
OCR-rec Predict:  72%|███████▏  | 18/25 [00:01<00:00, 10.26it/s][A
OCR-rec Predict:  96%|█████████▌| 24/25 [00:02<00:00,  8.02it/s][A
OCR-rec Predict: 100%|██████████| 25/25 [00:02<00:00,  7.70it/s][AOCR-rec Predict: 100%|██████████| 25/25 [00:02<00:00,  8.58it/s]
2026-09-30 15:45:12.009 | DEBUG    | mineru.backend.pipeline.pipeline_analyze:_finalize_processing_window_context:130 - Pipeline doc ready: doc0 pages=12
Processing pages: 100%|██████████| 12/12 [00:11<00:00,  1.03it/s]
2026-09-30 15:45:12.011 | DEBUG    | mineru.backend.pipeline.pipeline_analyze:doc_analyze_streaming:320 - processing-window multi-file infer finished, cost: 73.82, speed: 0.163 page/s
2026-09-30 15:45:19.233 | INFO     | mineru.backend.pipeline.pipeline_analyze:doc_analyze_streaming:209 - Pipeline processing-window multi-file run. doc_count=1, total_pages=24, window_size=64, total_batches=1
2026-09-30 15:45:19.233 | DEBUG    | mineru.utils.pdf_image_tools:_load_images_from_pdf_bytes_range:289 - PDF image rendering uses 1 processes for pages 1-24: [(0, 23)]
2026-09-30 15:45:22.968 | INFO     | mineru.backend.pipeline.pipeline_analyze:doc_analyze_streaming:264 - Pipeline processing window batch 1/1: 24/24 pages, batch_pages=24, doc_slices=doc0:1-24
2026-09-30 15:45:22.968 | INFO     | mineru.backend.pipeline.pipeline_analyze:batch_image_analyze:364 - GPU Memory: 1 GB, Batch Ratio: 1. 
    ✓ Saved: 5. Utilization path of bulk industrial solid waste A review on the multi-directional resource utilization path of phosphogypsum/auto/5. Utilization path of bulk industrial solid waste A review on the multi-directional resource utilization path of phosphogypsum.md (96642 chars)
[46/72] ⏭ Skipped (up-to-date registry): 50. Hydrothermal synthesis of nanocrystalline hydr
[47/72] ⏭ Skipped (up-to-date registry): 51. Synthesis of nano-crystalline hydroxyapatite a
[48/72] ⏭ Skipped (up-to-date registry): 52. Hydrothermal synthesis of hydroxyapatite nanop
[49/72] ⏭ Skipped (up-to-date registry): 53. Utilization path of bulk industrial solid wast
[50/72] ⏭ Skipped (up-to-date registry): 54. Conversion of waste phosphogypsum into value-a
[51/72] ⏭ Skipped (up-to-date registry): 55. Utilization of waste phosphogypsum to prepare 
[52/72] ⏭ Skipped (up-to-date registry): 56. Innovative strategy of turning waste into trea
[53/72] ⏭ Skipped (up-to-date registry): 57. An Evaluation of Phosphogypsum (PG) -Derived N
[54/72] ⏭ Skipped (up-to-date registry): 58. A novel process approach of a circular economy
[55/72] ⏭ Skipped (up-to-date registry): 59. Competitive adsorption of Pb(II), Cu(II), and 
[56/72] ⏭ Skipped (up-to-date registry): 6. Environmental impacts of phosphogypsum.pdf
[57/72] ⏭ Skipped (up-to-date registry): 60. Effect of surfactant and heat treatment on mor
[58/72] ⏭ Skipped (up-to-date registry): 61. Morphology control of hydroxyapatite microcrys
[59/72] ⏭ Skipped (up-to-date registry): 62. Rod-shaped hydroxyapatite with mesoporous stru
[60/72] ⏭ Skipped (up-to-date registry): 63. Hydrothermal synthesis of nanocrystalline hydr
[61/72] ⏭ Skipped (up-to-date registry): 64. Hydroxyapatite, a multifunctional material for

[62/72] Parsing: 65. Review on high-value utilization of phosphogyp...
Layout Predict:   0%|          | 0/24 [00:00<?, ?it/s]Layout Predict:   4%|▍         | 1/24 [00:00<00:08,  2.84it/s]Layout Predict:   8%|▊         | 2/24 [00:00<00:07,  3.05it/s]Layout Predict:  12%|█▎        | 3/24 [00:00<00:06,  3.08it/s]Layout Predict:  17%|█▋        | 4/24 [00:01<00:06,  3.12it/s]Layout Predict:  21%|██        | 5/24 [00:01<00:06,  3.15it/s]Layout Predict:  25%|██▌       | 6/24 [00:01<00:05,  3.18it/s]Layout Predict:  29%|██▉       | 7/24 [00:02<00:05,  3.19it/s]Layout Predict:  33%|███▎      | 8/24 [00:02<00:04,  3.21it/s]Layout Predict:  38%|███▊      | 9/24 [00:02<00:04,  3.19it/s]Layout Predict:  42%|████▏     | 10/24 [00:03<00:04,  3.19it/s]Layout Predict:  46%|████▌     | 11/24 [00:03<00:04,  3.20it/s]Layout Predict:  50%|█████     | 12/24 [00:03<00:03,  3.21it/s]Layout Predict:  54%|█████▍    | 13/24 [00:04<00:03,  3.20it/s]Layout Predict:  58%|█████▊    | 14/24 [00:04<00:03,  3.20it/s]Layout Predict:  62%|██████▎   | 15/24 [00:04<00:02,  3.17it/s]Layout Predict:  67%|██████▋   | 16/24 [00:05<00:02,  3.19it/s]Layout Predict:  71%|███████   | 17/24 [00:05<00:02,  3.20it/s]Layout Predict:  75%|███████▌  | 18/24 [00:05<00:01,  3.22it/s]Layout Predict:  79%|███████▉  | 19/24 [00:05<00:01,  3.24it/s]Layout Predict:  83%|████████▎ | 20/24 [00:06<00:01,  3.20it/s]Layout Predict:  88%|████████▊ | 21/24 [00:06<00:00,  3.18it/s]Layout Predict:  92%|█████████▏| 22/24 [00:06<00:00,  3.17it/s]Layout Predict:  96%|█████████▌| 23/24 [00:07<00:00,  3.17it/s]Layout Predict: 100%|██████████| 24/24 [00:07<00:00,  3.18it/s]Layout Predict: 100%|██████████| 24/24 [00:07<00:00,  3.18it/s]
2026-09-30 15:45:31.178 | DEBUG    | mineru.utils.model_utils:clean_vram:214 - gc time: 0.6
MFR Predict:   0%|          | 0/192 [00:00<?, ?it/s]MFR Predict:   8%|▊         | 16/192 [00:03<00:41,  4.29it/s]MFR Predict:  17%|█▋        | 32/192 [00:06<00:34,  4.67it/s]MFR Predict:  25%|██▌       | 48/192 [00:10<00:31,  4.62it/s]MFR Predict:  33%|███▎      | 64/192 [00:14<00:29,  4.41it/s]MFR Predict:  42%|████▏     | 80/192 [00:18<00:25,  4.37it/s]MFR Predict:  50%|█████     | 96/192 [00:21<00:21,  4.40it/s]MFR Predict:  58%|█████▊    | 112/192 [00:26<00:19,  4.04it/s]MFR Predict:  67%|██████▋   | 128/192 [00:31<00:16,  3.77it/s]MFR Predict:  75%|███████▌  | 144/192 [00:36<00:13,  3.54it/s]MFR Predict:  83%|████████▎ | 160/192 [00:41<00:09,  3.44it/s]MFR Predict:  92%|█████████▏| 176/192 [00:47<00:05,  3.19it/s]MFR Predict: 100%|██████████| 192/192 [00:57<00:00,  2.37it/s]MFR Predict: 100%|██████████| 192/192 [00:57<00:00,  3.32it/s]
2026-09-30 15:46:29.539 | DEBUG    | mineru.utils.model_utils:clean_vram:214 - gc time: 0.59
Table-ocr det:   0%|          | 0/3 [00:00<?, ?it/s]Table-ocr det:  33%|███▎      | 1/3 [00:00<00:00,  4.65it/s]Table-ocr det: 100%|██████████| 3/3 [00:00<00:00, 10.61it/s]Table-ocr det: 100%|██████████| 3/3 [00:00<00:00,  9.40it/s]
Table-ocr rec en:   0%|          | 0/98 [00:00<?, ?it/s]Table-ocr rec en:   6%|▌         | 6/98 [00:00<00:05, 15.38it/s]Table-ocr rec en:  12%|█▏        | 12/98 [00:00<00:05, 15.47it/s]Table-ocr rec en:  18%|█▊        | 18/98 [00:01<00:04, 16.55it/s]Table-ocr rec en:  24%|██▍       | 24/98 [00:01<00:04, 15.43it/s]Table-ocr rec en:  31%|███       | 30/98 [00:02<00:04, 14.04it/s]Table-ocr rec en:  37%|███▋      | 36/98 [00:02<00:04, 14.41it/s]Table-ocr rec en:  43%|████▎     | 42/98 [00:02<00:03, 14.91it/s]Table-ocr rec en:  49%|████▉     | 48/98 [00:03<00:02, 17.27it/s]Table-ocr rec en:  55%|█████▌    | 54/98 [00:03<00:02, 17.45it/s]Table-ocr rec en:  61%|██████    | 60/98 [00:03<00:02, 17.27it/s]Table-ocr rec en:  67%|██████▋   | 66/98 [00:04<00:01, 18.04it/s]Table-ocr rec en:  73%|███████▎  | 72/98 [00:04<00:01, 17.03it/s]Table-ocr rec en:  80%|███████▉  | 78/98 [00:04<00:01, 17.44it/s]Table-ocr rec en:  86%|████████▌ | 84/98 [00:05<00:01, 13.64it/s]Table-ocr rec en:  92%|█████████▏| 90/98 [00:05<00:00, 13.72it/s]Table-ocr rec en:  98%|█████████▊| 96/98 [00:06<00:00, 11.99it/s]Table-ocr rec en: 100%|██████████| 98/98 [00:06<00:00, 11.10it/s]Table-ocr rec en: 100%|██████████| 98/98 [00:06<00:00, 14.50it/s]
Table-wireless Predict:   0%|          | 0/3 [00:00<?, ?it/s]Table-wireless Predict: 100%|██████████| 3/3 [00:02<00:00,  1.19it/s]Table-wireless Predict: 100%|██████████| 3/3 [00:02<00:00,  1.19it/s]
Table-wired Predict:   0%|          | 0/2 [00:00<?, ?it/s]Table-wired Predict:  50%|█████     | 1/2 [00:01<00:01,  1.41s/it]Table-wired Predict: 100%|██████████| 2/2 [00:01<00:00,  1.23it/s]Table-wired Predict: 100%|██████████| 2/2 [00:01<00:00,  1.11it/s]
OCR-det en:   0%|          | 0/48 [00:00<?, ?it/s]OCR-det en:   6%|▋         | 3/48 [00:00<00:01, 23.13it/s]OCR-det en:  12%|█▎        | 6/48 [00:05<00:43,  1.05s/it]OCR-det en:  17%|█▋        | 8/48 [00:05<00:28,  1.42it/s]OCR-det en:  23%|██▎       | 11/48 [00:05<00:16,  2.28it/s]OCR-det en:  27%|██▋       | 13/48 [00:06<00:11,  2.99it/s]OCR-det en:  31%|███▏      | 15/48 [00:06<00:09,  3.42it/s]OCR-det en:  35%|███▌      | 17/48 [00:06<00:08,  3.49it/s]OCR-det en:  38%|███▊      | 18/48 [00:07<00:07,  3.93it/s]OCR-det en:  44%|████▍     | 21/48 [00:07<00:06,  4.03it/s]OCR-det en:  50%|█████     | 24/48 [00:07<00:04,  5.86it/s]OCR-det en:  54%|█████▍    | 26/48 [00:08<00:05,  3.75it/s]OCR-det en:  58%|█████▊    | 28/48 [00:09<00:04,  4.54it/s]OCR-det en:  60%|██████    | 29/48 [00:10<00:06,  2.94it/s]OCR-det en:  62%|██████▎   | 30/48 [00:10<00:05,  3.31it/s]OCR-det en:  67%|██████▋   | 32/48 [00:10<00:04,  3.93it/s]OCR-det en:  69%|██████▉   | 33/48 [00:10<00:03,  4.46it/s]OCR-det en:  75%|███████▌  | 36/48 [00:11<00:02,  5.30it/s]OCR-det en:  79%|███████▉  | 38/48 [00:11<00:01,  5.04it/s]OCR-det en:  83%|████████▎ | 40/48 [00:12<00:02,  3.57it/s]OCR-det en:  90%|████████▉ | 43/48 [00:12<00:00,  5.39it/s]OCR-det en:  94%|█████████▍| 45/48 [00:12<00:00,  6.58it/s]OCR-det en: 100%|██████████| 48/48 [00:12<00:00,  3.74it/s]
2026-09-30 15:46:54.605 | DEBUG    | mineru.utils.model_utils:clean_vram:214 - gc time: 0.56
Seal Predict: 0it [00:00, ?it/s]Seal Predict: 0it [00:00, ?it/s]
Processing pages:   0%|          | 0/24 [00:00<?, ?it/s]Processing pages:   4%|▍         | 1/24 [00:00<00:05,  4.12it/s]Processing pages:   8%|▊         | 2/24 [00:00<00:07,  2.96it/s]Processing pages:  12%|█▎        | 3/24 [00:00<00:06,  3.45it/s]Processing pages:  17%|█▋        | 4/24 [00:01<00:11,  1.70it/s]Processing pages:  21%|██        | 5/24 [00:02<00:11,  1.67it/s]Processing pages:  25%|██▌       | 6/24 [00:04<00:20,  1.12s/it]Processing pages:  29%|██▉       | 7/24 [00:05<00:16,  1.06it/s]Processing pages:  33%|███▎      | 8/24 [00:06<00:15,  1.02it/s]Processing pages:  38%|███▊      | 9/24 [00:07<00:13,  1.10it/s]Processing pages:  42%|████▏     | 10/24 [00:08<00:13,  1.03it/s]Processing pages:  46%|████▌     | 11/24 [00:08<00:11,  1.10it/s]Processing pages:  50%|█████     | 12/24 [00:09<00:08,  1.34it/s]Processing pages:  54%|█████▍    | 13/24 [00:10<00:08,  1.36it/s]Processing pages:  58%|█████▊    | 14/24 [00:10<00:06,  1.61it/s]Processing pages:  62%|██████▎   | 15/24 [00:10<00:04,  1.96it/s]Processing pages:  67%|██████▋   | 16/24 [00:11<00:04,  1.92it/s]Processing pages:  71%|███████   | 17/24 [00:12<00:04,  1.60it/s]Processing pages:  75%|███████▌  | 18/24 [00:12<00:03,  1.66it/s]Processing pages:  79%|███████▉  | 19/24 [00:13<00:02,  1.71it/s]Processing pages:  83%|████████▎ | 20/24 [00:13<00:01,  2.03it/s]Processing pages:  88%|████████▊ | 21/24 [00:13<00:01,  2.57it/s]Processing pages:  92%|█████████▏| 22/24 [00:13<00:00,  3.06it/s]Processing pages:  96%|█████████▌| 23/24 [00:13<00:00,  3.57it/s]Processing pages: 100%|██████████| 24/24 [00:14<00:00,  2.38it/s]
OCR-rec Predict:   0%|          | 0/34 [00:00<?, ?it/s][A
OCR-rec Predict:  18%|█▊        | 6/34 [00:00<00:01, 20.79it/s][A
OCR-rec Predict:  35%|███▌      | 12/34 [00:00<00:01, 20.71it/s][A
OCR-rec Predict:  53%|█████▎    | 18/34 [00:01<00:01, 15.99it/s][A
OCR-rec Predict:  71%|███████   | 24/34 [00:01<00:00, 12.63it/s][A
OCR-rec Predict:  88%|████████▊ | 30/34 [00:02<00:00,  9.66it/s][A
OCR-rec Predict: 100%|██████████| 34/34 [00:03<00:00,  8.11it/s][AOCR-rec Predict: 100%|██████████| 34/34 [00:03<00:00, 10.34it/s]
2026-09-30 15:47:13.125 | DEBUG    | mineru.backend.pipeline.pipeline_analyze:_finalize_processing_window_context:130 - Pipeline doc ready: doc0 pages=24
Processing pages: 100%|██████████| 24/24 [00:18<00:00,  1.33it/s]
2026-09-30 15:47:13.136 | DEBUG    | mineru.backend.pipeline.pipeline_analyze:doc_analyze_streaming:320 - processing-window multi-file infer finished, cost: 113.9, speed: 0.211 page/s
2026-09-30 15:47:14.613 | INFO     | mineru.backend.pipeline.pipeline_analyze:doc_analyze_streaming:209 - Pipeline processing-window multi-file run. doc_count=1, total_pages=14, window_size=64, total_batches=1
2026-09-30 15:47:14.614 | DEBUG    | mineru.utils.pdf_image_tools:_load_images_from_pdf_bytes_range:289 - PDF image rendering uses 1 processes for pages 1-14: [(0, 13)]
2026-09-30 15:47:16.009 | INFO     | mineru.backend.pipeline.pipeline_analyze:doc_analyze_streaming:264 - Pipeline processing window batch 1/1: 14/14 pages, batch_pages=14, doc_slices=doc0:1-14
2026-09-30 15:47:16.010 | INFO     | mineru.backend.pipeline.pipeline_analyze:batch_image_analyze:364 - GPU Memory: 1 GB, Batch Ratio: 1. 
    ✓ Saved: 65. Review on high-value utilization of phosphogypsum Utilization of calcium and oxygen resources present in phosphogypusm/auto/65. Review on high-value utilization of phosphogypsum Utilization of calcium and oxygen resources present in phosphogypusm.md (104900 chars)

[63/72] Parsing: 66. Conversion of waste phosphogypsum into value-a...
Layout Predict:   0%|          | 0/14 [00:00<?, ?it/s]Layout Predict:   7%|▋         | 1/14 [00:00<00:04,  2.82it/s]Layout Predict:  14%|█▍        | 2/14 [00:00<00:04,  2.96it/s]Layout Predict:  21%|██▏       | 3/14 [00:00<00:03,  3.04it/s]Layout Predict:  29%|██▊       | 4/14 [00:01<00:03,  3.10it/s]Layout Predict:  36%|███▌      | 5/14 [00:01<00:02,  3.14it/s]Layout Predict:  43%|████▎     | 6/14 [00:01<00:02,  3.16it/s]Layout Predict:  50%|█████     | 7/14 [00:02<00:02,  3.17it/s]Layout Predict:  57%|█████▋    | 8/14 [00:02<00:01,  3.16it/s]Layout Predict:  64%|██████▍   | 9/14 [00:02<00:01,  3.16it/s]Layout Predict:  71%|███████▏  | 10/14 [00:03<00:01,  3.16it/s]Layout Predict:  79%|███████▊  | 11/14 [00:03<00:00,  3.17it/s]Layout Predict:  86%|████████▌ | 12/14 [00:03<00:00,  3.18it/s]Layout Predict:  93%|█████████▎| 13/14 [00:04<00:00,  3.18it/s]Layout Predict: 100%|██████████| 14/14 [00:04<00:00,  3.15it/s]Layout Predict: 100%|██████████| 14/14 [00:04<00:00,  3.14it/s]
2026-09-30 15:47:21.093 | DEBUG    | mineru.utils.model_utils:clean_vram:214 - gc time: 0.58
MFR Predict:   0%|          | 0/107 [00:00<?, ?it/s]MFR Predict:  15%|█▍        | 16/107 [00:03<00:19,  4.69it/s]MFR Predict:  30%|██▉       | 32/107 [00:06<00:16,  4.66it/s]MFR Predict:  45%|████▍     | 48/107 [00:11<00:13,  4.24it/s]MFR Predict:  60%|█████▉    | 64/107 [00:15<00:10,  4.10it/s]MFR Predict:  75%|███████▍  | 80/107 [00:20<00:07,  3.60it/s]MFR Predict: 100%|██████████| 107/107 [00:34<00:00,  2.61it/s]MFR Predict: 100%|██████████| 107/107 [00:34<00:00,  3.13it/s]
2026-09-30 15:47:55.826 | DEBUG    | mineru.utils.model_utils:clean_vram:214 - gc time: 0.55
Table-ocr det:   0%|          | 0/3 [00:00<?, ?it/s]Table-ocr det:  33%|███▎      | 1/3 [00:00<00:00,  3.90it/s]Table-ocr det: 100%|██████████| 3/3 [00:00<00:00,  9.06it/s]Table-ocr det: 100%|██████████| 3/3 [00:00<00:00,  8.00it/s]
Table-ocr rec en:   0%|          | 0/166 [00:00<?, ?it/s]Table-ocr rec en:   4%|▎         | 6/166 [00:00<00:07, 22.41it/s]Table-ocr rec en:   7%|▋         | 12/166 [00:00<00:06, 22.59it/s]Table-ocr rec en:  11%|█         | 18/166 [00:00<00:07, 19.79it/s]Table-ocr rec en:  14%|█▍        | 24/166 [00:01<00:08, 17.56it/s]Table-ocr rec en:  18%|█▊        | 30/166 [00:01<00:07, 18.42it/s]Table-ocr rec en:  22%|██▏       | 36/166 [00:01<00:07, 16.90it/s]Table-ocr rec en:  25%|██▌       | 42/166 [00:02<00:09, 13.22it/s]Table-ocr rec en:  29%|██▉       | 48/166 [00:03<00:09, 12.53it/s]Table-ocr rec en:  33%|███▎      | 54/166 [00:03<00:08, 12.86it/s]Table-ocr rec en:  36%|███▌      | 60/166 [00:04<00:07, 13.61it/s]Table-ocr rec en:  40%|███▉      | 66/166 [00:04<00:07, 14.12it/s]Table-ocr rec en:  43%|████▎     | 72/166 [00:04<00:06, 13.99it/s]Table-ocr rec en:  47%|████▋     | 78/166 [00:05<00:05, 14.98it/s]Table-ocr rec en:  51%|█████     | 84/166 [00:05<00:05, 15.43it/s]Table-ocr rec en:  54%|█████▍    | 90/166 [00:05<00:04, 15.68it/s]Table-ocr rec en:  58%|█████▊    | 96/166 [00:06<00:04, 15.59it/s]Table-ocr rec en:  61%|██████▏   | 102/166 [00:06<00:03, 16.27it/s]Table-ocr rec en:  65%|██████▌   | 108/166 [00:06<00:03, 16.76it/s]Table-ocr rec en:  69%|██████▊   | 114/166 [00:07<00:03, 15.22it/s]Table-ocr rec en:  72%|███████▏  | 120/166 [00:07<00:02, 16.21it/s]Table-ocr rec en:  76%|███████▌  | 126/166 [00:08<00:02, 15.86it/s]Table-ocr rec en:  80%|███████▉  | 132/166 [00:08<00:02, 16.41it/s]Table-ocr rec en:  83%|████████▎ | 138/166 [00:08<00:01, 17.64it/s]Table-ocr rec en:  87%|████████▋ | 144/166 [00:09<00:01, 16.59it/s]Table-ocr rec en:  90%|█████████ | 150/166 [00:09<00:00, 16.21it/s]Table-ocr rec en:  94%|█████████▍| 156/166 [00:09<00:00, 19.04it/s]Table-ocr rec en:  98%|█████████▊| 162/166 [00:09<00:00, 20.73it/s]Table-ocr rec en: 100%|██████████| 166/166 [00:10<00:00, 19.11it/s]Table-ocr rec en: 100%|██████████| 166/166 [00:10<00:00, 16.21it/s]
Table-wireless Predict:   0%|          | 0/3 [00:00<?, ?it/s]Table-wireless Predict: 100%|██████████| 3/3 [00:03<00:00,  1.31s/it]Table-wireless Predict: 100%|██████████| 3/3 [00:03<00:00,  1.31s/it]
Table-wired Predict:   0%|          | 0/1 [00:00<?, ?it/s]Table-wired Predict: 100%|██████████| 1/1 [00:00<00:00,  1.26it/s]Table-wired Predict: 100%|██████████| 1/1 [00:00<00:00,  1.26it/s]
OCR-det en:   0%|          | 0/42 [00:00<?, ?it/s]OCR-det en:   2%|▏         | 1/42 [00:00<00:04,  9.70it/s]OCR-det en:   7%|▋         | 3/42 [00:00<00:05,  6.58it/s]OCR-det en:  12%|█▏        | 5/42 [00:00<00:03,  9.79it/s]OCR-det en:  17%|█▋        | 7/42 [00:00<00:03, 10.52it/s]OCR-det en:  24%|██▍       | 10/42 [00:00<00:02, 15.06it/s]OCR-det en:  33%|███▎      | 14/42 [00:00<00:01, 19.48it/s]OCR-det en:  40%|████      | 17/42 [00:02<00:05,  4.33it/s]OCR-det en:  45%|████▌     | 19/42 [00:03<00:05,  4.38it/s]OCR-det en:  50%|█████     | 21/42 [00:04<00:06,  3.38it/s]OCR-det en:  55%|█████▍    | 23/42 [00:04<00:04,  3.81it/s]OCR-det en:  60%|█████▉    | 25/42 [00:04<00:04,  4.20it/s]OCR-det en:  64%|██████▍   | 27/42 [00:05<00:03,  4.45it/s]OCR-det en:  67%|██████▋   | 28/42 [00:06<00:06,  2.05it/s]OCR-det en:  69%|██████▉   | 29/42 [00:07<00:06,  2.17it/s]OCR-det en:  71%|███████▏  | 30/42 [00:07<00:05,  2.19it/s]OCR-det en:  76%|███████▌  | 32/42 [00:08<00:04,  2.36it/s]OCR-det en:  79%|███████▊  | 33/42 [00:08<00:03,  2.79it/s]OCR-det en:  86%|████████▌ | 36/42 [00:09<00:01,  3.26it/s]OCR-det en:  88%|████████▊ | 37/42 [00:09<00:01,  3.67it/s]OCR-det en:  93%|█████████▎| 39/42 [00:09<00:00,  5.06it/s]OCR-det en:  98%|█████████▊| 41/42 [00:09<00:00,  6.64it/s]OCR-det en: 100%|██████████| 42/42 [00:09<00:00,  4.29it/s]
2026-09-30 15:48:21.586 | DEBUG    | mineru.utils.model_utils:clean_vram:214 - gc time: 0.49
Seal Predict: 0it [00:00, ?it/s]Seal Predict: 0it [00:00, ?it/s]
Processing pages:   0%|          | 0/14 [00:00<?, ?it/s]Processing pages:   7%|▋         | 1/14 [00:00<00:03,  4.08it/s]Processing pages:  14%|█▍        | 2/14 [00:00<00:03,  3.10it/s]Processing pages:  21%|██▏       | 3/14 [00:01<00:04,  2.65it/s]Processing pages:  29%|██▊       | 4/14 [00:01<00:03,  3.08it/s]Processing pages:  36%|███▌      | 5/14 [00:01<00:02,  3.20it/s]Processing pages:  43%|████▎     | 6/14 [00:02<00:04,  1.91it/s]Processing pages:  50%|█████     | 7/14 [00:03<00:03,  1.80it/s]Processing pages:  57%|█████▋    | 8/14 [00:04<00:05,  1.16it/s]Processing pages:  64%|██████▍   | 9/14 [00:05<00:03,  1.31it/s]Processing pages:  71%|███████▏  | 10/14 [00:07<00:04,  1.13s/it]Processing pages:  79%|███████▊  | 11/14 [00:07<00:02,  1.07it/s]Processing pages:  86%|████████▌ | 12/14 [00:07<00:01,  1.46it/s]Processing pages:  93%|█████████▎| 13/14 [00:07<00:00,  1.87it/s]
OCR-rec Predict:   0%|          | 0/26 [00:00<?, ?it/s][A
OCR-rec Predict:  23%|██▎       | 6/26 [00:00<00:00, 20.90it/s][A
OCR-rec Predict:  46%|████▌     | 12/26 [00:00<00:00, 14.99it/s][A
OCR-rec Predict:  69%|██████▉   | 18/26 [00:01<00:00, 16.93it/s][A
OCR-rec Predict:  92%|█████████▏| 24/26 [00:01<00:00, 16.56it/s][A
OCR-rec Predict: 100%|██████████| 26/26 [00:01<00:00, 11.16it/s][AOCR-rec Predict: 100%|██████████| 26/26 [00:01<00:00, 13.46it/s]
2026-09-30 15:48:32.225 | DEBUG    | mineru.backend.pipeline.pipeline_analyze:_finalize_processing_window_context:130 - Pipeline doc ready: doc0 pages=14
Processing pages: 100%|██████████| 14/14 [00:10<00:00,  1.40it/s]
2026-09-30 15:48:32.228 | DEBUG    | mineru.backend.pipeline.pipeline_analyze:doc_analyze_streaming:320 - processing-window multi-file infer finished, cost: 77.61, speed: 0.18 page/s
2026-09-30 15:48:33.688 | INFO     | mineru.backend.pipeline.pipeline_analyze:doc_analyze_streaming:209 - Pipeline processing-window multi-file run. doc_count=1, total_pages=12, window_size=64, total_batches=1
2026-09-30 15:48:33.688 | DEBUG    | mineru.utils.pdf_image_tools:_load_images_from_pdf_bytes_range:289 - PDF image rendering uses 1 processes for pages 1-12: [(0, 11)]
2026-09-30 15:48:34.856 | INFO     | mineru.backend.pipeline.pipeline_analyze:doc_analyze_streaming:264 - Pipeline processing window batch 1/1: 12/12 pages, batch_pages=12, doc_slices=doc0:1-12
2026-09-30 15:48:34.856 | INFO     | mineru.backend.pipeline.pipeline_analyze:batch_image_analyze:364 - GPU Memory: 1 GB, Batch Ratio: 1. 
    ✓ Saved: 66. Conversion of waste phosphogypsum into value-added 1D2D homojunction hydroxyapatite with enhanced structural, morphology, and photoelectrochemical performance/auto/66. Conversion of waste phosphogypsum into value-added 1D2D homojunction hydroxyapatite with enhanced structural, morphology, and photoelectrochemical performance.md (82928 chars)

[64/72] Parsing: 67. Beneficiation of rare earth elements contained...
Layout Predict:   0%|          | 0/12 [00:00<?, ?it/s]Layout Predict:   8%|▊         | 1/12 [00:00<00:04,  2.73it/s]Layout Predict:  17%|█▋        | 2/12 [00:00<00:03,  2.92it/s]Layout Predict:  25%|██▌       | 3/12 [00:01<00:03,  2.92it/s]Layout Predict:  33%|███▎      | 4/12 [00:01<00:02,  2.97it/s]Layout Predict:  42%|████▏     | 5/12 [00:01<00:02,  2.96it/s]Layout Predict:  50%|█████     | 6/12 [00:02<00:01,  3.00it/s]Layout Predict:  58%|█████▊    | 7/12 [00:02<00:01,  3.02it/s]Layout Predict:  67%|██████▋   | 8/12 [00:02<00:01,  3.03it/s]Layout Predict:  75%|███████▌  | 9/12 [00:03<00:00,  3.02it/s]Layout Predict:  83%|████████▎ | 10/12 [00:03<00:00,  2.99it/s]Layout Predict:  92%|█████████▏| 11/12 [00:03<00:00,  3.00it/s]Layout Predict: 100%|██████████| 12/12 [00:04<00:00,  3.04it/s]Layout Predict: 100%|██████████| 12/12 [00:04<00:00,  2.99it/s]
2026-09-30 15:48:39.374 | DEBUG    | mineru.utils.model_utils:clean_vram:214 - gc time: 0.48
MFR Predict:   0%|          | 0/109 [00:00<?, ?it/s]MFR Predict:  15%|█▍        | 16/109 [00:03<00:22,  4.12it/s]MFR Predict:  29%|██▉       | 32/109 [00:07<00:18,  4.23it/s]MFR Predict:  44%|████▍     | 48/109 [00:11<00:15,  4.02it/s]MFR Predict:  59%|█████▊    | 64/109 [00:15<00:11,  4.08it/s]MFR Predict:  73%|███████▎  | 80/109 [00:19<00:07,  3.96it/s]MFR Predict: 100%|██████████| 109/109 [00:38<00:00,  2.27it/s]MFR Predict: 100%|██████████| 109/109 [00:38<00:00,  2.83it/s]
2026-09-30 15:49:18.523 | DEBUG    | mineru.utils.model_utils:clean_vram:214 - gc time: 0.58
Table-ocr det:   0%|          | 0/5 [00:00<?, ?it/s]Table-ocr det:  20%|██        | 1/5 [00:00<00:00,  6.29it/s]Table-ocr det:  60%|██████    | 3/5 [00:00<00:00,  9.82it/s]Table-ocr det: 100%|██████████| 5/5 [00:00<00:00, 10.95it/s]Table-ocr det: 100%|██████████| 5/5 [00:00<00:00, 10.30it/s]
Table-ocr rec en:   0%|          | 0/569 [00:00<?, ?it/s]Table-ocr rec en:   1%|          | 6/569 [00:00<00:42, 13.38it/s]Table-ocr rec en:   2%|▏         | 12/569 [00:00<00:28, 19.61it/s]Table-ocr rec en:   3%|▎         | 18/569 [00:01<00:33, 16.44it/s]Table-ocr rec en:   4%|▍         | 24/569 [00:01<00:32, 16.72it/s]Table-ocr rec en:   5%|▌         | 30/569 [00:01<00:28, 18.73it/s]Table-ocr rec en:   6%|▋         | 36/569 [00:01<00:26, 20.50it/s]Table-ocr rec en:   7%|▋         | 42/569 [00:02<00:25, 20.27it/s]Table-ocr rec en:   8%|▊         | 48/569 [00:02<00:28, 18.38it/s]Table-ocr rec en:   9%|▉         | 54/569 [00:03<00:33, 15.33it/s]Table-ocr rec en:  11%|█         | 60/569 [00:03<00:28, 17.66it/s]Table-ocr rec en:  12%|█▏        | 66/569 [00:03<00:28, 17.36it/s]Table-ocr rec en:  13%|█▎        | 72/569 [00:04<00:30, 16.09it/s]Table-ocr rec en:  14%|█▎        | 78/569 [00:04<00:25, 19.15it/s]Table-ocr rec en:  15%|█▍        | 84/569 [00:04<00:26, 18.05it/s]Table-ocr rec en:  16%|█▌        | 90/569 [00:05<00:29, 16.38it/s]Table-ocr rec en:  17%|█▋        | 96/569 [00:05<00:27, 17.40it/s]Table-ocr rec en:  18%|█▊        | 102/569 [00:05<00:29, 15.70it/s]Table-ocr rec en:  19%|█▉        | 108/569 [00:06<00:32, 14.09it/s]Table-ocr rec en:  20%|██        | 114/569 [00:06<00:33, 13.70it/s]Table-ocr rec en:  21%|██        | 120/569 [00:07<00:32, 13.66it/s]Table-ocr rec en:  22%|██▏       | 126/569 [00:07<00:32, 13.62it/s]Table-ocr rec en:  23%|██▎       | 132/569 [00:08<00:30, 14.42it/s]Table-ocr rec en:  24%|██▍       | 138/569 [00:08<00:26, 16.02it/s]Table-ocr rec en:  25%|██▌       | 144/569 [00:08<00:24, 17.35it/s]Table-ocr rec en:  26%|██▋       | 150/569 [00:09<00:23, 17.72it/s]Table-ocr rec en:  27%|██▋       | 156/569 [00:09<00:22, 18.12it/s]Table-ocr rec en:  28%|██▊       | 162/569 [00:09<00:19, 20.79it/s]Table-ocr rec en:  30%|██▉       | 168/569 [00:09<00:20, 19.50it/s]Table-ocr rec en:  31%|███       | 174/569 [00:10<00:19, 20.72it/s]Table-ocr rec en:  32%|███▏      | 180/569 [00:10<00:18, 21.34it/s]Table-ocr rec en:  33%|███▎      | 186/569 [00:10<00:22, 17.31it/s]Table-ocr rec en:  34%|███▎      | 192/569 [00:11<00:18, 20.62it/s]Table-ocr rec en:  35%|███▍      | 198/569 [00:11<00:17, 21.31it/s]Table-ocr rec en:  36%|███▌      | 204/569 [00:11<00:19, 19.02it/s]Table-ocr rec en:  37%|███▋      | 210/569 [00:12<00:22, 16.25it/s]Table-ocr rec en:  38%|███▊      | 216/569 [00:12<00:18, 18.83it/s]Table-ocr rec en:  39%|███▉      | 222/569 [00:12<00:21, 15.84it/s]Table-ocr rec en:  40%|████      | 228/569 [00:13<00:21, 15.64it/s]Table-ocr rec en:  41%|████      | 234/569 [00:13<00:21, 15.74it/s]Table-ocr rec en:  42%|████▏     | 240/569 [00:14<00:20, 16.23it/s]Table-ocr rec en:  43%|████▎     | 246/569 [00:14<00:18, 17.60it/s]Table-ocr rec en:  44%|████▍     | 252/569 [00:14<00:19, 16.57it/s]Table-ocr rec en:  45%|████▌     | 258/569 [00:14<00:16, 18.57it/s]Table-ocr rec en:  46%|████▋     | 264/569 [00:15<00:14, 21.26it/s]Table-ocr rec en:  47%|████▋     | 270/569 [00:15<00:16, 17.91it/s]Table-ocr rec en:  49%|████▊     | 276/569 [00:16<00:20, 14.30it/s]Table-ocr rec en:  50%|████▉     | 282/569 [00:16<00:19, 14.55it/s]Table-ocr rec en:  51%|█████     | 288/569 [00:16<00:16, 16.67it/s]Table-ocr rec en:  52%|█████▏    | 294/569 [00:17<00:16, 16.69it/s]Table-ocr rec en:  53%|█████▎    | 300/569 [00:17<00:15, 17.93it/s]Table-ocr rec en:  54%|█████▍    | 306/569 [00:17<00:15, 17.40it/s]Table-ocr rec en:  55%|█████▍    | 312/569 [00:18<00:15, 16.12it/s]Table-ocr rec en:  56%|█████▌    | 318/569 [00:18<00:16, 15.33it/s]Table-ocr rec en:  57%|█████▋    | 324/569 [00:19<00:16, 14.66it/s]Table-ocr rec en:  58%|█████▊    | 330/569 [00:19<00:14, 16.53it/s]Table-ocr rec en:  59%|█████▉    | 336/569 [00:19<00:14, 16.50it/s]Table-ocr rec en:  60%|██████    | 342/569 [00:20<00:14, 15.59it/s]Table-ocr rec en:  61%|██████    | 348/569 [00:20<00:13, 16.26it/s]Table-ocr rec en:  62%|██████▏   | 354/569 [00:20<00:12, 16.66it/s]Table-ocr rec en:  63%|██████▎   | 360/569 [00:21<00:12, 16.38it/s]Table-ocr rec en:  64%|██████▍   | 366/569 [00:21<00:12, 16.71it/s]Table-ocr rec en:  65%|██████▌   | 372/569 [00:21<00:11, 17.14it/s]Table-ocr rec en:  66%|██████▋   | 378/569 [00:22<00:11, 17.00it/s]Table-ocr rec en:  67%|██████▋   | 384/569 [00:22<00:11, 16.43it/s]Table-ocr rec en:  69%|██████▊   | 390/569 [00:23<00:11, 16.12it/s]Table-ocr rec en:  70%|██████▉   | 396/569 [00:23<00:11, 15.64it/s]Table-ocr rec en:  71%|███████   | 402/569 [00:23<00:09, 17.02it/s]Table-ocr rec en:  72%|███████▏  | 408/569 [00:24<00:08, 18.95it/s]Table-ocr rec en:  73%|███████▎  | 414/569 [00:24<00:07, 20.23it/s]Table-ocr rec en:  74%|███████▍  | 420/569 [00:24<00:06, 22.30it/s]Table-ocr rec en:  75%|███████▍  | 426/569 [00:24<00:06, 20.99it/s]Table-ocr rec en:  76%|███████▌  | 432/569 [00:25<00:06, 21.35it/s]Table-ocr rec en:  77%|███████▋  | 438/569 [00:25<00:06, 19.71it/s]Table-ocr rec en:  78%|███████▊  | 444/569 [00:25<00:06, 18.87it/s]Table-ocr rec en:  79%|███████▉  | 450/569 [00:26<00:06, 17.20it/s]Table-ocr rec en:  80%|████████  | 456/569 [00:26<00:06, 18.51it/s]Table-ocr rec en:  81%|████████  | 462/569 [00:26<00:05, 19.09it/s]Table-ocr rec en:  82%|████████▏ | 468/569 [00:27<00:05, 18.66it/s]Table-ocr rec en:  83%|████████▎ | 474/569 [00:27<00:04, 19.95it/s]Table-ocr rec en:  84%|████████▍ | 480/569 [00:27<00:04, 20.36it/s]Table-ocr rec en:  85%|████████▌ | 486/569 [00:28<00:04, 18.15it/s]Table-ocr rec en:  86%|████████▋ | 492/569 [00:28<00:04, 16.08it/s]Table-ocr rec en:  88%|████████▊ | 498/569 [00:28<00:04, 17.05it/s]Table-ocr rec en:  89%|████████▊ | 504/569 [00:29<00:03, 17.25it/s]Table-ocr rec en:  90%|████████▉ | 510/569 [00:29<00:03, 15.53it/s]Table-ocr rec en:  91%|█████████ | 516/569 [00:29<00:03, 16.41it/s]Table-ocr rec en:  92%|█████████▏| 522/569 [00:30<00:02, 16.85it/s]Table-ocr rec en:  93%|█████████▎| 528/569 [00:30<00:02, 16.64it/s]Table-ocr rec en:  94%|█████████▍| 534/569 [00:30<00:01, 18.61it/s]Table-ocr rec en:  95%|█████████▍| 540/569 [00:31<00:01, 16.66it/s]Table-ocr rec en:  96%|█████████▌| 546/569 [00:31<00:01, 17.80it/s]Table-ocr rec en:  97%|█████████▋| 552/569 [00:31<00:00, 17.84it/s]Table-ocr rec en:  98%|█████████▊| 558/569 [00:32<00:00, 15.97it/s]Table-ocr rec en:  99%|█████████▉| 564/569 [00:32<00:00, 16.41it/s]Table-ocr rec en: 100%|██████████| 569/569 [00:33<00:00, 14.11it/s]Table-ocr rec en: 100%|██████████| 569/569 [00:33<00:00, 17.10it/s]
Table-wireless Predict:   0%|          | 0/5 [00:00<?, ?it/s]Table-wireless Predict:  80%|████████  | 4/5 [00:03<00:00,  1.11it/s]Table-wireless Predict: 100%|██████████| 5/5 [00:04<00:00,  1.29it/s]Table-wireless Predict: 100%|██████████| 5/5 [00:04<00:00,  1.24it/s]
Table-wired Predict:   0%|          | 0/2 [00:00<?, ?it/s]Table-wired Predict:  50%|█████     | 1/2 [00:01<00:01,  1.33s/it]Table-wired Predict: 100%|██████████| 2/2 [00:04<00:00,  2.28s/it]Table-wired Predict: 100%|██████████| 2/2 [00:04<00:00,  2.14s/it]
OCR-det en:   0%|          | 0/44 [00:00<?, ?it/s]OCR-det en:   5%|▍         | 2/44 [00:00<00:04, 10.00it/s]OCR-det en:  11%|█▏        | 5/44 [00:00<00:02, 16.01it/s]OCR-det en:  16%|█▌        | 7/44 [00:00<00:04,  8.78it/s]OCR-det en:  23%|██▎       | 10/44 [00:00<00:02, 12.97it/s]OCR-det en:  30%|██▉       | 13/44 [00:00<00:01, 16.05it/s]OCR-det en:  36%|███▋      | 16/44 [00:01<00:03,  9.04it/s]OCR-det en:  41%|████      | 18/44 [00:02<00:04,  6.05it/s]OCR-det en:  48%|████▊     | 21/44 [00:02<00:02,  8.11it/s]OCR-det en:  52%|█████▏    | 23/44 [00:02<00:02,  7.48it/s]OCR-det en:  57%|█████▋    | 25/44 [00:03<00:04,  4.38it/s]OCR-det en:  59%|█████▉    | 26/44 [00:03<00:03,  4.74it/s]OCR-det en:  61%|██████▏   | 27/44 [00:03<00:03,  4.92it/s]OCR-det en:  68%|██████▊   | 30/44 [00:04<00:02,  5.79it/s]OCR-det en:  70%|███████   | 31/44 [00:04<00:02,  5.71it/s]OCR-det en:  73%|███████▎  | 32/44 [00:04<00:02,  5.47it/s]OCR-det en:  75%|███████▌  | 33/44 [00:04<00:01,  5.57it/s]OCR-det en:  82%|████████▏ | 36/44 [00:05<00:01,  5.40it/s]OCR-det en:  84%|████████▍ | 37/44 [00:07<00:04,  1.73it/s]OCR-det en:  86%|████████▋ | 38/44 [00:08<00:03,  1.93it/s]OCR-det en:  93%|█████████▎| 41/44 [00:08<00:00,  3.32it/s]OCR-det en:  98%|█████████▊| 43/44 [00:08<00:00,  4.30it/s]OCR-det en: 100%|██████████| 44/44 [00:08<00:00,  5.23it/s]
2026-09-30 15:50:10.841 | DEBUG    | mineru.utils.model_utils:clean_vram:214 - gc time: 0.59
Seal Predict: 0it [00:00, ?it/s]Seal Predict: 0it [00:00, ?it/s]
Processing pages:   0%|          | 0/12 [00:00<?, ?it/s]Processing pages:   8%|▊         | 1/12 [00:00<00:03,  2.87it/s]Processing pages:  17%|█▋        | 2/12 [00:00<00:05,  1.97it/s]Processing pages:  25%|██▌       | 3/12 [00:01<00:05,  1.52it/s]Processing pages:  33%|███▎      | 4/12 [00:02<00:06,  1.31it/s]Processing pages:  42%|████▏     | 5/12 [00:03<00:04,  1.51it/s]Processing pages:  50%|█████     | 6/12 [00:03<00:03,  1.69it/s]Processing pages:  58%|█████▊    | 7/12 [00:03<00:02,  2.05it/s]Processing pages:  67%|██████▋   | 8/12 [00:05<00:03,  1.24it/s]Processing pages:  75%|███████▌  | 9/12 [00:05<00:01,  1.54it/s]Processing pages:  83%|████████▎ | 10/12 [00:05<00:01,  2.00it/s]Processing pages:  92%|█████████▏| 11/12 [00:06<00:00,  2.49it/s]
OCR-rec Predict:   0%|          | 0/11 [00:00<?, ?it/s][A
OCR-rec Predict:  55%|█████▍    | 6/11 [00:00<00:00, 11.16it/s][A
OCR-rec Predict: 100%|██████████| 11/11 [00:01<00:00,  8.63it/s][AOCR-rec Predict: 100%|██████████| 11/11 [00:01<00:00,  8.96it/s]
2026-09-30 15:50:18.778 | DEBUG    | mineru.backend.pipeline.pipeline_analyze:_finalize_processing_window_context:130 - Pipeline doc ready: doc0 pages=12
Processing pages: 100%|██████████| 12/12 [00:07<00:00,  1.62it/s]
2026-09-30 15:50:18.780 | DEBUG    | mineru.backend.pipeline.pipeline_analyze:doc_analyze_streaming:320 - processing-window multi-file infer finished, cost: 105.09, speed: 0.114 page/s
2026-09-30 15:50:20.070 | INFO     | mineru.backend.pipeline.pipeline_analyze:doc_analyze_streaming:209 - Pipeline processing-window multi-file run. doc_count=1, total_pages=9, window_size=64, total_batches=1
2026-09-30 15:50:20.071 | DEBUG    | mineru.utils.pdf_image_tools:_load_images_from_pdf_bytes_range:289 - PDF image rendering uses 1 processes for pages 1-9: [(0, 8)]
2026-09-30 15:50:20.581 | INFO     | mineru.backend.pipeline.pipeline_analyze:doc_analyze_streaming:264 - Pipeline processing window batch 1/1: 9/9 pages, batch_pages=9, doc_slices=doc0:1-9
2026-09-30 15:50:20.581 | INFO     | mineru.backend.pipeline.pipeline_analyze:batch_image_analyze:364 - GPU Memory: 1 GB, Batch Ratio: 1. 
    ✓ Saved: 67. Beneficiation of rare earth elements contained in phosphogypsum using sequenced treatment process/auto/67. Beneficiation of rare earth elements contained in phosphogypsum using sequenced treatment process.md (80734 chars)

[65/72] Parsing: 68. Extraction of lanthanum, cerium, and neodymium...
Layout Predict:   0%|          | 0/9 [00:00<?, ?it/s]Layout Predict:  11%|█         | 1/9 [00:00<00:02,  2.80it/s]Layout Predict:  22%|██▏       | 2/9 [00:00<00:02,  2.98it/s]Layout Predict:  33%|███▎      | 3/9 [00:01<00:01,  3.03it/s]Layout Predict:  44%|████▍     | 4/9 [00:01<00:01,  3.08it/s]Layout Predict:  56%|█████▌    | 5/9 [00:01<00:01,  3.10it/s]Layout Predict:  67%|██████▋   | 6/9 [00:01<00:00,  3.08it/s]Layout Predict:  78%|███████▊  | 7/9 [00:02<00:00,  3.11it/s]Layout Predict:  89%|████████▉ | 8/9 [00:02<00:00,  3.11it/s]Layout Predict: 100%|██████████| 9/9 [00:02<00:00,  3.16it/s]Layout Predict: 100%|██████████| 9/9 [00:02<00:00,  3.10it/s]
2026-09-30 15:50:24.046 | DEBUG    | mineru.utils.model_utils:clean_vram:214 - gc time: 0.53
MFR Predict:   0%|          | 0/165 [00:00<?, ?it/s]MFR Predict:  10%|▉         | 16/165 [00:03<00:31,  4.80it/s]MFR Predict:  19%|█▉        | 32/165 [00:07<00:30,  4.41it/s]MFR Predict:  29%|██▉       | 48/165 [00:10<00:26,  4.43it/s]MFR Predict:  39%|███▉      | 64/165 [00:14<00:22,  4.40it/s]MFR Predict:  48%|████▊     | 80/165 [00:18<00:19,  4.37it/s]MFR Predict:  58%|█████▊    | 96/165 [00:21<00:15,  4.43it/s]MFR Predict:  68%|██████▊   | 112/165 [00:26<00:13,  4.01it/s]MFR Predict:  78%|███████▊  | 128/165 [00:31<00:09,  3.76it/s]MFR Predict:  87%|████████▋ | 144/165 [00:36<00:05,  3.61it/s]MFR Predict: 100%|██████████| 165/165 [00:51<00:00,  2.24it/s]MFR Predict: 100%|██████████| 165/165 [00:51<00:00,  3.20it/s]
2026-09-30 15:51:16.042 | DEBUG    | mineru.utils.model_utils:clean_vram:214 - gc time: 0.51
Table-ocr det:   0%|          | 0/1 [00:00<?, ?it/s]Table-ocr det: 100%|██████████| 1/1 [00:00<00:00,  4.13it/s]Table-ocr det: 100%|██████████| 1/1 [00:00<00:00,  4.13it/s]
Table-ocr rec en:   0%|          | 0/4 [00:00<?, ?it/s]Table-ocr rec en: 100%|██████████| 4/4 [00:00<00:00, 11.00it/s]Table-ocr rec en: 100%|██████████| 4/4 [00:00<00:00, 10.99it/s]
Table-wireless Predict:   0%|          | 0/1 [00:00<?, ?it/s]Table-wireless Predict: 100%|██████████| 1/1 [00:01<00:00,  1.07s/it]Table-wireless Predict: 100%|██████████| 1/1 [00:01<00:00,  1.07s/it]
Table-wired Predict:   0%|          | 0/1 [00:00<?, ?it/s]Table-wired Predict: 100%|██████████| 1/1 [00:02<00:00,  2.43s/it]Table-wired Predict: 100%|██████████| 1/1 [00:02<00:00,  2.43s/it]
OCR-det en:   0%|          | 0/35 [00:00<?, ?it/s]OCR-det en:   6%|▌         | 2/35 [00:00<00:02, 12.41it/s]OCR-det en:  11%|█▏        | 4/35 [00:00<00:05,  5.54it/s]OCR-det en:  23%|██▎       | 8/35 [00:00<00:02, 11.39it/s]OCR-det en:  31%|███▏      | 11/35 [00:00<00:01, 14.82it/s]OCR-det en:  40%|████      | 14/35 [00:01<00:01, 11.81it/s]OCR-det en:  46%|████▌     | 16/35 [00:01<00:01, 12.88it/s]OCR-det en:  51%|█████▏    | 18/35 [00:02<00:03,  5.28it/s]OCR-det en:  57%|█████▋    | 20/35 [00:02<00:02,  6.49it/s]OCR-det en:  63%|██████▎   | 22/35 [00:04<00:04,  2.99it/s]OCR-det en:  66%|██████▌   | 23/35 [00:04<00:04,  2.96it/s]OCR-det en:  69%|██████▊   | 24/35 [00:04<00:03,  3.10it/s]OCR-det en:  71%|███████▏  | 25/35 [00:04<00:03,  3.27it/s]OCR-det en:  74%|███████▍  | 26/35 [00:05<00:03,  2.77it/s]OCR-det en:  77%|███████▋  | 27/35 [00:05<00:02,  2.96it/s]OCR-det en:  80%|████████  | 28/35 [00:05<00:02,  3.31it/s]OCR-det en:  83%|████████▎ | 29/35 [00:06<00:01,  3.67it/s]OCR-det en:  86%|████████▌ | 30/35 [00:06<00:01,  3.64it/s]OCR-det en:  89%|████████▊ | 31/35 [00:06<00:00,  4.34it/s]OCR-det en:  94%|█████████▍| 33/35 [00:06<00:00,  6.45it/s]OCR-det en: 100%|██████████| 35/35 [00:06<00:00,  5.22it/s]
2026-09-30 15:51:27.699 | DEBUG    | mineru.utils.model_utils:clean_vram:214 - gc time: 0.6
Seal Predict: 0it [00:00, ?it/s]Seal Predict: 0it [00:00, ?it/s]
Processing pages:   0%|          | 0/9 [00:00<?, ?it/s]Processing pages:  22%|██▏       | 2/9 [00:00<00:00, 10.36it/s]Processing pages:  44%|████▍     | 4/9 [00:01<00:02,  1.89it/s]Processing pages:  56%|█████▌    | 5/9 [00:03<00:02,  1.38it/s]Processing pages:  67%|██████▋   | 6/9 [00:03<00:01,  1.83it/s]Processing pages:  78%|███████▊  | 7/9 [00:03<00:01,  1.60it/s]Processing pages:  89%|████████▉ | 8/9 [00:04<00:00,  1.80it/s]
OCR-rec Predict:   0%|          | 0/8 [00:00<?, ?it/s][A
OCR-rec Predict:  75%|███████▌  | 6/8 [00:00<00:00, 17.07it/s][A
OCR-rec Predict: 100%|██████████| 8/8 [00:00<00:00, 10.11it/s][AOCR-rec Predict: 100%|██████████| 8/8 [00:00<00:00, 11.12it/s]
2026-09-30 15:51:33.434 | DEBUG    | mineru.backend.pipeline.pipeline_analyze:_finalize_processing_window_context:130 - Pipeline doc ready: doc0 pages=9
Processing pages: 100%|██████████| 9/9 [00:05<00:00,  1.75it/s]
2026-09-30 15:51:33.436 | DEBUG    | mineru.backend.pipeline.pipeline_analyze:doc_analyze_streaming:320 - processing-window multi-file infer finished, cost: 73.37, speed: 0.123 page/s
2026-09-30 15:51:34.964 | INFO     | mineru.backend.pipeline.pipeline_analyze:doc_analyze_streaming:209 - Pipeline processing-window multi-file run. doc_count=1, total_pages=12, window_size=64, total_batches=1
2026-09-30 15:51:34.964 | DEBUG    | mineru.utils.pdf_image_tools:_load_images_from_pdf_bytes_range:289 - PDF image rendering uses 1 processes for pages 1-12: [(0, 11)]
2026-09-30 15:51:35.746 | INFO     | mineru.backend.pipeline.pipeline_analyze:doc_analyze_streaming:264 - Pipeline processing window batch 1/1: 12/12 pages, batch_pages=12, doc_slices=doc0:1-12
2026-09-30 15:51:35.746 | INFO     | mineru.backend.pipeline.pipeline_analyze:batch_image_analyze:364 - GPU Memory: 1 GB, Batch Ratio: 1. 
    ✓ Saved: 68. Extraction of lanthanum, cerium, and neodymium using an ionic liquid and its application to rare earth leachate derived from phosphogypsum/auto/68. Extraction of lanthanum, cerium, and neodymium using an ionic liquid and its application to rare earth leachate derived from phosphogypsum.md (56203 chars)
[66/72] ⏭ Skipped (up-to-date registry): 69. 磷石膏 GBT 23456-2018.pdf

[67/72] Parsing: 7. Chemical Soil-Biological Engineering Theoretica...
Layout Predict:   0%|          | 0/12 [00:00<?, ?it/s]Layout Predict:   8%|▊         | 1/12 [00:00<00:03,  2.89it/s]Layout Predict:  17%|█▋        | 2/12 [00:00<00:03,  3.10it/s]Layout Predict:  25%|██▌       | 3/12 [00:00<00:02,  3.12it/s]Layout Predict:  33%|███▎      | 4/12 [00:01<00:02,  3.15it/s]Layout Predict:  42%|████▏     | 5/12 [00:01<00:02,  3.17it/s]Layout Predict:  50%|█████     | 6/12 [00:01<00:01,  3.20it/s]Layout Predict:  58%|█████▊    | 7/12 [00:02<00:01,  3.22it/s]Layout Predict:  67%|██████▋   | 8/12 [00:02<00:01,  3.23it/s]Layout Predict:  75%|███████▌  | 9/12 [00:02<00:00,  3.22it/s]Layout Predict:  83%|████████▎ | 10/12 [00:03<00:00,  3.21it/s]Layout Predict:  92%|█████████▏| 11/12 [00:03<00:00,  3.21it/s]Layout Predict: 100%|██████████| 12/12 [00:03<00:00,  3.23it/s]Layout Predict: 100%|██████████| 12/12 [00:03<00:00,  3.19it/s]
2026-09-30 15:51:40.076 | DEBUG    | mineru.utils.model_utils:clean_vram:214 - gc time: 0.54
MFR Predict:   0%|          | 0/125 [00:00<?, ?it/s]MFR Predict:  13%|█▎        | 16/125 [00:05<00:39,  2.79it/s]MFR Predict:  26%|██▌       | 32/125 [00:09<00:28,  3.31it/s]MFR Predict:  38%|███▊      | 48/125 [00:13<00:20,  3.72it/s]MFR Predict:  51%|█████     | 64/125 [00:17<00:15,  3.89it/s]MFR Predict:  64%|██████▍   | 80/125 [00:21<00:11,  4.06it/s]MFR Predict:  77%|███████▋  | 96/125 [00:25<00:07,  3.91it/s]MFR Predict: 100%|██████████| 125/125 [01:13<00:00,  1.10it/s]MFR Predict: 100%|██████████| 125/125 [01:13<00:00,  1.71it/s]
2026-09-30 15:52:53.770 | DEBUG    | mineru.utils.model_utils:clean_vram:214 - gc time: 0.56
Table-ocr det:   0%|          | 0/4 [00:00<?, ?it/s]Table-ocr det:  25%|██▌       | 1/4 [00:00<00:00,  3.93it/s]Table-ocr det:  75%|███████▌  | 3/4 [00:00<00:00,  8.50it/s]Table-ocr det: 100%|██████████| 4/4 [00:00<00:00,  9.19it/s]
Table-ocr rec en:   0%|          | 0/226 [00:00<?, ?it/s]Table-ocr rec en:   3%|▎         | 6/226 [00:00<00:15, 14.38it/s]Table-ocr rec en:   5%|▌         | 12/226 [00:00<00:11, 19.33it/s]Table-ocr rec en:   8%|▊         | 18/226 [00:01<00:12, 16.41it/s]Table-ocr rec en:  11%|█         | 24/226 [00:01<00:11, 17.80it/s]Table-ocr rec en:  13%|█▎        | 30/226 [00:01<00:11, 17.67it/s]Table-ocr rec en:  16%|█▌        | 36/226 [00:02<00:10, 17.53it/s]Table-ocr rec en:  19%|█▊        | 42/226 [00:02<00:10, 17.68it/s]Table-ocr rec en:  21%|██        | 48/226 [00:03<00:13, 12.82it/s]Table-ocr rec en:  24%|██▍       | 54/226 [00:03<00:11, 14.70it/s]Table-ocr rec en:  27%|██▋       | 60/226 [00:03<00:12, 13.44it/s]Table-ocr rec en:  29%|██▉       | 66/226 [00:04<00:11, 14.31it/s]Table-ocr rec en:  32%|███▏      | 72/226 [00:04<00:09, 15.49it/s]Table-ocr rec en:  35%|███▍      | 78/226 [00:04<00:09, 15.89it/s]Table-ocr rec en:  37%|███▋      | 84/226 [00:05<00:09, 15.03it/s]Table-ocr rec en:  40%|███▉      | 90/226 [00:05<00:09, 14.29it/s]Table-ocr rec en:  42%|████▏     | 96/226 [00:06<00:08, 14.70it/s]Table-ocr rec en:  45%|████▌     | 102/226 [00:06<00:07, 16.82it/s]Table-ocr rec en:  48%|████▊     | 108/226 [00:06<00:06, 16.98it/s]Table-ocr rec en:  50%|█████     | 114/226 [00:07<00:06, 18.26it/s]Table-ocr rec en:  53%|█████▎    | 120/226 [00:07<00:06, 17.32it/s]Table-ocr rec en:  56%|█████▌    | 126/226 [00:07<00:05, 17.53it/s]Table-ocr rec en:  58%|█████▊    | 132/226 [00:08<00:05, 18.10it/s]Table-ocr rec en:  61%|██████    | 138/226 [00:08<00:04, 18.60it/s]Table-ocr rec en:  64%|██████▎   | 144/226 [00:08<00:04, 19.16it/s]Table-ocr rec en:  66%|██████▋   | 150/226 [00:09<00:05, 13.92it/s]Table-ocr rec en:  69%|██████▉   | 156/226 [00:10<00:05, 12.92it/s]Table-ocr rec en:  72%|███████▏  | 162/226 [00:10<00:04, 14.31it/s]Table-ocr rec en:  74%|███████▍  | 168/226 [00:10<00:03, 16.51it/s]Table-ocr rec en:  77%|███████▋  | 174/226 [00:10<00:03, 15.55it/s]Table-ocr rec en:  80%|███████▉  | 180/226 [00:11<00:03, 14.89it/s]Table-ocr rec en:  82%|████████▏ | 186/226 [00:11<00:02, 13.44it/s]Table-ocr rec en:  85%|████████▍ | 192/226 [00:12<00:02, 14.33it/s]Table-ocr rec en:  88%|████████▊ | 198/226 [00:12<00:02, 13.06it/s]Table-ocr rec en:  90%|█████████ | 204/226 [00:13<00:01, 14.00it/s]Table-ocr rec en:  93%|█████████▎| 210/226 [00:13<00:00, 16.27it/s]Table-ocr rec en:  96%|█████████▌| 216/226 [00:14<00:00, 14.32it/s]Table-ocr rec en:  98%|█████████▊| 222/226 [00:14<00:00, 13.20it/s]Table-ocr rec en: 100%|██████████| 226/226 [00:15<00:00, 11.04it/s]Table-ocr rec en: 100%|██████████| 226/226 [00:15<00:00, 14.95it/s]
Table-wireless Predict:   0%|          | 0/4 [00:00<?, ?it/s]Table-wireless Predict: 100%|██████████| 4/4 [00:03<00:00,  1.21it/s]Table-wireless Predict: 100%|██████████| 4/4 [00:03<00:00,  1.21it/s]
Table-wired Predict:   0%|          | 0/2 [00:00<?, ?it/s]Table-wired Predict:  50%|█████     | 1/2 [00:01<00:01,  1.15s/it]Table-wired Predict: 100%|██████████| 2/2 [00:01<00:00,  1.03it/s]Table-wired Predict: 100%|██████████| 2/2 [00:01<00:00,  1.00it/s]
OCR-det en:   0%|          | 0/36 [00:00<?, ?it/s]OCR-det en:   3%|▎         | 1/36 [00:00<00:22,  1.53it/s]OCR-det en:  11%|█         | 4/36 [00:00<00:05,  6.23it/s]OCR-det en:  17%|█▋        | 6/36 [00:01<00:04,  6.89it/s]OCR-det en:  25%|██▌       | 9/36 [00:01<00:03,  8.78it/s]OCR-det en:  31%|███       | 11/36 [00:01<00:02,  9.17it/s]OCR-det en:  36%|███▌      | 13/36 [00:01<00:03,  7.45it/s]OCR-det en:  39%|███▉      | 14/36 [00:02<00:05,  3.96it/s]OCR-det en:  44%|████▍     | 16/36 [00:03<00:05,  3.54it/s]OCR-det en:  47%|████▋     | 17/36 [00:03<00:06,  3.09it/s]OCR-det en:  50%|█████     | 18/36 [00:04<00:05,  3.32it/s]OCR-det en:  53%|█████▎    | 19/36 [00:04<00:06,  2.52it/s]OCR-det en:  56%|█████▌    | 20/36 [00:04<00:05,  3.06it/s]OCR-det en:  58%|█████▊    | 21/36 [00:06<00:10,  1.49it/s]OCR-det en:  64%|██████▍   | 23/36 [00:07<00:06,  1.88it/s]OCR-det en:  69%|██████▉   | 25/36 [00:07<00:03,  2.87it/s]OCR-det en:  75%|███████▌  | 27/36 [00:07<00:02,  3.83it/s]OCR-det en:  78%|███████▊  | 28/36 [00:09<00:04,  1.85it/s]OCR-det en:  83%|████████▎ | 30/36 [00:09<00:02,  2.19it/s]OCR-det en:  86%|████████▌ | 31/36 [00:10<00:02,  2.21it/s]OCR-det en:  89%|████████▉ | 32/36 [00:10<00:01,  2.55it/s]OCR-det en:  94%|█████████▍| 34/36 [00:10<00:00,  3.61it/s]OCR-det en: 100%|██████████| 36/36 [00:10<00:00,  3.38it/s]
2026-09-30 15:53:29.559 | DEBUG    | mineru.utils.model_utils:clean_vram:214 - gc time: 0.56
Seal Predict: 0it [00:00, ?it/s]Seal Predict: 0it [00:00, ?it/s]
Processing pages:   0%|          | 0/12 [00:00<?, ?it/s]Processing pages:   8%|▊         | 1/12 [00:00<00:06,  1.69it/s]Processing pages:  17%|█▋        | 2/12 [00:00<00:03,  3.21it/s]Processing pages:  25%|██▌       | 3/12 [00:04<00:16,  1.79s/it]Processing pages:  33%|███▎      | 4/12 [00:04<00:10,  1.28s/it]Processing pages:  42%|████▏     | 5/12 [00:04<00:06,  1.13it/s]Processing pages:  50%|█████     | 6/12 [00:05<00:04,  1.48it/s]Processing pages:  58%|█████▊    | 7/12 [00:05<00:02,  1.86it/s]Processing pages:  67%|██████▋   | 8/12 [00:05<00:01,  2.00it/s]Processing pages:  75%|███████▌  | 9/12 [00:06<00:01,  1.71it/s]Processing pages:  83%|████████▎ | 10/12 [00:06<00:00,  2.26it/s]Processing pages:  92%|█████████▏| 11/12 [00:06<00:00,  2.89it/s]
OCR-rec Predict:   0%|          | 0/15 [00:00<?, ?it/s][A
OCR-rec Predict:  40%|████      | 6/15 [00:00<00:00, 12.32it/s][A
OCR-rec Predict:  80%|████████  | 12/15 [00:00<00:00, 18.87it/s][A
OCR-rec Predict: 100%|██████████| 15/15 [00:00<00:00, 15.01it/s][AOCR-rec Predict: 100%|██████████| 15/15 [00:00<00:00, 15.24it/s]
2026-09-30 15:53:38.141 | DEBUG    | mineru.backend.pipeline.pipeline_analyze:_finalize_processing_window_context:130 - Pipeline doc ready: doc0 pages=12
Processing pages: 100%|██████████| 12/12 [00:07<00:00,  1.51it/s]
2026-09-30 15:53:38.144 | DEBUG    | mineru.backend.pipeline.pipeline_analyze:doc_analyze_streaming:320 - processing-window multi-file infer finished, cost: 123.18, speed: 0.097 page/s
2026-09-30 15:53:41.380 | INFO     | mineru.backend.pipeline.pipeline_analyze:doc_analyze_streaming:209 - Pipeline processing-window multi-file run. doc_count=1, total_pages=16, window_size=64, total_batches=1
2026-09-30 15:53:41.381 | DEBUG    | mineru.utils.pdf_image_tools:_load_images_from_pdf_bytes_range:289 - PDF image rendering uses 1 processes for pages 1-16: [(0, 15)]
2026-09-30 15:53:43.209 | INFO     | mineru.backend.pipeline.pipeline_analyze:doc_analyze_streaming:264 - Pipeline processing window batch 1/1: 16/16 pages, batch_pages=16, doc_slices=doc0:1-16
2026-09-30 15:53:43.209 | INFO     | mineru.backend.pipeline.pipeline_analyze:batch_image_analyze:364 - GPU Memory: 1 GB, Batch Ratio: 1. 
    ✓ Saved: 7. Chemical Soil-Biological Engineering Theoretical Foundations, Technical Means, and Technology for Safe Intrasoil Waste Recycling and Long-Term Higher Soil Productivity/auto/7. Chemical Soil-Biological Engineering Theoretical Foundations, Technical Means, and Technology for Safe Intrasoil Waste Recycling and Long-Term Higher Soil Productivity.md (74011 chars)
[68/72] ⏭ Skipped (up-to-date registry): 70. 石膏化学分析方法 GBT 5484-2012.pdf
[69/72] ⏭ Skipped (up-to-date registry): 71. 我国磷石膏污染特性、利用及环境管理研究.pdf
[70/72] ⏭ Skipped (up-to-date registry): 72. Comprehensive recovery of rare earth elements 
[71/72] ⏭ Skipped (up-to-date registry): 8. Exploring the potential reuse of phosphogypsum 

[72/72] Parsing: 9. Phosphogypsum circular economy considerations A...
Layout Predict:   0%|          | 0/16 [00:00<?, ?it/s]Layout Predict:   6%|▋         | 1/16 [00:00<00:05,  2.82it/s]Layout Predict:  12%|█▎        | 2/16 [00:00<00:04,  3.03it/s]Layout Predict:  19%|█▉        | 3/16 [00:00<00:04,  3.12it/s]Layout Predict:  25%|██▌       | 4/16 [00:01<00:03,  3.11it/s]Layout Predict:  31%|███▏      | 5/16 [00:01<00:03,  3.13it/s]Layout Predict:  38%|███▊      | 6/16 [00:01<00:03,  3.13it/s]Layout Predict:  44%|████▍     | 7/16 [00:02<00:02,  3.11it/s]Layout Predict:  50%|█████     | 8/16 [00:02<00:02,  3.15it/s]Layout Predict:  56%|█████▋    | 9/16 [00:02<00:02,  3.15it/s]Layout Predict:  62%|██████▎   | 10/16 [00:03<00:01,  3.16it/s]Layout Predict:  69%|██████▉   | 11/16 [00:03<00:01,  3.16it/s]Layout Predict:  75%|███████▌  | 12/16 [00:03<00:01,  3.18it/s]Layout Predict:  81%|████████▏ | 13/16 [00:04<00:00,  3.18it/s]Layout Predict:  88%|████████▊ | 14/16 [00:04<00:00,  3.18it/s]Layout Predict:  94%|█████████▍| 15/16 [00:04<00:00,  3.15it/s]Layout Predict: 100%|██████████| 16/16 [00:05<00:00,  3.14it/s]Layout Predict: 100%|██████████| 16/16 [00:05<00:00,  3.14it/s]
2026-09-30 15:53:48.890 | DEBUG    | mineru.utils.model_utils:clean_vram:214 - gc time: 0.53
MFR Predict:   0%|          | 0/188 [00:00<?, ?it/s]MFR Predict:   9%|▊         | 16/188 [00:03<00:39,  4.34it/s]MFR Predict:  17%|█▋        | 32/188 [00:07<00:35,  4.43it/s]MFR Predict:  26%|██▌       | 48/188 [00:10<00:31,  4.39it/s]MFR Predict:  34%|███▍      | 64/188 [00:15<00:29,  4.15it/s]MFR Predict:  43%|████▎     | 80/188 [00:18<00:25,  4.19it/s]MFR Predict:  51%|█████     | 96/188 [00:22<00:21,  4.26it/s]MFR Predict:  60%|█████▉    | 112/188 [00:26<00:18,  4.02it/s]MFR Predict:  68%|██████▊   | 128/188 [00:32<00:16,  3.68it/s]MFR Predict:  77%|███████▋  | 144/188 [00:37<00:12,  3.50it/s]MFR Predict:  85%|████████▌ | 160/188 [00:42<00:08,  3.43it/s]MFR Predict: 100%|██████████| 188/188 [00:56<00:00,  2.55it/s]MFR Predict: 100%|██████████| 188/188 [00:56<00:00,  3.32it/s]
2026-09-30 15:54:46.127 | DEBUG    | mineru.utils.model_utils:clean_vram:214 - gc time: 0.59
Table-ocr det:   0%|          | 0/4 [00:00<?, ?it/s]Table-ocr det:  25%|██▌       | 1/4 [00:00<00:01,  2.62it/s]Table-ocr det:  50%|█████     | 2/4 [00:00<00:00,  3.90it/s]Table-ocr det: 100%|██████████| 4/4 [00:00<00:00,  7.66it/s]Table-ocr det: 100%|██████████| 4/4 [00:00<00:00,  6.04it/s]
Table-ocr rec en:   0%|          | 0/480 [00:00<?, ?it/s]Table-ocr rec en:   1%|▏         | 6/480 [00:00<00:22, 21.54it/s]Table-ocr rec en:   2%|▎         | 12/480 [00:00<00:21, 22.28it/s]Table-ocr rec en:   4%|▍         | 18/480 [00:01<00:28, 16.28it/s]Table-ocr rec en:   5%|▌         | 24/480 [00:01<00:28, 15.83it/s]Table-ocr rec en:   6%|▋         | 30/480 [00:01<00:29, 15.26it/s]Table-ocr rec en:   8%|▊         | 36/480 [00:02<00:38, 11.68it/s]Table-ocr rec en:   9%|▉         | 42/480 [00:03<00:35, 12.36it/s]Table-ocr rec en:  10%|█         | 48/480 [00:03<00:31, 13.78it/s]Table-ocr rec en:  11%|█▏        | 54/480 [00:03<00:35, 12.08it/s]Table-ocr rec en:  12%|█▎        | 60/480 [00:04<00:31, 13.51it/s]Table-ocr rec en:  14%|█▍        | 66/480 [00:04<00:25, 16.07it/s]Table-ocr rec en:  15%|█▌        | 72/480 [00:04<00:25, 16.03it/s]Table-ocr rec en:  16%|█▋        | 78/480 [00:05<00:21, 18.83it/s]Table-ocr rec en:  18%|█▊        | 84/480 [00:05<00:29, 13.36it/s]Table-ocr rec en:  19%|█▉        | 90/480 [00:06<00:27, 13.96it/s]Table-ocr rec en:  20%|██        | 96/480 [00:06<00:26, 14.49it/s]Table-ocr rec en:  21%|██▏       | 102/480 [00:06<00:25, 14.98it/s]Table-ocr rec en:  22%|██▎       | 108/480 [00:07<00:27, 13.61it/s]Table-ocr rec en:  24%|██▍       | 114/480 [00:08<00:28, 12.70it/s]Table-ocr rec en:  25%|██▌       | 120/480 [00:08<00:26, 13.78it/s]Table-ocr rec en:  26%|██▋       | 126/480 [00:08<00:23, 14.96it/s]Table-ocr rec en:  28%|██▊       | 132/480 [00:09<00:22, 15.27it/s]Table-ocr rec en:  29%|██▉       | 138/480 [00:09<00:23, 14.31it/s]Table-ocr rec en:  30%|███       | 144/480 [00:10<00:26, 12.59it/s]Table-ocr rec en:  31%|███▏      | 150/480 [00:10<00:24, 13.33it/s]Table-ocr rec en:  32%|███▎      | 156/480 [00:11<00:26, 12.00it/s]Table-ocr rec en:  34%|███▍      | 162/480 [00:11<00:23, 13.35it/s]Table-ocr rec en:  35%|███▌      | 168/480 [00:11<00:23, 13.28it/s]Table-ocr rec en:  36%|███▋      | 174/480 [00:12<00:26, 11.72it/s]Table-ocr rec en:  38%|███▊      | 180/480 [00:12<00:21, 14.13it/s]Table-ocr rec en:  39%|███▉      | 186/480 [00:13<00:20, 14.61it/s]Table-ocr rec en:  40%|████      | 192/480 [00:13<00:17, 16.02it/s]Table-ocr rec en:  41%|████▏     | 198/480 [00:13<00:15, 18.54it/s]Table-ocr rec en:  42%|████▎     | 204/480 [00:14<00:16, 16.85it/s]Table-ocr rec en:  44%|████▍     | 210/480 [00:14<00:16, 16.28it/s]Table-ocr rec en:  45%|████▌     | 216/480 [00:15<00:19, 13.87it/s]Table-ocr rec en:  46%|████▋     | 222/480 [00:15<00:19, 13.33it/s]Table-ocr rec en:  48%|████▊     | 228/480 [00:16<00:22, 11.39it/s]Table-ocr rec en:  49%|████▉     | 234/480 [00:16<00:22, 11.09it/s]Table-ocr rec en:  50%|█████     | 240/480 [00:17<00:19, 12.44it/s]Table-ocr rec en:  51%|█████▏    | 246/480 [00:17<00:18, 12.86it/s]Table-ocr rec en:  52%|█████▎    | 252/480 [00:18<00:18, 12.58it/s]Table-ocr rec en:  54%|█████▍    | 258/480 [00:18<00:15, 14.48it/s]Table-ocr rec en:  55%|█████▌    | 264/480 [00:18<00:15, 14.33it/s]Table-ocr rec en:  56%|█████▋    | 270/480 [00:19<00:15, 13.72it/s]Table-ocr rec en:  57%|█████▊    | 276/480 [00:19<00:15, 13.01it/s]Table-ocr rec en:  59%|█████▉    | 282/480 [00:20<00:15, 12.55it/s]Table-ocr rec en:  60%|██████    | 288/480 [00:20<00:14, 13.16it/s]Table-ocr rec en:  61%|██████▏   | 294/480 [00:21<00:12, 14.51it/s]Table-ocr rec en:  62%|██████▎   | 300/480 [00:21<00:13, 13.50it/s]Table-ocr rec en:  64%|██████▍   | 306/480 [00:21<00:11, 14.93it/s]Table-ocr rec en:  65%|██████▌   | 312/480 [00:22<00:09, 17.20it/s]Table-ocr rec en:  66%|██████▋   | 318/480 [00:22<00:10, 15.92it/s]Table-ocr rec en:  68%|██████▊   | 324/480 [00:23<00:11, 13.62it/s]Table-ocr rec en:  69%|██████▉   | 330/480 [00:23<00:10, 14.40it/s]Table-ocr rec en:  70%|███████   | 336/480 [00:24<00:11, 12.19it/s]Table-ocr rec en:  71%|███████▏  | 342/480 [00:24<00:09, 14.12it/s]Table-ocr rec en:  72%|███████▎  | 348/480 [00:24<00:08, 15.97it/s]Table-ocr rec en:  74%|███████▍  | 354/480 [00:25<00:07, 16.02it/s]Table-ocr rec en:  75%|███████▌  | 360/480 [00:25<00:09, 13.08it/s]Table-ocr rec en:  76%|███████▋  | 366/480 [00:26<00:07, 14.52it/s]Table-ocr rec en:  78%|███████▊  | 372/480 [00:26<00:07, 13.68it/s]Table-ocr rec en:  79%|███████▉  | 378/480 [00:26<00:07, 14.01it/s]Table-ocr rec en:  80%|████████  | 384/480 [00:27<00:06, 14.59it/s]Table-ocr rec en:  81%|████████▏ | 390/480 [00:27<00:06, 14.51it/s]Table-ocr rec en:  82%|████████▎ | 396/480 [00:28<00:05, 14.62it/s]Table-ocr rec en:  84%|████████▍ | 402/480 [00:28<00:06, 12.96it/s]Table-ocr rec en:  85%|████████▌ | 408/480 [00:29<00:04, 14.62it/s]Table-ocr rec en:  86%|████████▋ | 414/480 [00:29<00:05, 11.82it/s]Table-ocr rec en:  88%|████████▊ | 420/480 [00:30<00:04, 13.38it/s]Table-ocr rec en:  89%|████████▉ | 426/480 [00:30<00:03, 14.05it/s]Table-ocr rec en:  90%|█████████ | 432/480 [00:30<00:03, 13.90it/s]Table-ocr rec en:  91%|█████████▏| 438/480 [00:31<00:02, 15.39it/s]Table-ocr rec en:  92%|█████████▎| 444/480 [00:31<00:02, 15.72it/s]Table-ocr rec en:  94%|█████████▍| 450/480 [00:31<00:01, 15.39it/s]Table-ocr rec en:  95%|█████████▌| 456/480 [00:32<00:01, 13.83it/s]Table-ocr rec en:  96%|█████████▋| 462/480 [00:33<00:01, 12.99it/s]Table-ocr rec en:  98%|█████████▊| 468/480 [00:33<00:00, 13.08it/s]Table-ocr rec en:  99%|█████████▉| 474/480 [00:34<00:00, 12.00it/s]Table-ocr rec en: 100%|██████████| 480/480 [00:34<00:00, 10.42it/s]Table-ocr rec en: 100%|██████████| 480/480 [00:34<00:00, 13.78it/s]
Table-wireless Predict:   0%|          | 0/4 [00:00<?, ?it/s]Table-wireless Predict: 100%|██████████| 4/4 [00:06<00:00,  1.55s/it]Table-wireless Predict: 100%|██████████| 4/4 [00:06<00:00,  1.55s/it]
Table-wired Predict:   0%|          | 0/3 [00:00<?, ?it/s]Table-wired Predict:  33%|███▎      | 1/3 [00:01<00:02,  1.44s/it]Table-wired Predict:  67%|██████▋   | 2/3 [00:08<00:04,  4.77s/it]Table-wired Predict: 100%|██████████| 3/3 [00:09<00:00,  2.97s/it]Table-wired Predict: 100%|██████████| 3/3 [00:09<00:00,  3.12s/it]
OCR-det en:   0%|          | 0/41 [00:00<?, ?it/s]OCR-det en:   2%|▏         | 1/41 [00:00<00:05,  7.85it/s]OCR-det en:  10%|▉         | 4/41 [00:00<00:02, 16.79it/s]OCR-det en:  15%|█▍        | 6/41 [00:00<00:02, 13.21it/s]OCR-det en:  22%|██▏       | 9/41 [00:00<00:01, 17.65it/s]OCR-det en:  29%|██▉       | 12/41 [00:00<00:01, 21.11it/s]OCR-det en:  37%|███▋      | 15/41 [00:01<00:02, 12.67it/s]OCR-det en:  41%|████▏     | 17/41 [00:01<00:02,  9.92it/s]OCR-det en:  46%|████▋     | 19/41 [00:02<00:03,  5.88it/s]OCR-det en:  51%|█████     | 21/41 [00:03<00:05,  3.58it/s]OCR-det en:  54%|█████▎    | 22/41 [00:03<00:06,  2.78it/s]OCR-det en:  59%|█████▊    | 24/41 [00:04<00:05,  3.09it/s]OCR-det en:  61%|██████    | 25/41 [00:04<00:05,  2.88it/s]OCR-det en:  63%|██████▎   | 26/41 [00:10<00:21,  1.44s/it]OCR-det en:  66%|██████▌   | 27/41 [00:10<00:15,  1.14s/it]OCR-det en:  71%|███████   | 29/41 [00:11<00:09,  1.27it/s]OCR-det en:  76%|███████▌  | 31/41 [00:11<00:05,  1.92it/s]OCR-det en:  80%|████████  | 33/41 [00:11<00:02,  2.71it/s]OCR-det en:  85%|████████▌ | 35/41 [00:11<00:01,  3.52it/s]OCR-det en:  93%|█████████▎| 38/41 [00:11<00:00,  4.64it/s]OCR-det en: 100%|██████████| 41/41 [00:12<00:00,  6.75it/s]OCR-det en: 100%|██████████| 41/41 [00:12<00:00,  3.40it/s]
2026-09-30 15:55:50.045 | DEBUG    | mineru.utils.model_utils:clean_vram:214 - gc time: 0.56
Seal Predict: 0it [00:00, ?it/s]Seal Predict: 0it [00:00, ?it/s]
Processing pages:   0%|          | 0/16 [00:00<?, ?it/s]Processing pages:   6%|▋         | 1/16 [00:00<00:04,  3.05it/s]Processing pages:  12%|█▎        | 2/16 [00:01<00:09,  1.45it/s]Processing pages:  19%|█▉        | 3/16 [00:01<00:06,  1.96it/s]Processing pages:  25%|██▌       | 4/16 [00:01<00:04,  2.75it/s]Processing pages:  31%|███▏      | 5/16 [00:02<00:03,  2.96it/s]Processing pages:  38%|███▊      | 6/16 [00:02<00:04,  2.15it/s]Processing pages:  44%|████▍     | 7/16 [00:02<00:03,  2.78it/s]Processing pages:  50%|█████     | 8/16 [00:03<00:04,  1.67it/s]Processing pages:  56%|█████▋    | 9/16 [00:04<00:04,  1.52it/s]Processing pages:  62%|██████▎   | 10/16 [00:05<00:04,  1.37it/s]Processing pages:  69%|██████▉   | 11/16 [00:07<00:04,  1.08it/s]Processing pages:  75%|███████▌  | 12/16 [00:07<00:03,  1.11it/s]Processing pages:  81%|████████▏ | 13/16 [00:08<00:02,  1.47it/s]Processing pages:  88%|████████▊ | 14/16 [00:08<00:01,  1.40it/s]Processing pages:  94%|█████████▍| 15/16 [00:09<00:00,  1.80it/s]Processing pages: 100%|██████████| 16/16 [00:09<00:00,  2.27it/s]
OCR-rec Predict:   0%|          | 0/24 [00:00<?, ?it/s][A
OCR-rec Predict:  25%|██▌       | 6/24 [00:00<00:01,  9.27it/s][A
OCR-rec Predict:  50%|█████     | 12/24 [00:01<00:01, 11.43it/s][A
OCR-rec Predict:  75%|███████▌  | 18/24 [00:02<00:00,  8.41it/s][A
OCR-rec Predict: 100%|██████████| 24/24 [00:02<00:00,  7.36it/s][AOCR-rec Predict: 100%|██████████| 24/24 [00:02<00:00,  8.01it/s]
2026-09-30 15:56:02.850 | DEBUG    | mineru.backend.pipeline.pipeline_analyze:_finalize_processing_window_context:130 - Pipeline doc ready: doc0 pages=16
Processing pages: 100%|██████████| 16/16 [00:12<00:00,  1.31it/s]
2026-09-30 15:56:02.854 | DEBUG    | mineru.backend.pipeline.pipeline_analyze:doc_analyze_streaming:320 - processing-window multi-file infer finished, cost: 141.47, speed: 0.113 page/s
    ✓ Saved: 9. Phosphogypsum circular economy considerations A critical review from more than 65 storage sites worldwide/auto/9. Phosphogypsum circular economy considerations A critical review from more than 65 storage sites worldwide.md (120339 chars)

========================================
Parsing Complete: 23 success, 49 skipped, 0 errors

============================================================
   PIPELINE COMPLETE
============================================================
End time: 2026-09-30 15:56:03

============================================================
 [SUCCESS] MinerU literature parsing finished cleanly!
 Final Registered Papers: 72 / 72
 Finished at: Wed Sep 30 03:56:16 PM CST 2026
============================================================
